"TurnId","ItemNo","X","Y","Name","Rate","EctPts","Food","Stone","Wood","Ore","Zinc","Horses","Textiles","Wool","Gold","Wine"
"306EAug1808","101","5","41","Lisbon          ","3","2850","0","0","0","44","3","8009","0","0","10","75"
"306EAug1808","102","5","55","Rabat           ","5","6250","0","0","1588","0","2","0","0","118","10","0"
"306EAug1808","103","13","41","Madrid          ","4","2750","113","0","5683","28","14","549","128","0","42","51"
"306EAug1808","104","23","20","London          ","2","623","835","499","0","28","3","880","0","0","5","77"
"306EAug1808","105","23","27","Paris           ","2","1727","1285","801","4266","22","3","2182","23","71","32","72"
"306EAug1808","106","28","20","Amsterdam       ","6","6975","805","624","487","117","1","4507","35","54","8","77"
"306EAug1808","107","30","49","Tunis           ","5","1518","1248","649","1070","20","13","1030","50","93","9","73"
"306EAug1808","108","35","27","Munich          ","3","3000","0","0","0","0","0","0","0","0","0","0"
"306EAug1808","109","35","40","Rome            ","4","1485","656","0","2153","21","3","1145","25","41","5","37"
"306EAug1808","110","37","16","Kopenhagen      ","4","0","0","451","2159","91","0","4892","22","106","0","194"
"306EAug1808","111","38","43","Naples          ","3","1243","1067","177","2000","21","2","979","31","82","3","47"
"306EAug1808","112","39","22","Berlin          ","4","0","0","427","2686","0","0","714","16","138","87","0"
"306EAug1808","113","41","29","Vienna          ","6","0","823","220","1774","0","0","895","0","0","7","52"
"306EAug1808","114","43","10","Karlskrona      ","6","0","0","405","63","30","0","0","0","0","29","0"
"306EAug1808","115","52","20","Warsaw          ","2","1685","5106","632","4658","84","2","7741","119","121","51","56"
"306EAug1808","116","58","6","Petersburg      ","4","995","800","205","1018","11","2","1219","38","132","9","72"
"306EAug1808","117","58","40","Istanbul        ","4","0","929","541","1070","17","1","1088","35","30","6","49"
"306EAug1808","118","58","60","Cairo           ","4","1188","0","394","2161","25","2","1157","16","105","8","39"
"306EAug1808","119","69","17","Moscow          ","4","0","1011","119","1354","8","2","1127","60","68","3","48"
"306EAug1808","131","9","84","Vera Cruz       ","5","450","0","245","0","29","7","271","19","78","20","87"
"306EAug1808","132","13","73","New Orleans     ","5","0","0","649","1497","95","8","1953","24","28","38","53"
"306EAug1808","133","22","80","Santiago de Cuba","5","187","400","433","817","16","18","831","22","78","17","69"
"306EAug1808","134","26","92","Cartagena       ","5","4","412","389","644","19","27","689","35","56","39","63"
"306EAug1808","135","35","83","Martinique      ","6","347","23","438","764","43","32","2173","26","51","34","60"
"306EAug1808","136","40","96","Belem           ","2","300","0","388","1626","46","5","1890","31","54","40","0"
"306EAug1808","141","56","79","Goa             ","6","51","0","461","0","35","25","627","0","72","34","19"
"306EAug1808","142","62","88","Trincomale      ","6","266","493","461","1691","86","10","572","24","50","27","68"
"306EAug1808","143","68","75","Calcutta        ","3","300","662","636","2075","28","6","1057","22","65","41","40"
"306EAug1808","144","75","95","Padany          ","5","271","312","395","1355","26","23","1424","24","35","16","83"
"306EAug1808","145","82","88","Saigon          ","3","264","940","477","1644","28","6","1105","38","64","140","77"
"306EAug1808","146","83","75","Haiphong        ","3","335","469","181","0","17","6","252","27","52","32","78"
"306EDec1808","101","5","41","Lisbon          ","6","5057","2748","0","1614","133","3","8009","0","0","10","75"
"306EDec1808","102","5","55","Rabat           ","3","0","0","0","0","0","2","0","0","118","0","0"
"306EDec1808","103","13","41","Madrid          ","2","0","0","0","2809","22","14","549","128","0","42","51"
"306EDec1808","104","23","20","London          ","4","623","835","0","0","28","3","690","0","0","5","0"
"306EDec1808","105","23","27","Paris           ","3","0","0","801","0","22","3","1386","23","71","32","58"
"306EDec1808","106","28","20","Amsterdam       ","3","5435","805","624","487","91","1","4507","35","54","8","49"
"306EDec1808","107","30","49","Tunis           ","3","0","0","0","0","0","13","0","50","76","0","0"
"306EDec1808","108","35","27","Munich          ","2","0","0","0","0","0","0","13000","0","0","0","0"
"306EDec1808","109","35","40","Rome            ","6","4485","656","9000","4877","110","3","6145","75","541","80","37"
"306EDec1808","110","37","16","Kopenhagen      ","5","20004","3750","451","3270","150","0","4892","336","228","63","254"
"306EDec1808","111","38","43","Naples          ","5","1243","317","177","2000","21","2","711","31","82","3","28"
"306EDec1808","112","39","22","Berlin          ","5","2571","2513","427","3886","162","0","2714","16","138","43","0"
"306EDec1808","113","41","29","Vienna          ","4","13288","823","220","1774","0","0","895","0","0","7","52"
"306EDec1808","114","43","10","Karlskrona      ","5","17817","4915","55","5188","66","0","7979","0","0","10","0"
"306EDec1808","115","52","20","Warsaw          ","5","1158","4150","260","4658","84","2","7741","119","121","51","41"
"306EDec1808","116","58","6","Petersburg      ","6","995","800","205","1018","8","2","1219","38","132","9","72"
"306EDec1808","117","58","40","Istanbul        ","2","0","929","541","1070","0","1","1088","35","30","0","0"
"306EDec1808","118","58","60","Cairo           ","2","0","0","394","2161","0","2","1157","16","105","0","0"
"306EDec1808","119","69","17","Moscow          ","6","0","1011","119","645","8","2","782","60","68","2","48"
"306EDec1808","131","9","84","Vera Cruz       ","4","450","0","166","0","29","33","271","19","68","20","46"
"306EDec1808","132","13","73","New Orleans     ","2","0","0","407","0","122","8","0","24","28","38","32"
"306EDec1808","133","22","80","Santiago de Cuba","4","187","400","433","817","16","18","831","17","78","17","69"
"306EDec1808","134","26","92","Cartagena       ","4","4","363","389","331","19","27","689","35","56","39","63"
"306EDec1808","135","35","83","Martinique      ","5","347","23","438","468","43","50","2173","26","51","48","81"
"306EDec1808","136","40","96","Belem           ","2","300","0","388","1126","46","5","1890","31","54","40","0"
"306EDec1808","141","56","79","Goa             ","4","51","0","461","0","163","50","627","0","0","89","19"
"306EDec1808","142","62","88","Trincomale      ","4","266","493","461","1691","174","27","572","24","43","14","68"
"306EDec1808","143","68","75","Calcutta        ","6","300","162","356","2175","45","6","1057","0","65","41","40"
"306EDec1808","144","75","95","Padany          ","4","0","0","0","0","0","0","0","0","0","0","0"
"306EDec1808","145","82","88","Saigon          ","6","264","940","477","1644","45","6","742","38","64","63","77"
"306EDec1808","146","83","75","Haiphong        ","4","335","469","110","0","17","5","252","27","38","32","58"
"306EFeb1808","101","5","41","Lisbon          ","6","535","1204","0","1089","3","3","2509","29","116","10","100"
"306EFeb1808","102","5","55","Rabat           ","6","0","0","578","1588","0","2","837","0","118","10","0"
"306EFeb1808","103","13","41","Madrid          ","5","1010","1199","0","2690","28","14","1067","128","208","94","78"
"306EFeb1808","104","23","20","London          ","4","725","835","499","0","28","3","1175","0","0","5","77"
"306EFeb1808","105","23","27","Paris           ","5","1275","1285","801","1789","22","3","932","30","92","84","72"
"306EFeb1808","106","28","20","Amsterdam       ","3","979","805","624","2477","28","1","643","35","54","8","77"
"306EFeb1808","107","30","49","Tunis           ","6","997","1248","649","1778","20","2","1030","50","93","9","73"
"306EFeb1808","108","35","27","Munich          ","2","0","985","467","0","0","0","930","0","0","6","83"
"306EFeb1808","109","35","40","Rome            ","3","1485","906","428","2153","21","3","1145","40","41","5","97"
"306EFeb1808","110","37","16","Kopenhagen      ","6","775","2000","451","1159","74","1","1028","22","106","12","101"
"306EFeb1808","111","38","43","Naples          ","6","1482","1067","177","2000","28","2","979","45","82","9","76"
"306EFeb1808","112","39","22","Berlin          ","5","1456","1243","427","2686","22","2","1092","21","138","87","106"
"306EFeb1808","113","41","29","Vienna          ","4","0","1022","389","1774","0","0","895","0","0","7","52"
"306EFeb1808","114","43","10","Karlskrona      ","2","562","0","405","1012","21","2","705","34","146","5","70"
"306EFeb1808","115","52","20","Warsaw          ","6","1685","3221","1082","2414","24","2","3798","55","119","25","31"
"306EFeb1808","116","58","6","Petersburg      ","3","995","800","205","1018","11","2","1219","38","132","9","72"
"306EFeb1808","117","58","40","Istanbul        ","3","975","929","541","1070","22","1","1088","35","51","6","64"
"306EFeb1808","118","58","60","Cairo           ","4","1188","919","394","2161","25","2","1157","26","105","8","39"
"306EFeb1808","119","69","17","Moscow          ","3","756","1011","426","1354","8","2","1127","60","68","8","48"
"306EFeb1808","131","9","84","Vera Cruz       ","5","491","280","245","1572","29","7","604","26","78","13","87"
"306EFeb1808","132","13","73","New Orleans     ","2","462","236","344","1309","29","8","779","32","28","11","53"
"306EFeb1808","133","22","80","Santiago de Cuba","5","330","400","433","1817","22","9","392","22","78","10","69"
"306EFeb1808","134","26","92","Cartagena       ","5","386","412","389","644","21","19","689","35","73","15","63"
"306EFeb1808","135","35","83","Martinique      ","3","0","273","438","1514","0","7","467","35","51","0","60"
"306EFeb1808","136","40","96","Belem           ","6","252","633","388","1626","23","5","701","31","54","40","74"
"306EFeb1808","141","56","79","Goa             ","3","380","181","461","924","26","17","627","32","72","34","79"
"306EFeb1808","142","62","88","Trincomale      ","3","331","493","461","1691","25","10","572","33","50","14","68"
"306EFeb1808","143","68","75","Calcutta        ","2","300","553","439","1558","27","7","800","22","74","13","54"
"306EFeb1808","144","75","95","Padany          ","5","271","312","395","1355","26","8","543","24","43","11","83"
"306EFeb1808","145","82","88","Saigon          ","2","264","668","477","1350","25","6","401","38","64","10","77"
"306EFeb1808","146","83","75","Haiphong        ","5","335","719","181","1505","21","6","357","27","52","14","78"
"306EFeb1809","101","5","41","Lisbon          ","5","5057","2548","0","4614","133","3","8009","0","0","10","75"
"306EFeb1809","102","5","55","Rabat           ","2","0","0","0","0","0","2","0","0","118","0","0"
"306EFeb1809","103","13","41","Madrid          ","3","0","0","0","2809","22","14","542","128","0","19","51"
"306EFeb1809","104","23","20","London          ","6","2124","835","0","0","25","3","690","0","0","5","0"
"306EFeb1809","105","23","27","Paris           ","3","0","0","801","0","22","3","1386","23","71","32","58"
"306EFeb1809","106","28","20","Amsterdam       ","3","5435","544","624","338","91","1","4507","35","54","8","49"
"306EFeb1809","107","30","49","Tunis           ","2","0","0","0","0","0","13","0","50","76","0","0"
"306EFeb1809","108","35","27","Munich          ","4","0","0","0","0","0","0","0","0","0","0","0"
"306EFeb1809","109","35","40","Rome            ","4","4485","4799","9517","5877","110","3","11145","75","741","80","37"
"306EFeb1809","110","37","16","Kopenhagen      ","5","21817","3750","451","7270","197","0","4892","336","175","46","187"
"306EFeb1809","111","38","43","Naples          ","4","1243","317","177","2000","21","2","711","31","82","3","28"
"306EFeb1809","112","39","22","Berlin          ","5","2571","2513","427","7886","162","0","2714","16","138","43","0"
"306EFeb1809","113","41","29","Vienna          ","2","0","0","0","0","0","0","0","0","0","0","0"
"306EFeb1809","114","43","10","Karlskrona      ","2","19572","4915","55","5188","66","0","7979","0","0","10","0"
"306EFeb1809","115","52","20","Warsaw          ","2","1158","4150","260","6658","84","2","7741","119","121","51","41"
"306EFeb1809","116","58","6","Petersburg      ","6","995","800","205","1018","7","2","1219","38","132","9","72"
"306EFeb1809","117","58","40","Istanbul        ","5","0","929","541","1070","0","1","1088","35","30","0","0"
"306EFeb1809","118","58","60","Cairo           ","5","0","0","394","2161","0","2","1157","16","105","0","0"
"306EFeb1809","119","69","17","Moscow          ","6","0","1011","119","645","8","2","1736","60","68","36","148"
"306EFeb1809","131","9","84","Vera Cruz       ","4","0","0","166","0","29","33","271","19","68","3","46"
"306EFeb1809","132","13","73","New Orleans     ","4","0","0","0","0","122","8","0","24","28","13","32"
"306EFeb1809","133","22","80","Santiago de Cuba","4","0","0","433","817","12","18","612","17","78","17","69"
"306EFeb1809","134","26","92","Cartagena       ","4","0","0","389","331","19","27","689","35","56","39","63"
"306EFeb1809","135","35","83","Martinique      ","3","347","23","438","188","43","50","2173","26","51","96","81"
"306EFeb1809","136","40","96","Belem           ","6","300","0","388","0","62","5","1890","31","54","62","0"
"306EFeb1809","141","56","79","Goa             ","4","51","0","461","0","163","65","627","0","0","68","19"
"306EFeb1809","142","62","88","Trincomale      ","4","211","493","315","1691","174","24","572","24","43","59","41"
"306EFeb1809","143","68","75","Calcutta        ","2","300","162","356","2175","96","6","4283","0","65","41","40"
"306EFeb1809","144","75","95","Padany          ","6","1024","0","0","0","20","0","0","0","0","10","0"
"306EFeb1809","145","82","88","Saigon          ","2","264","940","477","1644","96","6","4656","38","64","63","77"
"306EFeb1809","146","83","75","Haiphong        ","5","335","469","110","0","17","5","252","27","38","32","58"
"306EJan1808","101","5","41","Lisbon          ","5","535","1204","624","1089","26","3","909","29","116","10","100"
"306EJan1808","102","5","55","Rabat           ","4","1076","913","578","1588","20","2","837","44","118","10","93"
"306EJan1808","103","13","41","Madrid          ","5","1010","1199","567","2301","28","2","1067","44","106","6","78"
"306EJan1808","104","23","20","London          ","4","725","835","499","1171","28","3","1175","24","116","5","77"
"306EJan1808","105","23","27","Paris           ","6","1275","1126","476","1789","22","3","707","39","92","6","72"
"306EJan1808","106","28","20","Amsterdam       ","2","979","970","624","2477","28","1","643","35","54","8","77"
"306EJan1808","107","30","49","Tunis           ","6","997","1248","649","1778","20","2","1030","50","93","9","73"
"306EJan1808","108","35","27","Munich          ","3","1145","985","467","1965","29","1","930","57","111","6","83"
"306EJan1808","109","35","40","Rome            ","3","1485","906","428","2153","21","3","1145","40","41","5","97"
"306EJan1808","110","37","16","Kopenhagen      ","5","775","1089","451","1159","23","1","1028","22","106","10","101"
"306EJan1808","111","38","43","Naples          ","6","1482","1067","177","2000","28","2","979","45","82","9","76"
"306EJan1808","112","39","22","Berlin          ","6","1456","1090","427","2261","22","2","1092","21","138","5","106"
"306EJan1808","113","41","29","Vienna          ","2","868","1022","389","1774","23","2","895","40","42","7","52"
"306EJan1808","114","43","10","Karlskrona      ","3","562","1026","405","1012","29","2","705","34","146","7","70"
"306EJan1808","115","52","20","Warsaw          ","6","1439","976","420","1292","24","2","947","23","85","10","31"
"306EJan1808","116","58","6","Petersburg      ","3","995","800","399","1018","25","2","1013","38","132","9","57"
"306EJan1808","117","58","40","Istanbul        ","2","1143","929","541","1070","22","1","1088","35","51","6","64"
"306EJan1808","118","58","60","Cairo           ","2","1188","919","394","2161","25","2","1157","26","105","8","39"
"306EJan1808","119","69","17","Moscow          ","3","907","1011","426","1354","28","2","1127","60","68","5","48"
"306EJan1808","131","9","84","Vera Cruz       ","5","491","280","245","1572","29","7","604","26","78","13","87"
"306EJan1808","132","13","73","New Orleans     ","3","462","286","344","1309","29","8","779","32","40","11","53"
"306EJan1808","133","22","80","Santiago de Cuba","5","330","491","433","1817","22","9","392","22","78","10","69"
"306EJan1808","134","26","92","Cartagena       ","5","386","412","389","1242","21","7","689","35","73","15","63"
"306EJan1808","135","35","83","Martinique      ","2","362","273","438","1514","29","7","467","35","51","13","60"
"306EJan1808","136","40","96","Belem           ","6","252","633","388","1626","23","5","701","31","54","13","74"
"306EJan1808","141","56","79","Goa             ","3","380","466","461","1674","26","8","627","32","72","11","79"
"306EJan1808","142","62","88","Trincomale      ","3","331","493","461","1691","25","10","572","33","50","14","68"
"306EJan1808","143","68","75","Calcutta        ","3","300","553","439","1558","27","7","800","32","74","13","54"
"306EJan1808","144","75","95","Padany          ","5","271","312","395","1355","26","8","543","24","43","11","83"
"306EJan1808","145","82","88","Saigon          ","3","264","668","477","1350","25","6","401","38","64","10","77"
"306EJan1808","146","83","75","Haiphong        ","5","335","719","401","1505","21","7","357","27","52","14","78"
"306EJan1809","101","5","41","Lisbon          ","6","5057","2748","0","4614","133","3","8009","0","0","10","75"
"306EJan1809","102","5","55","Rabat           ","2","0","0","0","0","0","2","0","0","118","0","0"
"306EJan1809","103","13","41","Madrid          ","2","0","0","0","2809","22","14","549","128","0","23","51"
"306EJan1809","104","23","20","London          ","5","623","835","0","0","25","3","690","0","0","5","0"
"306EJan1809","105","23","27","Paris           ","4","0","0","801","0","22","3","1386","23","71","32","58"
"306EJan1809","106","28","20","Amsterdam       ","4","5435","805","624","338","91","1","4507","35","54","8","49"
"306EJan1809","107","30","49","Tunis           ","2","0","0","0","0","0","13","0","50","76","0","0"
"306EJan1809","108","35","27","Munich          ","3","0","0","0","0","0","0","0","0","0","0","0"
"306EJan1809","109","35","40","Rome            ","5","4485","5656","14000","4877","110","3","11145","75","541","80","37"
"306EJan1809","110","37","16","Kopenhagen      ","6","21743","3750","451","5270","150","0","4892","336","228","26","187"
"306EJan1809","111","38","43","Naples          ","4","1243","317","177","2000","21","2","711","31","82","3","28"
"306EJan1809","112","39","22","Berlin          ","6","2571","2513","427","5886","162","0","2714","16","138","43","0"
"306EJan1809","113","41","29","Vienna          ","2","13288","823","134","1774","0","0","895","0","0","7","52"
"306EJan1809","114","43","10","Karlskrona      ","4","19572","4915","55","5188","66","0","7979","0","0","10","0"
"306EJan1809","115","52","20","Warsaw          ","4","1158","4150","260","6658","84","2","7741","119","121","51","41"
"306EJan1809","116","58","6","Petersburg      ","6","995","800","205","1018","7","2","1219","38","132","9","72"
"306EJan1809","117","58","40","Istanbul        ","4","0","929","541","1070","0","1","1088","35","30","0","0"
"306EJan1809","118","58","60","Cairo           ","4","0","0","394","2161","0","2","1157","16","105","0","0"
"306EJan1809","119","69","17","Moscow          ","6","0","1011","119","645","8","2","1736","60","68","36","148"
"306EJan1809","131","9","84","Vera Cruz       ","3","450","0","166","0","29","33","271","19","68","6","46"
"306EJan1809","132","13","73","New Orleans     ","3","0","0","0","0","122","8","0","24","28","38","32"
"306EJan1809","133","22","80","Santiago de Cuba","3","187","400","433","817","12","18","612","17","78","17","69"
"306EJan1809","134","26","92","Cartagena       ","3","4","363","389","331","19","27","689","35","56","39","63"
"306EJan1809","135","35","83","Martinique      ","4","347","23","438","468","43","50","2173","26","51","96","81"
"306EJan1809","136","40","96","Belem           ","4","300","0","388","1126","46","5","1890","31","54","40","0"
"306EJan1809","141","56","79","Goa             ","5","51","0","461","0","163","48","627","0","0","68","19"
"306EJan1809","142","62","88","Trincomale      ","5","266","493","315","1691","174","27","572","24","43","14","68"
"306EJan1809","143","68","75","Calcutta        ","4","300","162","356","2175","96","6","4283","0","65","41","40"
"306EJan1809","144","75","95","Padany          ","5","1229","0","0","0","20","0","0","0","0","10","0"
"306EJan1809","145","82","88","Saigon          ","4","264","940","477","1644","96","6","6679","38","64","63","77"
"306EJan1809","146","83","75","Haiphong        ","5","335","469","110","0","17","5","252","27","38","32","58"
"306EJul1808","101","5","41","Lisbon          ","2","2850","1290","0","443","44","3","8009","29","0","10","100"
"306EJul1808","102","5","55","Rabat           ","6","2000","0","0","1588","0","2","0","0","118","10","0"
"306EJul1808","103","13","41","Madrid          ","6","1450","113","0","5683","28","14","549","128","0","42","78"
"306EJul1808","104","23","20","London          ","3","623","835","499","0","28","3","880","0","0","5","77"
"306EJul1808","105","23","27","Paris           ","2","1727","1285","801","4266","22","3","2182","30","71","32","72"
"306EJul1808","106","28","20","Amsterdam       ","5","6975","805","624","487","117","1","4507","35","54","8","77"
"306EJul1808","107","30","49","Tunis           ","6","1518","1248","649","1070","20","13","1030","50","93","9","73"
"306EJul1808","108","35","27","Munich          ","4","3000","0","0","0","0","0","0","0","0","0","0"
"306EJul1808","109","35","40","Rome            ","4","1485","656","0","2153","21","3","1145","25","41","5","37"
"306EJul1808","110","37","16","Kopenhagen      ","4","0","0","451","2159","91","0","4892","22","106","0","194"
"306EJul1808","111","38","43","Naples          ","5","1243","1067","177","2000","21","2","979","45","82","9","47"
"306EJul1808","112","39","22","Berlin          ","4","0","0","427","2686","0","0","714","21","138","87","106"
"306EJul1808","113","41","29","Vienna          ","5","0","1022","220","1774","0","0","895","0","0","7","52"
"306EJul1808","114","43","10","Karlskrona      ","5","0","0","405","63","0","0","0","0","0","0","0"
"306EJul1808","115","52","20","Warsaw          ","4","1685","5897","632","4658","84","2","7741","119","121","51","56"
"306EJul1808","116","58","6","Petersburg      ","3","995","800","205","1018","11","2","1219","38","132","9","72"
"306EJul1808","117","58","40","Istanbul        ","4","0","929","541","1070","17","1","1088","35","30","6","49"
"306EJul1808","118","58","60","Cairo           ","4","1188","825","394","2161","25","2","1157","26","105","8","39"
"306EJul1808","119","69","17","Moscow          ","3","0","1011","212","1354","8","2","1127","60","68","3","48"
"306EJul1808","131","9","84","Vera Cruz       ","4","450","0","245","0","29","7","271","19","78","20","87"
"306EJul1808","132","13","73","New Orleans     ","6","0","0","344","0","29","8","0","24","28","11","53"
"306EJul1808","133","22","80","Santiago de Cuba","4","187","400","433","817","16","18","1191","22","78","17","69"
"306EJul1808","134","26","92","Cartagena       ","4","4","412","389","644","19","27","689","35","56","39","63"
"306EJul1808","135","35","83","Martinique      ","5","763","23","438","764","43","24","2173","26","51","24","60"
"306EJul1808","136","40","96","Belem           ","3","300","0","388","1626","46","5","1890","31","54","40","0"
"306EJul1808","141","56","79","Goa             ","5","51","0","461","0","45","17","627","0","72","34","79"
"306EJul1808","142","62","88","Trincomale      ","5","331","493","461","1691","25","10","572","24","50","9","68"
"306EJul1808","143","68","75","Calcutta        ","4","300","662","636","2075","28","6","1057","22","65","41","40"
"306EJul1808","144","75","95","Padany          ","4","271","312","395","1355","26","23","1424","24","35","16","83"
"306EJul1808","145","82","88","Saigon          ","4","264","940","477","1644","28","6","1105","38","64","140","77"
"306EJul1808","146","83","75","Haiphong        ","4","335","719","181","0","17","6","357","27","52","32","78"
"306EJun1808","101","5","41","Lisbon          ","3","950","1290","0","1009","44","3","8009","29","0","10","100"
"306EJun1808","102","5","55","Rabat           ","6","2000","0","0","1588","0","2","552","0","118","10","0"
"306EJun1808","103","13","41","Madrid          ","6","1450","113","0","1183","28","14","549","128","0","94","78"
"306EJun1808","104","23","20","London          ","2","623","835","499","0","28","3","1175","0","0","5","77"
"306EJun1808","105","23","27","Paris           ","3","1727","1285","801","4266","22","3","2182","30","71","32","72"
"306EJun1808","106","28","20","Amsterdam       ","6","979","805","624","487","67","1","4507","35","54","8","77"
"306EJun1808","107","30","49","Tunis           ","6","1997","1248","649","1070","20","13","1030","50","93","9","73"
"306EJun1808","108","35","27","Munich          ","6","3000","0","0","0","0","0","0","0","0","0","0"
"306EJun1808","109","35","40","Rome            ","3","1485","656","0","2153","21","3","1145","25","41","5","37"
"306EJun1808","110","37","16","Kopenhagen      ","3","0","0","451","2159","91","0","4892","22","106","0","194"
"306EJun1808","111","38","43","Naples          ","6","1243","1067","177","2000","28","2","979","45","82","9","47"
"306EJun1808","112","39","22","Berlin          ","3","0","0","427","2686","0","0","714","21","138","87","106"
"306EJun1808","113","41","29","Vienna          ","5","0","1022","220","1774","0","0","895","0","0","7","52"
"306EJun1808","114","43","10","Karlskrona      ","4","0","0","405","63","0","0","0","0","0","0","0"
"306EJun1808","115","52","20","Warsaw          ","3","1685","5897","2035","4658","84","2","7741","119","121","51","56"
"306EJun1808","116","58","6","Petersburg      ","3","995","800","205","1018","11","2","1219","38","132","9","72"
"306EJun1808","117","58","40","Istanbul        ","5","0","929","541","1070","22","1","1088","35","36","6","49"
"306EJun1808","118","58","60","Cairo           ","5","1188","825","394","2161","25","2","1157","26","105","8","39"
"306EJun1808","119","69","17","Moscow          ","3","0","1011","212","1354","8","2","1127","60","68","3","48"
"306EJun1808","131","9","84","Vera Cruz       ","3","0","0","245","0","29","7","271","19","78","20","87"
"306EJun1808","132","13","73","New Orleans     ","4","0","0","344","0","29","8","0","24","28","11","53"
"306EJun1808","133","22","80","Santiago de Cuba","3","187","400","433","817","16","18","1191","22","78","17","69"
"306EJun1808","134","26","92","Cartagena       ","3","4","412","389","644","19","27","689","35","56","39","63"
"306EJun1808","135","35","83","Martinique      ","6","0","23","438","764","0","7","467","26","51","0","60"
"306EJun1808","136","40","96","Belem           ","2","300","0","388","1626","46","5","1890","31","54","40","0"
"306EJun1808","141","56","79","Goa             ","3","51","0","461","0","45","17","627","0","72","34","79"
"306EJun1808","142","62","88","Trincomale      ","3","331","493","461","1691","25","10","572","24","50","9","68"
"306EJun1808","143","68","75","Calcutta        ","6","300","491","636","1062","19","6","1057","22","44","41","40"
"306EJun1808","144","75","95","Padany          ","6","271","312","395","1355","26","23","1424","24","35","16","83"
"306EJun1808","145","82","88","Saigon          ","6","264","400","477","944","19","6","1105","38","64","19","77"
"306EJun1808","146","83","75","Haiphong        ","3","335","719","181","0","17","6","357","27","52","14","78"
"306EMar1808","101","5","41","Lisbon          ","5","444","1290","0","1509","44","3","5509","29","116","10","100"
"306EMar1808","102","5","55","Rabat           ","6","0","0","578","1588","0","2","837","0","118","10","0"
"306EMar1808","103","13","41","Madrid          ","5","616","1199","0","2690","28","14","1067","128","0","94","78"
"306EMar1808","104","23","20","London          ","3","725","835","499","0","28","3","1175","0","0","5","77"
"306EMar1808","105","23","27","Paris           ","4","1727","1285","801","1789","22","3","2182","30","92","32","72"
"306EMar1808","106","28","20","Amsterdam       ","4","979","805","624","487","28","1","907","35","54","8","77"
"306EMar1808","107","30","49","Tunis           ","6","1997","1248","649","1778","20","13","1030","50","93","9","73"
"306EMar1808","108","35","27","Munich          ","3","0","0","0","0","0","0","0","0","0","0","0"
"306EMar1808","109","35","40","Rome            ","4","1485","906","428","2153","21","3","1145","40","41","5","97"
"306EMar1808","110","37","16","Kopenhagen      ","4","563","2500","451","2159","91","1","4892","22","106","40","194"
"306EMar1808","111","38","43","Naples          ","5","1482","1067","177","2000","28","2","979","45","82","9","76"
"306EMar1808","112","39","22","Berlin          ","5","1456","1243","427","2686","22","2","1092","21","138","87","106"
"306EMar1808","113","41","29","Vienna          ","5","0","1022","389","1774","0","0","895","0","0","7","52"
"306EMar1808","114","43","10","Karlskrona      ","2","0","0","405","152","0","2","705","34","0","0","0"
"306EMar1808","115","52","20","Warsaw          ","5","1685","3221","1082","2414","84","2","2445","55","119","22","56"
"306EMar1808","116","58","6","Petersburg      ","3","995","800","205","1018","11","2","1219","38","132","9","72"
"306EMar1808","117","58","40","Istanbul        ","5","842","929","541","1070","22","1","1088","35","36","6","64"
"306EMar1808","118","58","60","Cairo           ","4","1188","825","394","2161","25","2","1157","26","105","8","39"
"306EMar1808","119","69","17","Moscow          ","3","756","1011","426","1354","8","2","1127","60","68","8","48"
"306EMar1808","131","9","84","Vera Cruz       ","5","491","280","245","1572","29","7","604","19","78","20","87"
"306EMar1808","132","13","73","New Orleans     ","2","0","236","344","0","29","8","0","32","28","11","53"
"306EMar1808","133","22","80","Santiago de Cuba","5","330","400","433","1817","22","18","392","22","78","17","69"
"306EMar1808","134","26","92","Cartagena       ","5","386","412","389","644","21","27","689","35","56","39","63"
"306EMar1808","135","35","83","Martinique      ","4","0","23","438","764","0","7","467","35","51","0","60"
"306EMar1808","136","40","96","Belem           ","4","252","633","388","1626","23","5","701","31","54","40","74"
"306EMar1808","141","56","79","Goa             ","2","380","181","461","924","26","17","627","32","72","34","79"
"306EMar1808","142","62","88","Trincomale      ","2","331","493","461","1691","25","10","572","33","50","14","68"
"306EMar1808","143","68","75","Calcutta        ","3","300","491","439","0","27","7","0","22","74","4","54"
"306EMar1808","144","75","95","Padany          ","5","271","312","395","1355","26","8","543","24","35","11","83"
"306EMar1808","145","82","88","Saigon          ","3","264","0","477","0","19","6","401","38","64","10","77"
"306EMar1808","146","83","75","Haiphong        ","5","335","719","181","1505","21","6","357","27","52","14","78"
"306ENov1808","101","5","41","Lisbon          ","6","5057","3000","0","1614","44","3","8009","0","0","10","75"
"306ENov1808","102","5","55","Rabat           ","3","17616","1200","4000","1588","55","2","4000","0","118","35","0"
"306ENov1808","103","13","41","Madrid          ","3","0","0","0","2809","22","14","549","128","0","42","51"
"306ENov1808","104","23","20","London          ","4","623","835","0","0","28","3","690","0","0","5","0"
"306ENov1808","105","23","27","Paris           ","2","0","0","801","0","22","3","1386","23","71","32","58"
"306ENov1808","106","28","20","Amsterdam       ","5","5435","805","624","487","117","1","4507","35","54","8","49"
"306ENov1808","107","30","49","Tunis           ","3","3913","1998","4649","1070","50","13","5030","50","76","34","0"
"306ENov1808","108","35","27","Munich          ","3","0","0","0","0","0","0","13000","0","0","0","0"
"306ENov1808","109","35","40","Rome            ","6","1485","656","6000","2877","21","3","6145","25","41","55","37"
"306ENov1808","110","37","16","Kopenhagen      ","5","17835","3750","451","5851","150","0","4892","336","228","63","254"
"306ENov1808","111","38","43","Naples          ","6","1243","317","177","2000","21","2","711","31","82","3","28"
"306ENov1808","112","39","22","Berlin          ","5","2571","2513","427","3886","162","0","2714","16","138","43","0"
"306ENov1808","113","41","29","Vienna          ","5","13288","823","220","1774","0","0","895","0","0","7","52"
"306ENov1808","114","43","10","Karlskrona      ","4","17753","4915","55","5188","91","0","7979","0","0","10","0"
"306ENov1808","115","52","20","Warsaw          ","4","1158","4150","260","4658","84","2","7741","119","121","51","41"
"306ENov1808","116","58","6","Petersburg      ","6","995","800","205","1018","8","2","1219","38","132","9","72"
"306ENov1808","117","58","40","Istanbul        ","2","0","929","541","1070","17","1","1088","35","30","6","34"
"306ENov1808","118","58","60","Cairo           ","2","1188","0","394","2161","25","2","1157","16","105","5","39"
"306ENov1808","119","69","17","Moscow          ","6","0","1011","119","645","8","2","1127","60","68","2","48"
"306ENov1808","131","9","84","Vera Cruz       ","3","450","0","166","0","29","33","271","19","68","20","62"
"306ENov1808","132","13","73","New Orleans     ","2","0","0","407","1497","122","8","1953","24","28","38","32"
"306ENov1808","133","22","80","Santiago de Cuba","3","187","400","433","817","16","18","831","17","78","17","69"
"306ENov1808","134","26","92","Cartagena       ","3","4","363","389","331","19","27","689","35","56","39","63"
"306ENov1808","135","35","83","Martinique      ","5","347","23","438","468","43","36","2173","26","51","48","81"
"306ENov1808","136","40","96","Belem           ","2","300","0","388","1126","46","5","1890","31","54","40","0"
"306ENov1808","141","56","79","Goa             ","5","51","0","461","0","107","50","627","0","0","89","19"
"306ENov1808","142","62","88","Trincomale      ","5","266","493","461","1691","121","27","572","24","43","27","68"
"306ENov1808","143","68","75","Calcutta        ","5","300","162","356","2175","28","6","1057","0","65","41","40"
"306ENov1808","144","75","95","Padany          ","2","0","0","0","0","0","0","0","0","0","0","0"
"306ENov1808","145","82","88","Saigon          ","5","264","940","477","1644","28","6","1105","38","64","63","77"
"306ENov1808","146","83","75","Haiphong        ","2","335","469","110","0","17","5","252","27","38","32","58"
"306EOct1808","101","5","41","Lisbon          ","5","2057","3000","0","0","44","3","8009","0","0","10","75"
"306EOct1808","102","5","55","Rabat           ","5","0","0","0","1588","0","2","0","0","118","10","0"
"306EOct1808","103","13","41","Madrid          ","2","2750","99","0","5683","22","14","549","128","0","42","51"
"306EOct1808","104","23","20","London          ","3","623","835","0","0","28","3","880","0","0","5","0"
"306EOct1808","105","23","27","Paris           ","3","0","0","801","0","22","3","1386","23","71","32","72"
"306EOct1808","106","28","20","Amsterdam       ","5","6975","805","624","487","117","1","4507","35","54","8","49"
"306EOct1808","107","30","49","Tunis           ","5","3913","1998","649","1070","20","13","1030","50","93","9","0"
"306EOct1808","108","35","27","Munich          ","2","0","0","0","0","0","0","13000","0","0","0","0"
"306EOct1808","109","35","40","Rome            ","5","1485","656","0","877","21","3","1145","25","41","5","37"
"306EOct1808","110","37","16","Kopenhagen      ","6","18599","3750","451","5851","141","0","4892","456","228","63","254"
"306EOct1808","111","38","43","Naples          ","4","1243","317","177","2000","21","2","711","31","82","3","28"
"306EOct1808","112","39","22","Berlin          ","6","2571","3000","427","2686","162","0","2714","16","138","39","0"
"306EOct1808","113","41","29","Vienna          ","6","13288","823","220","1774","0","0","895","0","0","7","52"
"306EOct1808","114","43","10","Karlskrona      ","5","17378","4915","55","5188","91","0","7979","0","0","10","0"
"306EOct1808","115","52","20","Warsaw          ","4","1158","4150","260","4658","84","2","7741","119","121","51","41"
"306EOct1808","116","58","6","Petersburg      ","4","995","800","205","1018","8","2","1219","38","132","9","72"
"306EOct1808","117","58","40","Istanbul        ","2","0","929","541","1070","17","1","1088","35","30","6","34"
"306EOct1808","118","58","60","Cairo           ","2","1188","0","394","2161","25","2","1157","16","105","5","39"
"306EOct1808","119","69","17","Moscow          ","4","0","1011","119","1354","8","2","1127","60","68","2","48"
"306EOct1808","131","9","84","Vera Cruz       ","3","450","0","166","0","29","33","271","19","68","20","62"
"306EOct1808","132","13","73","New Orleans     ","3","0","0","407","1497","122","8","1953","24","28","38","32"
"306EOct1808","133","22","80","Santiago de Cuba","3","187","400","433","817","16","18","831","22","78","17","69"
"306EOct1808","134","26","92","Cartagena       ","3","4","363","389","331","19","27","689","35","56","39","63"
"306EOct1808","135","35","83","Martinique      ","4","347","23","438","764","43","44","2173","26","51","48","81"
"306EOct1808","136","40","96","Belem           ","3","300","0","388","1126","46","5","1890","31","54","40","0"
"306EOct1808","141","56","79","Goa             ","4","51","0","461","0","119","43","627","0","72","64","19"
"306EOct1808","142","62","88","Trincomale      ","4","266","493","461","1691","121","30","572","24","43","27","68"
"306EOct1808","143","68","75","Calcutta        ","4","300","162","356","2175","28","6","1057","0","65","41","40"
"306EOct1808","144","75","95","Padany          ","2","271","312","395","1355","26","20","1424","24","35","16","83"
"306EOct1808","145","82","88","Saigon          ","4","264","940","477","1644","28","6","1105","38","64","63","77"
"306EOct1808","146","83","75","Haiphong        ","2","335","469","110","0","17","5","252","27","38","32","58"
"307EApr1808","101","5","41","Lisbon          ","2","0","0","0","0","19","2","0","0","0","8","0"
"307EApr1808","102","5","55","Rabat           ","6","1482","1086","578","1934","18","3","669","40","129","2","75"
"307EApr1808","103","13","41","Madrid          ","4","773","4063","567","2095","27","5","7946","50","223","40","93"
"307EApr1808","104","23","20","London          ","3","0","1180","0","0","22","3","670","0","0","6","94"
"307EApr1808","105","23","27","Paris           ","3","353","1043","799","2208","0","1","794","0","0","9","54"
"307EApr1808","106","28","20","Amsterdam       ","2","909","300","624","1084","24","6","4704","36","115","9","0"
"307EApr1808","107","30","49","Tunis           ","6","1358","1093","649","694","45","2","606","48","67","9","74"
"307EApr1808","108","35","27","Munich          ","5","0","6001","278","2375","45","1","761","0","2","81","104"
"307EApr1808","109","35","40","Rome            ","5","0","0","0","3000","78","3","0","0","42","102","0"
"307EApr1808","110","37","16","Kopenhagen      ","5","1120","852","1451","4206","21","3","4007","61","90","26","141"
"307EApr1808","111","38","43","Naples          ","5","519","2367","1377","1965","91","14","770","39","79","42","72"
"307EApr1808","112","39","22","Berlin          ","4","639","0","427","1854","0","1","948","33","79","9","97"
"307EApr1808","113","41","29","Vienna          ","3","0","782","389","2219","0","2","697","0","0","8","33"
"307EApr1808","114","43","10","Karlskrona      ","6","0","0","0","0","0","0","0","0","0","0","0"
"307EApr1808","115","52","20","Warsaw          ","2","1481","736","420","1735","16","3","1073","20","86","6","41"
"307EApr1808","116","58","6","Petersburg      ","4","1398","1086","399","2212","24","3","977","27","122","8","33"
"307EApr1808","117","58","40","Istanbul        ","4","692","1595","541","989","23","14","1179","31","155","25","66"
"307EApr1808","118","58","60","Cairo           ","5","0","530","394","1130","0","0","0","48","101","0","0"
"307EApr1808","119","69","17","Moscow          ","4","519","1000","426","2009","26","3","1066","22","92","4","53"
"307EApr1808","131","9","84","Vera Cruz       ","4","0","477","245","0","22","9","596","21","58","6","98"
"307EApr1808","132","13","73","New Orleans     ","3","0","589","344","1393","0","7","738","32","61","10","88"
"307EApr1808","133","22","80","Santiago de Cuba","4","0","616","142","768","21","13","712","31","55","23","88"
"307EApr1808","134","26","92","Cartagena       ","4","0","368","250","1081","27","8","711","39","51","12","73"
"307EApr1808","135","35","83","Martinique      ","4","0","0","2","0","0","0","113","0","0","0","0"
"307EApr1808","136","40","96","Belem           ","6","300","700","388","1455","47","14","663","20","62","56","73"
"307EApr1808","141","56","79","Goa             ","6","0","495","461","0","24","6","574","29","65","14","54"
"307EApr1808","142","62","88","Trincomale      ","6","0","738","461","0","0","7","332","33","71","9","61"
"307EApr1808","143","68","75","Calcutta        ","3","681","357","439","1149","23","33","982","33","40","34","58"
"307EApr1808","144","75","95","Padany          ","4","0","0","0","0","0","8","2336","16","0","0","0"
"307EApr1808","145","82","88","Saigon          ","3","994","419","290","1008","28","17","1059","21","46","70","83"
"307EApr1808","146","83","75","Haiphong        ","3","305","303","401","1638","21","6","417","28","53","12","67"
"307EApr1809","101","5","41","Lisbon          ","4","9000","286","4500","3077","28","2","14189","322","0","8","0"
"307EApr1809","102","5","55","Rabat           ","6","762","781","578","1934","18","3","669","19","129","74","35"
"307EApr1809","103","13","41","Madrid          ","2","0","0","0","0","27","4","0","136","223","23","93"
"307EApr1809","104","23","20","London          ","4","9000","958","0","0","106","3","670","0","0","88","72"
"307EApr1809","105","23","27","Paris           ","2","0","4463","799","0","0","9","2","0","0","4","0"
"307EApr1809","106","28","20","Amsterdam       ","2","0","125","624","643","56","30","0","22","0","4","36"
"307EApr1809","107","30","49","Tunis           ","6","3495","1498","1149","694","74","2","606","32","67","18","74"
"307EApr1809","108","35","27","Munich          ","2","0","0","278","0","0","1","0","0","2","0","104"
"307EApr1809","109","35","40","Rome            ","6","965","0","0","3000","78","3","0","0","42","23","0"
"307EApr1809","110","37","16","Kopenhagen      ","4","3120","0","4298","4445","213","3","3557","0","0","42","139"
"307EApr1809","111","38","43","Naples          ","3","15228","1867","1422","0","233","22","770","0","0","53","50"
"307EApr1809","112","39","22","Berlin          ","2","0","0","0","0","0","1","0","0","0","0","0"
"307EApr1809","113","41","29","Vienna          ","3","0","632","389","2219","96","2","0","0","0","77","33"
"307EApr1809","114","43","10","Karlskrona      ","3","0","0","0","0","0","0","0","0","0","29","33"
"307EApr1809","115","52","20","Warsaw          ","6","8916","3936","2206","7674","16","3","5073","283","86","6","199"
"307EApr1809","116","58","6","Petersburg      ","4","0","919","399","2212","19","3","906","27","122","2","48"
"307EApr1809","117","58","40","Istanbul        ","3","12500","1455","3471","1276","53","11","0","79","305","25","0"
"307EApr1809","118","58","60","Cairo           ","4","15013","530","1561","1549","244","36","0","344","0","81","0"
"307EApr1809","119","69","17","Moscow          ","4","0","1000","191","2009","23","2","1066","16","92","2","39"
"307EApr1809","131","9","84","Vera Cruz       ","2","243","368","1221","776","94","48","2499","21","58","77","98"
"307EApr1809","132","13","73","New Orleans     ","6","159","589","243","1393","0","28","738","16","55","2","88"
"307EApr1809","133","22","80","Santiago de Cuba","2","0","0","2000","1565","34","44","2124","31","55","38","111"
"307EApr1809","134","26","92","Cartagena       ","2","0","323","785","1671","26","47","1847","39","51","74","46"
"307EApr1809","135","35","83","Martinique      ","3","1901","0","737","326","32","26","1581","73","69","0","39"
"307EApr1809","136","40","96","Belem           ","4","476","700","388","1455","47","14","663","20","62","83","23"
"307EApr1809","141","56","79","Goa             ","4","0","495","461","0","24","6","425","29","38","14","54"
"307EApr1809","142","62","88","Trincomale      ","4","0","326","461","0","0","33","332","33","71","9","44"
"307EApr1809","143","68","75","Calcutta        ","4","681","357","439","2074","77","33","982","21","31","13","40"
"307EApr1809","144","75","95","Padany          ","4","105","408","0","1053","0","23","0","12","80","0","80"
"307EApr1809","145","82","88","Saigon          ","6","1972","522","102","1330","23","14","763","7","31","40","52"
"307EApr1809","146","83","75","Haiphong        ","3","0","0","0","0","28","11","0","22","53","55","117"
"307EAug1808","101","5","41","Lisbon          ","3","0","0","0","0","0","2","0","0","0","8","0"
"307EAug1808","102","5","55","Rabat           ","2","1327","781","578","1934","18","3","669","28","129","2","35"
"307EAug1808","103","13","41","Madrid          ","6","2773","4063","1567","2095","27","5","7946","50","223","40","93"
"307EAug1808","104","23","20","London          ","5","5400","1180","0","0","58","3","670","0","0","88","94"
"307EAug1808","105","23","27","Paris           ","6","4697","4463","799","2208","0","4","3","0","115","4","56"
"307EAug1808","106","28","20","Amsterdam       ","6","790","125","624","1084","36","6","0","36","0","9","0"
"307EAug1808","107","30","49","Tunis           ","2","995","1498","649","694","45","2","606","48","67","6","74"
"307EAug1808","108","35","27","Munich          ","4","0","0","278","0","0","1","0","0","2","0","104"
"307EAug1808","109","35","40","Rome            ","2","0","0","0","3000","78","3","0","0","42","64","0"
"307EAug1808","110","37","16","Kopenhagen      ","5","1120","852","3675","4456","171","3","7557","61","90","52","151"
"307EAug1808","111","38","43","Naples          ","3","28","1867","522","0","67","14","770","0","0","58","50"
"307EAug1808","112","39","22","Berlin          ","2","8700","1200","427","1854","0","1","948","22","79","9","97"
"307EAug1808","113","41","29","Vienna          ","5","0","632","389","2219","96","2","697","0","0","77","33"
"307EAug1808","114","43","10","Karlskrona      ","4","0","0","0","0","0","0","0","0","0","29","43"
"307EAug1808","115","52","20","Warsaw          ","5","64","736","420","1167","16","3","1073","20","86","6","41"
"307EAug1808","116","58","6","Petersburg      ","4","1398","919","399","2212","19","3","1183","27","122","2","48"
"307EAug1808","117","58","40","Istanbul        ","2","1834","1595","541","989","53","14","0","131","155","25","0"
"307EAug1808","118","58","60","Cairo           ","3","675","530","261","249","67","0","0","0","0","58","0"
"307EAug1808","119","69","17","Moscow          ","4","642","1000","191","2009","26","3","1066","22","92","7","53"
"307EAug1808","131","9","84","Vera Cruz       ","3","0","410","245","0","31","23","0","21","58","35","98"
"307EAug1808","132","13","73","New Orleans     ","6","210","589","649","1393","0","19","738","24","55","2","88"
"307EAug1808","133","22","80","Santiago de Cuba","3","0","0","0","1190","34","27","0","31","55","38","111"
"307EAug1808","134","26","92","Cartagena       ","3","0","368","887","546","44","22","0","39","51","28","73"
"307EAug1808","135","35","83","Martinique      ","6","0","0","737","726","0","8","2233","50","35","0","50"
"307EAug1808","136","40","96","Belem           ","2","476","700","388","1455","47","14","663","20","62","83","73"
"307EAug1808","141","56","79","Goa             ","4","150","495","461","0","24","6","574","29","65","14","54"
"307EAug1808","142","62","88","Trincomale      ","4","150","626","461","0","9","33","332","33","71","9","44"
"307EAug1808","143","68","75","Calcutta        ","4","681","357","439","274","23","33","982","33","40","34","40"
"307EAug1808","144","75","95","Padany          ","3","1400","480","0","789","35","23","2336","16","80","53","0"
"307EAug1808","145","82","88","Saigon          ","4","877","372","290","1008","23","14","1059","15","34","70","52"
"307EAug1808","146","83","75","Haiphong        ","6","305","303","401","1059","21","6","316","28","43","103","67"
"307EDec1808","101","5","41","Lisbon          ","5","9000","286","0","490","28","2","0","0","0","8","0"
"307EDec1808","102","5","55","Rabat           ","4","954","781","578","1934","18","3","669","19","129","74","35"
"307EDec1808","103","13","41","Madrid          ","4","10475","3885","4960","7116","27","4","16370","136","223","23","93"
"307EDec1808","104","23","20","London          ","6","0","958","0","0","58","3","670","0","0","88","94"
"307EDec1808","105","23","27","Paris           ","3","9577","4463","799","2208","0","12","2","342","115","4","56"
"307EDec1808","106","28","20","Amsterdam       ","4","0","125","624","929","56","30","0","36","0","9","49"
"307EDec1808","107","30","49","Tunis           ","4","3495","1498","1149","694","45","2","606","48","67","6","74"
"307EDec1808","108","35","27","Munich          ","4","0","0","278","0","0","1","0","0","2","0","104"
"307EDec1808","109","35","40","Rome            ","3","0","0","0","3000","78","3","0","0","42","64","0"
"307EDec1808","110","37","16","Kopenhagen      ","2","3120","852","4298","4456","321","3","7557","61","75","77","151"
"307EDec1808","111","38","43","Naples          ","4","11428","1867","522","0","249","14","770","0","0","98","50"
"307EDec1808","112","39","22","Berlin          ","6","22000","2000","0","3000","0","1","0","0","0","58","48"
"307EDec1808","113","41","29","Vienna          ","2","0","632","389","2219","96","2","0","0","0","77","33"
"307EDec1808","114","43","10","Karlskrona      ","2","0","0","0","0","0","0","0","0","0","29","43"
"307EDec1808","115","52","20","Warsaw          ","6","5064","3736","420","12374","16","3","1073","16","86","6","41"
"307EDec1808","116","58","6","Petersburg      ","3","0","919","399","2212","19","3","906","27","122","2","48"
"307EDec1808","117","58","40","Istanbul        ","3","8500","1455","3040","276","53","14","0","131","305","25","0"
"307EDec1808","118","58","60","Cairo           ","4","11475","530","661","249","249","0","0","0","0","45","0"
"307EDec1808","119","69","17","Moscow          ","3","0","1000","191","2009","23","3","1066","16","92","4","53"
"307EDec1808","131","9","84","Vera Cruz       ","4","300","368","2149","1500","94","48","3300","21","58","77","98"
"307EDec1808","132","13","73","New Orleans     ","2","159","589","649","1393","0","28","738","24","55","2","88"
"307EDec1808","133","22","80","Santiago de Cuba","4","0","0","2000","1565","34","44","3300","31","55","38","111"
"307EDec1808","134","26","92","Cartagena       ","4","0","368","1887","1671","33","47","2750","39","51","74","73"
"307EDec1808","135","35","83","Martinique      ","2","1901","0","737","326","32","26","1581","73","69","0","39"
"307EDec1808","136","40","96","Belem           ","3","476","700","388","1455","47","14","663","20","62","83","23"
"307EDec1808","141","56","79","Goa             ","4","0","495","461","0","24","6","574","29","48","14","54"
"307EDec1808","142","62","88","Trincomale      ","4","150","326","461","0","0","33","332","33","71","9","44"
"307EDec1808","143","68","75","Calcutta        ","6","681","357","439","1674","23","33","982","21","40","34","40"
"307EDec1808","144","75","95","Padany          ","3","105","408","0","2089","35","23","2336","12","80","53","80"
"307EDec1808","145","82","88","Saigon          ","6","2677","372","290","1428","23","14","1059","10","31","40","52"
"307EDec1808","146","83","75","Haiphong        ","3","243","262","401","1225","35","11","661","22","43","55","117"
"307EFeb1809","101","5","41","Lisbon          ","6","9000","286","0","3077","28","2","6689","646","0","8","0"
"307EFeb1809","102","5","55","Rabat           ","6","762","781","578","1934","18","3","669","19","129","74","35"
"307EFeb1809","103","13","41","Madrid          ","3","9096","2385","4960","7116","27","4","16370","136","223","23","93"
"307EFeb1809","104","23","20","London          ","4","9000","958","0","0","106","3","670","0","0","88","94"
"307EFeb1809","105","23","27","Paris           ","3","7258","4463","799","2208","0","10","2","342","115","4","56"
"307EFeb1809","106","28","20","Amsterdam       ","4","1011","125","624","643","56","30","0","36","0","4","36"
"307EFeb1809","107","30","49","Tunis           ","6","3495","1498","1149","694","45","2","606","32","67","6","74"
"307EFeb1809","108","35","27","Munich          ","4","0","0","278","0","0","1","0","0","2","0","104"
"307EFeb1809","109","35","40","Rome            ","4","1193","0","0","3000","78","3","0","0","42","23","0"
"307EFeb1809","110","37","16","Kopenhagen      ","3","3120","0","4298","4445","213","3","3557","0","0","77","139"
"307EFeb1809","111","38","43","Naples          ","6","15228","1867","1422","0","235","20","770","0","0","98","50"
"307EFeb1809","112","39","22","Berlin          ","4","30000","1610","0","3000","0","1","0","0","0","73","22"
"307EFeb1809","113","41","29","Vienna          ","2","0","632","389","2219","96","2","0","0","0","77","33"
"307EFeb1809","114","43","10","Karlskrona      ","3","0","0","0","0","0","0","0","0","0","29","33"
"307EFeb1809","115","52","20","Warsaw          ","6","6216","3736","206","7302","16","3","1073","380","86","6","199"
"307EFeb1809","116","58","6","Petersburg      ","5","0","919","399","2212","19","3","906","27","122","2","48"
"307EFeb1809","117","58","40","Istanbul        ","3","12500","1455","3040","276","53","14","0","79","305","25","0"
"307EFeb1809","118","58","60","Cairo           ","6","13013","530","1561","249","243","24","0","500","0","81","0"
"307EFeb1809","119","69","17","Moscow          ","5","0","1000","191","2009","23","2","1066","16","92","4","39"
"307EFeb1809","131","9","84","Vera Cruz       ","4","300","368","1221","1500","94","48","2499","21","58","77","98"
"307EFeb1809","132","13","73","New Orleans     ","3","159","589","243","1393","0","28","738","16","55","2","88"
"307EFeb1809","133","22","80","Santiago de Cuba","4","0","0","2000","1565","34","44","3300","31","55","38","111"
"307EFeb1809","134","26","92","Cartagena       ","4","0","323","785","1671","33","47","2750","39","51","74","46"
"307EFeb1809","135","35","83","Martinique      ","3","1901","0","737","326","32","26","1581","73","69","0","39"
"307EFeb1809","136","40","96","Belem           ","5","476","700","388","1455","47","14","663","20","62","83","23"
"307EFeb1809","141","56","79","Goa             ","3","0","495","461","0","24","6","425","29","38","14","54"
"307EFeb1809","142","62","88","Trincomale      ","3","150","326","461","0","0","33","332","33","71","9","44"
"307EFeb1809","143","68","75","Calcutta        ","3","681","357","439","2074","77","33","982","21","31","13","40"
"307EFeb1809","144","75","95","Padany          ","2","105","408","0","2089","0","23","0","12","80","0","80"
"307EFeb1809","145","82","88","Saigon          ","3","2677","522","290","2028","23","14","763","7","31","40","52"
"307EFeb1809","146","83","75","Haiphong        ","3","0","0","0","0","35","11","0","22","43","55","117"
"307EJan1808","101","5","41","Lisbon          ","2","1355","880","624","2280","23","2","1058","51","46","8","78"
"307EJan1808","102","5","55","Rabat           ","4","1482","1086","578","1934","21","3","669","40","129","6","75"
"307EJan1808","103","13","41","Madrid          ","5","773","1213","567","2095","27","3","1001","50","121","5","93"
"307EJan1808","104","23","20","London          ","2","516","1180","499","1663","22","3","917","58","89","9","94"
"307EJan1808","105","23","27","Paris           ","2","1373","884","476","2208","25","1","794","34","139","9","71"
"307EJan1808","106","28","20","Amsterdam       ","5","909","856","624","1084","24","3","654","36","140","9","104"
"307EJan1808","107","30","49","Tunis           ","5","1358","863","649","1328","25","2","606","48","67","9","74"
"307EJan1808","108","35","27","Munich          ","6","875","922","467","1950","22","1","761","34","122","9","104"
"307EJan1808","109","35","40","Rome            ","2","815","817","428","2199","21","3","1066","28","145","5","81"
"307EJan1808","110","37","16","Kopenhagen      ","5","1120","852","451","2456","25","3","776","35","90","10","74"
"307EJan1808","111","38","43","Naples          ","6","519","1167","177","1140","21","3","770","39","79","6","72"
"307EJan1808","112","39","22","Berlin          ","3","639","846","427","1854","23","1","948","33","79","9","97"
"307EJan1808","113","41","29","Vienna          ","3","633","782","389","2219","24","2","697","52","59","8","33"
"307EJan1808","114","43","10","Karlskrona      ","2","1463","956","405","2306","21","2","1101","37","98","6","59"
"307EJan1808","115","52","20","Warsaw          ","3","1481","1069","420","1735","21","3","1073","30","86","6","41"
"307EJan1808","116","58","6","Petersburg      ","2","1398","1226","399","2212","24","3","977","27","142","8","33"
"307EJan1808","117","58","40","Istanbul        ","6","795","857","541","1564","23","2","969","31","87","5","66"
"307EJan1808","118","58","60","Cairo           ","2","1035","930","394","1130","23","2","860","48","124","9","45"
"307EJan1808","119","69","17","Moscow          ","2","519","1000","426","2009","26","3","1066","44","92","6","53"
"307EJan1808","131","9","84","Vera Cruz       ","4","491","559","245","1718","22","9","596","28","58","13","98"
"307EJan1808","132","13","73","New Orleans     ","2","354","589","344","1393","22","9","738","32","61","10","88"
"307EJan1808","133","22","80","Santiago de Cuba","4","260","695","433","1610","26","10","712","31","55","12","88"
"307EJan1808","134","26","92","Cartagena       ","4","377","368","389","1081","27","8","711","39","51","12","73"
"307EJan1808","135","35","83","Martinique      ","4","362","558","438","1766","30","9","551","28","46","12","89"
"307EJan1808","136","40","96","Belem           ","4","350","700","388","1455","24","6","574","20","62","11","73"
"307EJan1808","141","56","79","Goa             ","2","425","728","461","1509","24","6","574","29","65","14","84"
"307EJan1808","142","62","88","Trincomale      ","2","400","738","461","1738","29","10","532","33","71","13","61"
"307EJan1808","143","68","75","Calcutta        ","6","255","357","439","1149","23","10","502","33","40","11","56"
"307EJan1808","144","75","95","Padany          ","3","353","725","395","1411","24","8","637","21","65","12","80"
"307EJan1808","145","82","88","Saigon          ","6","394","419","477","1008","28","6","796","29","46","12","53"
"307EJan1808","146","83","75","Haiphong        ","3","305","303","401","1638","28","6","417","28","53","12","95"
"307EJan1809","101","5","41","Lisbon          ","6","9000","286","0","490","28","2","0","0","0","8","0"
"307EJan1809","102","5","55","Rabat           ","5","762","781","578","1934","18","3","669","19","129","74","35"
"307EJan1809","103","13","41","Madrid          ","5","10475","2385","4960","7116","27","4","16370","136","223","23","93"
"307EJan1809","104","23","20","London          ","6","9000","958","0","0","106","3","670","0","0","88","94"
"307EJan1809","105","23","27","Paris           ","4","7258","4463","799","2208","0","10","2","342","115","4","56"
"307EJan1809","106","28","20","Amsterdam       ","5","0","125","624","929","56","30","0","36","0","4","36"
"307EJan1809","107","30","49","Tunis           ","5","3495","1498","1149","694","45","2","606","48","67","6","74"
"307EJan1809","108","35","27","Munich          ","5","0","0","278","0","0","1","0","0","2","0","104"
"307EJan1809","109","35","40","Rome            ","5","0","0","0","3000","78","3","0","0","42","23","0"
"307EJan1809","110","37","16","Kopenhagen      ","2","3120","352","4298","4456","321","3","5557","61","25","77","151"
"307EJan1809","111","38","43","Naples          ","5","12928","1867","1422","0","249","20","770","0","0","98","50"
"307EJan1809","112","39","22","Berlin          ","6","27000","1610","0","3000","0","1","0","0","0","73","35"
"307EJan1809","113","41","29","Vienna          ","2","0","632","389","2219","96","2","0","0","0","77","33"
"307EJan1809","114","43","10","Karlskrona      ","2","0","0","0","0","0","0","0","0","0","29","33"
"307EJan1809","115","52","20","Warsaw          ","5","6064","3736","420","7302","16","3","1073","336","86","6","191"
"307EJan1809","116","58","6","Petersburg      ","3","0","919","399","2212","19","3","906","27","122","2","48"
"307EJan1809","117","58","40","Istanbul        ","2","12500","1455","3040","276","53","14","0","131","305","25","0"
"307EJan1809","118","58","60","Cairo           ","5","13175","530","1561","249","297","24","0","0","0","60","0"
"307EJan1809","119","69","17","Moscow          ","3","0","1000","191","2009","23","3","1066","16","92","4","39"
"307EJan1809","131","9","84","Vera Cruz       ","4","300","368","2149","1500","94","48","3300","21","58","77","98"
"307EJan1809","132","13","73","New Orleans     ","2","159","589","243","1393","0","28","738","24","55","2","88"
"307EJan1809","133","22","80","Santiago de Cuba","4","0","0","2000","1565","34","44","3300","31","55","38","111"
"307EJan1809","134","26","92","Cartagena       ","4","0","323","785","1671","33","47","2750","39","51","74","46"
"307EJan1809","135","35","83","Martinique      ","4","1901","0","737","326","32","26","1581","73","69","0","39"
"307EJan1809","136","40","96","Belem           ","4","476","700","388","1455","47","14","663","20","62","83","23"
"307EJan1809","141","56","79","Goa             ","3","0","495","461","0","24","6","425","29","48","14","54"
"307EJan1809","142","62","88","Trincomale      ","3","150","326","461","0","0","33","332","33","71","9","44"
"307EJan1809","143","68","75","Calcutta        ","4","681","357","439","2074","77","33","982","21","40","34","40"
"307EJan1809","144","75","95","Padany          ","2","105","408","0","2089","35","23","2336","12","80","53","80"
"307EJan1809","145","82","88","Saigon          ","4","2677","522","290","2028","23","14","763","7","31","40","52"
"307EJan1809","146","83","75","Haiphong        ","2","243","262","401","1225","35","11","661","22","43","55","117"
"307EJul1808","101","5","41","Lisbon          ","3","0","0","0","0","0","2","0","0","0","8","0"
"307EJul1808","102","5","55","Rabat           ","3","1327","781","578","1934","18","3","669","28","129","2","35"
"307EJul1808","103","13","41","Madrid          ","5","2773","4063","1567","2095","27","5","7946","50","223","40","93"
"307EJul1808","104","23","20","London          ","6","5400","1180","0","0","58","3","670","0","0","88","94"
"307EJul1808","105","23","27","Paris           ","5","3959","4463","799","2208","0","1","3","0","115","4","56"
"307EJul1808","106","28","20","Amsterdam       ","5","909","125","624","1084","0","6","0","36","0","9","0"
"307EJul1808","107","30","49","Tunis           ","3","995","1498","649","694","45","2","606","48","67","9","74"
"307EJul1808","108","35","27","Munich          ","2","2000","0","278","2375","45","1","761","0","2","81","104"
"307EJul1808","109","35","40","Rome            ","2","0","0","0","3000","78","3","0","0","42","64","0"
"307EJul1808","110","37","16","Kopenhagen      ","6","1120","852","3651","4206","121","3","7357","61","90","95","151"
"307EJul1808","111","38","43","Naples          ","2","28","2367","522","0","79","14","770","0","0","58","72"
"307EJul1808","112","39","22","Berlin          ","4","8697","1200","427","1854","0","1","948","33","79","9","97"
"307EJul1808","113","41","29","Vienna          ","6","0","632","389","2219","0","2","697","0","0","77","33"
"307EJul1808","114","43","10","Karlskrona      ","5","0","0","0","0","0","0","0","0","0","29","43"
"307EJul1808","115","52","20","Warsaw          ","4","64","736","420","1167","16","3","1073","20","86","6","41"
"307EJul1808","116","58","6","Petersburg      ","5","1398","919","399","2212","19","3","1183","27","122","2","48"
"307EJul1808","117","58","40","Istanbul        ","3","584","1595","541","989","53","14","1179","131","155","25","66"
"307EJul1808","118","58","60","Cairo           ","2","675","930","261","249","67","0","0","0","0","58","0"
"307EJul1808","119","69","17","Moscow          ","5","654","1000","191","2009","26","3","1066","22","92","7","53"
"307EJul1808","131","9","84","Vera Cruz       ","2","0","410","245","1477","31","23","1780","21","58","35","98"
"307EJul1808","132","13","73","New Orleans     ","5","0","589","344","1393","0","19","738","24","61","4","88"
"307EJul1808","133","22","80","Santiago de Cuba","2","0","616","1416","1190","34","27","1682","31","55","38","111"
"307EJul1808","134","26","92","Cartagena       ","2","0","368","887","1292","44","22","1599","39","51","28","73"
"307EJul1808","135","35","83","Martinique      ","6","0","0","702","1000","0","8","2213","0","0","0","50"
"307EJul1808","136","40","96","Belem           ","2","1076","700","388","1455","47","14","663","20","62","83","73"
"307EJul1808","141","56","79","Goa             ","3","150","495","461","0","24","6","574","29","65","14","54"
"307EJul1808","142","62","88","Trincomale      ","3","150","626","461","0","9","40","332","33","71","9","61"
"307EJul1808","143","68","75","Calcutta        ","3","681","357","439","1149","23","33","982","33","40","34","40"
"307EJul1808","144","75","95","Padany          ","5","1400","0","0","0","35","23","2336","16","80","53","0"
"307EJul1808","145","82","88","Saigon          ","3","877","372","290","1008","23","17","1059","15","34","70","52"
"307EJul1808","146","83","75","Haiphong        ","6","305","303","401","1059","21","6","316","28","53","12","67"
"307EJul1809","101","5","41","Lisbon          ","4","9000","286","4500","3077","28","2","14189","0","0","8","0"
"307EJul1809","102","5","55","Rabat           ","4","4362","781","578","1088","18","3","669","19","107","74","35"
"307EJul1809","103","13","41","Madrid          ","2","0","0","0","0","27","4","0","136","223","23","0"
"307EJul1809","104","23","20","London          ","2","6929","958","0","0","81","3","670","0","0","88","72"
"307EJul1809","105","23","27","Paris           ","3","0","0","0","0","0","8","2","0","0","4","0"
"307EJul1809","106","28","20","Amsterdam       ","5","0","0","0","0","0","0","0","0","0","4","0"
"307EJul1809","107","30","49","Tunis           ","4","6295","1498","1149","694","274","46","606","32","67","58","74"
"307EJul1809","108","35","27","Munich          ","3","0","0","0","0","0","1","0","0","2","0","104"
"307EJul1809","109","35","40","Rome            ","2","6365","0","0","3000","78","3","0","0","42","23","0"
"307EJul1809","110","37","16","Kopenhagen      ","5","14120","0","4358","5145","243","3","8557","0","0","81","92"
"307EJul1809","111","38","43","Naples          ","3","15228","1867","1422","0","0","22","770","0","0","53","37"
"307EJul1809","112","39","22","Berlin          ","5","0","0","0","0","0","1","0","0","0","0","0"
"307EJul1809","113","41","29","Vienna          ","3","0","632","389","2219","0","2","0","0","0","45","33"
"307EJul1809","114","43","10","Karlskrona      ","5","0","0","0","0","0","0","0","0","0","29","22"
"307EJul1809","115","52","20","Warsaw          ","3","8916","3936","2206","3996","16","3","3090","217","86","6","199"
"307EJul1809","116","58","6","Petersburg      ","3","0","919","399","2212","19","3","663","27","122","2","48"
"307EJul1809","117","58","40","Istanbul        ","3","16092","1455","2927","1276","53","11","0","79","305","25","0"
"307EJul1809","118","58","60","Cairo           ","4","19013","530","1561","1549","0","36","0","265","0","77","0"
"307EJul1809","119","69","17","Moscow          ","3","0","1000","191","2009","23","2","728","16","92","2","26"
"307EJul1809","131","9","84","Vera Cruz       ","4","0","368","0","0","94","48","0","21","58","46","98"
"307EJul1809","132","13","73","New Orleans     ","4","159","589","243","1393","0","19","738","16","55","2","88"
"307EJul1809","133","22","80","Santiago de Cuba","4","0","0","0","0","34","44","0","31","44","38","68"
"307EJul1809","134","26","92","Cartagena       ","4","0","323","0","0","18","47","0","39","51","74","46"
"307EJul1809","135","35","83","Martinique      ","2","796","0","737","0","32","18","1581","0","0","0","0"
"307EJul1809","136","40","96","Belem           ","2","476","700","388","1455","47","14","663","20","62","83","23"
"307EJul1809","141","56","79","Goa             ","5","400","363","461","3000","48","15","425","29","38","5","54"
"307EJul1809","142","62","88","Trincomale      ","5","1452","326","317","3000","207","48","332","0","71","9","44"
"307EJul1809","143","68","75","Calcutta        ","5","0","357","439","2074","77","33","982","21","31","13","40"
"307EJul1809","144","75","95","Padany          ","6","105","408","0","1053","0","23","0","12","57","0","80"
"307EJul1809","145","82","88","Saigon          ","5","1972","522","102","739","23","14","763","7","31","40","52"
"307EJul1809","146","83","75","Haiphong        ","4","0","800","2000","2002","28","9","8248","22","42","79","117"
"307EJun1808","101","5","41","Lisbon          ","2","0","0","0","0","19","2","0","0","0","8","0"
"307EJun1808","102","5","55","Rabat           ","4","1482","932","578","1934","18","3","669","28","129","2","57"
"307EJun1808","103","13","41","Madrid          ","4","773","4063","567","2095","27","5","7946","50","223","40","93"
"307EJun1808","104","23","20","London          ","6","5400","1180","0","0","22","3","670","0","0","6","94"
"307EJun1808","105","23","27","Paris           ","4","3808","3143","799","2208","0","1","4","0","0","4","54"
"307EJun1808","106","28","20","Amsterdam       ","4","909","125","624","1084","0","6","0","36","0","9","0"
"307EJun1808","107","30","49","Tunis           ","4","995","1843","649","694","45","2","606","48","67","9","74"
"307EJun1808","108","35","27","Munich          ","3","2000","0","278","2375","45","1","761","0","2","81","104"
"307EJun1808","109","35","40","Rome            ","3","0","0","0","3000","78","3","0","0","42","64","0"
"307EJun1808","110","37","16","Kopenhagen      ","6","1120","852","2151","4206","121","3","6507","61","90","56","151"
"307EJun1808","111","38","43","Naples          ","4","0","2367","522","0","79","14","770","0","0","42","72"
"307EJun1808","112","39","22","Berlin          ","6","639","0","427","1854","0","1","948","33","79","9","97"
"307EJun1808","113","41","29","Vienna          ","5","0","632","389","2219","0","2","697","0","0","5","33"
"307EJun1808","114","43","10","Karlskrona      ","6","0","0","0","0","0","0","0","0","0","29","43"
"307EJun1808","115","52","20","Warsaw          ","2","1481","736","420","1735","16","3","1073","20","86","6","41"
"307EJun1808","116","58","6","Petersburg      ","6","1398","919","399","2212","24","3","977","27","122","4","33"
"307EJun1808","117","58","40","Istanbul        ","3","584","1595","541","989","53","14","1179","31","155","25","66"
"307EJun1808","118","58","60","Cairo           ","4","635","530","261","249","67","0","0","0","0","26","0"
"307EJun1808","119","69","17","Moscow          ","6","447","1000","286","2009","26","3","1066","22","92","4","53"
"307EJun1808","131","9","84","Vera Cruz       ","4","0","477","245","1477","39","23","1780","21","58","35","98"
"307EJun1808","132","13","73","New Orleans     ","4","0","589","344","1393","0","7","738","32","61","10","88"
"307EJun1808","133","22","80","Santiago de Cuba","4","0","616","1416","1190","34","27","1682","31","55","38","111"
"307EJun1808","134","26","92","Cartagena       ","4","0","368","887","1292","44","22","1599","39","51","28","73"
"307EJun1808","135","35","83","Martinique      ","5","0","0","2","1000","0","8","2113","0","0","0","50"
"307EJun1808","136","40","96","Belem           ","4","1076","700","388","1455","47","14","663","20","62","83","73"
"307EJun1808","141","56","79","Goa             ","4","150","495","461","0","24","6","574","29","65","14","54"
"307EJun1808","142","62","88","Trincomale      ","4","150","738","461","0","10","40","332","33","71","9","61"
"307EJun1808","143","68","75","Calcutta        ","3","681","357","439","1149","23","33","982","33","40","34","40"
"307EJun1808","144","75","95","Padany          ","6","1400","0","0","0","0","8","2336","16","0","36","0"
"307EJun1808","145","82","88","Saigon          ","3","994","372","290","1008","23","17","1059","15","34","70","83"
"307EJun1808","146","83","75","Haiphong        ","4","305","303","401","1638","21","6","316","28","53","12","67"
"307EMar1808","101","5","41","Lisbon          ","2","0","880","424","1210","19","2","1058","0","0","8","16"
"307EMar1808","102","5","55","Rabat           ","5","1482","1086","578","1934","18","3","669","40","129","2","75"
"307EMar1808","103","13","41","Madrid          ","6","773","1213","567","2095","27","6","3891","50","223","40","93"
"307EMar1808","104","23","20","London          ","2","0","1180","0","1663","22","3","917","0","0","6","94"
"307EMar1808","105","23","27","Paris           ","2","338","1043","801","2208","0","1","794","0","0","9","54"
"307EMar1808","106","28","20","Amsterdam       ","2","909","4506","624","1084","24","6","4704","36","115","9","104"
"307EMar1808","107","30","49","Tunis           ","5","1358","1093","649","694","45","2","606","48","67","9","74"
"307EMar1808","108","35","27","Munich          ","4","1051","6000","467","2375","45","1","761","0","2","81","104"
"307EMar1808","109","35","40","Rome            ","6","0","0","0","0","0","3","0","0","42","5","0"
"307EMar1808","110","37","16","Kopenhagen      ","5","1120","852","1451","3706","25","3","4007","61","90","26","141"
"307EMar1808","111","38","43","Naples          ","5","519","2367","1377","1965","91","14","770","39","79","42","72"
"307EMar1808","112","39","22","Berlin          ","3","639","0","427","1854","0","1","948","33","79","9","97"
"307EMar1808","113","41","29","Vienna          ","2","633","782","389","2219","19","2","697","33","50","8","33"
"307EMar1808","114","43","10","Karlskrona      ","4","0","0","0","0","0","0","0","0","0","0","0"
"307EMar1808","115","52","20","Warsaw          ","2","1481","853","420","1735","16","3","1073","30","86","6","41"
"307EMar1808","116","58","6","Petersburg      ","4","1398","1226","399","2212","24","3","977","27","142","8","33"
"307EMar1808","117","58","40","Istanbul        ","6","795","1857","541","989","23","14","1179","31","155","25","66"
"307EMar1808","118","58","60","Cairo           ","2","0","930","394","1130","0","0","0","48","101","0","0"
"307EMar1808","119","69","17","Moscow          ","4","519","1000","426","2009","26","3","1066","22","92","6","53"
"307EMar1808","131","9","84","Vera Cruz       ","2","0","477","245","1718","22","9","596","28","58","13","98"
"307EMar1808","132","13","73","New Orleans     ","4","0","589","344","1393","0","7","738","32","61","10","88"
"307EMar1808","133","22","80","Santiago de Cuba","2","0","616","433","1610","21","18","712","31","55","23","88"
"307EMar1808","134","26","92","Cartagena       ","2","0","368","250","1081","27","8","711","39","51","12","73"
"307EMar1808","135","35","83","Martinique      ","3","0","0","2","0","0","0","113","0","0","0","0"
"307EMar1808","136","40","96","Belem           ","5","300","700","388","1455","39","14","574","20","62","52","73"
"307EMar1808","141","56","79","Goa             ","4","425","728","461","0","24","6","574","29","65","14","54"
"307EMar1808","142","62","88","Trincomale      ","4","0","738","461","0","0","7","332","33","71","9","61"
"307EMar1808","143","68","75","Calcutta        ","5","681","357","439","1149","23","19","502","33","40","34","56"
"307EMar1808","144","75","95","Padany          ","2","0","0","0","0","0","8","2336","16","0","0","0"
"307EMar1808","145","82","88","Saigon          ","5","994","419","290","1008","28","17","579","21","46","70","53"
"307EMar1808","146","83","75","Haiphong        ","4","305","303","401","1638","21","6","417","28","53","12","95"
"307EMay1808","101","5","41","Lisbon          ","2","0","0","0","0","19","2","0","0","0","8","0"
"307EMay1808","102","5","55","Rabat           ","6","1482","932","578","1934","18","3","669","28","129","2","75"
"307EMay1808","103","13","41","Madrid          ","3","773","4063","567","2095","27","5","7946","50","223","40","93"
"307EMay1808","104","23","20","London          ","4","0","1180","0","0","22","3","670","0","0","6","94"
"307EMay1808","105","23","27","Paris           ","4","353","1043","799","2208","0","1","4","0","0","9","54"
"307EMay1808","106","28","20","Amsterdam       ","3","909","125","624","1084","0","6","0","36","115","9","0"
"307EMay1808","107","30","49","Tunis           ","6","1358","1843","649","694","45","2","606","48","67","9","74"
"307EMay1808","108","35","27","Munich          ","4","2000","6001","278","2375","45","1","761","0","2","81","104"
"307EMay1808","109","35","40","Rome            ","3","0","0","0","3000","78","3","0","0","42","64","0"
"307EMay1808","110","37","16","Kopenhagen      ","6","1120","852","1451","4206","21","3","4007","61","90","38","151"
"307EMay1808","111","38","43","Naples          ","4","0","2367","522","0","91","14","770","0","0","42","72"
"307EMay1808","112","39","22","Berlin          ","5","639","0","427","1854","0","1","948","33","79","9","97"
"307EMay1808","113","41","29","Vienna          ","4","0","632","389","2219","0","2","697","0","0","8","33"
"307EMay1808","114","43","10","Karlskrona      ","6","0","0","0","0","0","0","0","0","0","29","43"
"307EMay1808","115","52","20","Warsaw          ","2","1481","736","420","1735","16","3","1073","20","86","6","41"
"307EMay1808","116","58","6","Petersburg      ","5","1398","919","399","2212","24","3","977","27","122","8","33"
"307EMay1808","117","58","40","Istanbul        ","5","692","1595","541","989","23","14","1179","31","155","25","66"
"307EMay1808","118","58","60","Cairo           ","4","0","530","394","0","67","0","0","0","0","26","0"
"307EMay1808","119","69","17","Moscow          ","5","447","1000","426","2009","26","3","1066","22","92","4","53"
"307EMay1808","131","9","84","Vera Cruz       ","6","0","477","245","0","22","9","596","21","58","3","98"
"307EMay1808","132","13","73","New Orleans     ","4","0","589","344","1393","0","7","738","32","61","10","88"
"307EMay1808","133","22","80","Santiago de Cuba","6","0","616","142","768","17","13","498","31","55","23","61"
"307EMay1808","134","26","92","Cartagena       ","6","0","368","250","1081","27","8","711","39","51","12","73"
"307EMay1808","135","35","83","Martinique      ","5","0","0","2","0","0","8","113","0","0","0","0"
"307EMay1808","136","40","96","Belem           ","4","1076","700","388","1455","47","14","663","20","62","83","73"
"307EMay1808","141","56","79","Goa             ","6","150","495","461","0","24","6","574","29","65","14","54"
"307EMay1808","142","62","88","Trincomale      ","6","150","738","461","0","10","7","332","33","71","9","61"
"307EMay1808","143","68","75","Calcutta        ","2","681","357","439","1149","23","33","982","33","40","34","58"
"307EMay1808","144","75","95","Padany          ","5","0","0","0","0","0","8","2336","16","0","0","0"
"307EMay1808","145","82","88","Saigon          ","2","994","372","290","1008","23","17","1059","15","34","70","83"
"307EMay1808","146","83","75","Haiphong        ","5","305","303","401","1638","21","6","417","28","53","12","67"
"307EMay1809","101","5","41","Lisbon          ","2","9000","286","4500","3077","28","2","14189","322","0","8","0"
"307EMay1809","102","5","55","Rabat           ","5","762","781","578","1934","18","3","669","19","129","74","35"
"307EMay1809","103","13","41","Madrid          ","3","0","0","0","0","27","4","0","136","223","23","93"
"307EMay1809","104","23","20","London          ","4","9000","958","0","0","106","3","670","0","0","88","72"
"307EMay1809","105","23","27","Paris           ","2","0","0","0","0","0","9","2","0","0","4","0"
"307EMay1809","106","28","20","Amsterdam       ","3","0","0","0","0","0","0","0","0","0","4","0"
"307EMay1809","107","30","49","Tunis           ","5","5295","1498","1149","694","144","14","606","32","67","58","74"
"307EMay1809","108","35","27","Munich          ","2","0","0","0","0","0","1","0","0","2","0","104"
"307EMay1809","109","35","40","Rome            ","4","6365","0","0","3000","78","3","0","0","42","23","0"
"307EMay1809","110","37","16","Kopenhagen      ","5","3120","0","4298","4445","213","3","3557","0","0","42","92"
"307EMay1809","111","38","43","Naples          ","2","15228","1867","1422","0","233","22","770","0","0","53","50"
"307EMay1809","112","39","22","Berlin          ","3","0","0","0","0","0","1","0","0","0","0","0"
"307EMay1809","113","41","29","Vienna          ","2","0","632","389","2219","96","2","0","0","0","45","33"
"307EMay1809","114","43","10","Karlskrona      ","3","0","0","0","0","0","0","0","0","0","29","33"
"307EMay1809","115","52","20","Warsaw          ","6","8916","3936","2206","3996","16","3","5073","217","86","6","199"
"307EMay1809","116","58","6","Petersburg      ","2","0","919","399","2212","19","3","906","27","122","2","48"
"307EMay1809","117","58","40","Istanbul        ","2","12500","1455","3471","1276","53","11","0","79","305","25","0"
"307EMay1809","118","58","60","Cairo           ","2","19013","530","1561","1549","244","36","0","380","0","77","50"
"307EMay1809","119","69","17","Moscow          ","2","0","1000","191","2009","23","2","728","16","92","2","26"
"307EMay1809","131","9","84","Vera Cruz       ","3","0","368","0","0","94","48","0","21","58","77","98"
"307EMay1809","132","13","73","New Orleans     ","5","159","589","243","1393","0","28","738","16","55","2","88"
"307EMay1809","133","22","80","Santiago de Cuba","3","0","0","0","0","34","44","0","31","55","38","111"
"307EMay1809","134","26","92","Cartagena       ","3","0","323","0","0","18","47","0","39","51","74","46"
"307EMay1809","135","35","83","Martinique      ","2","1901","0","737","326","32","26","1581","73","69","0","39"
"307EMay1809","136","40","96","Belem           ","3","476","700","388","1455","47","14","663","20","62","83","23"
"307EMay1809","141","56","79","Goa             ","5","0","444","461","0","21","6","425","29","38","14","54"
"307EMay1809","142","62","88","Trincomale      ","5","0","326","461","0","0","33","332","33","71","9","44"
"307EMay1809","143","68","75","Calcutta        ","5","0","357","439","2074","77","33","982","21","31","13","40"
"307EMay1809","144","75","95","Padany          ","5","105","408","0","1053","0","23","0","12","80","0","80"
"307EMay1809","145","82","88","Saigon          ","6","1972","522","102","1330","23","14","763","7","31","40","52"
"307EMay1809","146","83","75","Haiphong        ","5","0","0","0","0","28","11","0","22","42","79","117"
"307ENov1808","101","5","41","Lisbon          ","5","3000","286","0","490","0","2","0","0","0","8","0"
"307ENov1808","102","5","55","Rabat           ","6","954","781","578","1934","18","3","669","19","129","2","35"
"307ENov1808","103","13","41","Madrid          ","4","10475","5385","4960","7116","27","4","16370","136","223","23","93"
"307ENov1808","104","23","20","London          ","4","0","1180","0","0","58","3","670","0","0","88","94"
"307ENov1808","105","23","27","Paris           ","4","9577","4463","799","2208","0","4","2","0","115","4","56"
"307ENov1808","106","28","20","Amsterdam       ","5","0","125","624","929","56","6","0","36","0","9","49"
"307ENov1808","107","30","49","Tunis           ","6","3495","1498","1149","694","45","2","606","48","67","6","74"
"307ENov1808","108","35","27","Munich          ","5","0","0","278","0","0","1","0","0","2","0","104"
"307ENov1808","109","35","40","Rome            ","3","0","0","0","3000","78","3","0","0","42","64","0"
"307ENov1808","110","37","16","Kopenhagen      ","4","1120","852","3675","4456","171","3","7557","61","75","52","151"
"307ENov1808","111","38","43","Naples          ","5","6328","1867","522","0","217","14","770","0","0","92","50"
"307ENov1808","112","39","22","Berlin          ","5","20960","2000","0","3000","0","1","0","0","0","58","48"
"307ENov1808","113","41","29","Vienna          ","3","0","632","389","2219","96","2","508","0","0","77","33"
"307ENov1808","114","43","10","Karlskrona      ","2","0","0","0","0","0","0","0","0","0","29","43"
"307ENov1808","115","52","20","Warsaw          ","6","64","736","420","1167","16","3","1073","20","86","6","41"
"307ENov1808","116","58","6","Petersburg      ","2","0","919","399","2212","19","3","906","27","122","2","48"
"307ENov1808","117","58","40","Istanbul        ","4","2500","1455","3040","489","53","14","0","131","5","25","0"
"307ENov1808","118","58","60","Cairo           ","5","9875","530","661","249","217","0","0","0","0","92","0"
"307ENov1808","119","69","17","Moscow          ","2","0","1000","191","2009","26","3","1066","16","92","4","53"
"307ENov1808","131","9","84","Vera Cruz       ","6","0","368","149","0","31","23","0","21","58","35","98"
"307ENov1808","132","13","73","New Orleans     ","3","210","589","649","1393","0","28","738","24","55","2","88"
"307ENov1808","133","22","80","Santiago de Cuba","6","0","0","0","1190","34","27","0","31","55","38","111"
"307ENov1808","134","26","92","Cartagena       ","6","0","368","887","546","33","22","0","39","51","32","73"
"307ENov1808","135","35","83","Martinique      ","2","2500","0","737","726","32","26","1581","73","69","0","50"
"307ENov1808","136","40","96","Belem           ","2","476","700","388","1455","47","14","663","20","62","83","23"
"307ENov1808","141","56","79","Goa             ","3","150","495","461","0","24","6","574","29","48","14","54"
"307ENov1808","142","62","88","Trincomale      ","3","150","326","461","0","0","33","332","33","71","9","44"
"307ENov1808","143","68","75","Calcutta        ","6","681","357","439","274","23","33","982","33","40","34","40"
"307ENov1808","144","75","95","Padany          ","4","105","408","0","789","35","23","2336","12","80","53","80"
"307ENov1808","145","82","88","Saigon          ","6","2677","372","290","1008","23","14","1059","10","31","40","52"
"307ENov1808","146","83","75","Haiphong        ","4","305","303","401","1225","35","11","661","22","43","55","117"
"307ENov1809","101","5","41","Lisbon          ","5","9000","0","4500","3077","28","2","14189","0","0","8","0"
"307ENov1809","102","5","55","Rabat           ","4","4362","781","578","1088","18","3","669","19","107","74","35"
"307ENov1809","103","13","41","Madrid          ","2","0","0","0","0","27","3","0","136","223","9","0"
"307ENov1809","104","23","20","London          ","3","0","0","0","0","58","3","405","0","0","88","48"
"307ENov1809","105","23","27","Paris           ","3","0","0","0","0","0","8","2","0","0","4","0"
"307ENov1809","106","28","20","Amsterdam       ","4","7200","4000","0","0","0","0","0","400","0","4","57"
"307ENov1809","107","30","49","Tunis           ","4","6295","1211","705","411","244","46","606","32","67","58","74"
"307ENov1809","108","35","27","Munich          ","3","0","0","0","0","0","1","0","0","2","0","104"
"307ENov1809","109","35","40","Rome            ","3","6365","0","0","3000","78","3","0","0","42","23","0"
"307ENov1809","110","37","16","Kopenhagen      ","3","14120","0","4358","5145","243","3","8557","0","0","71","92"
"307ENov1809","111","38","43","Naples          ","6","15228","1867","1422","0","0","22","770","0","0","53","37"
"307ENov1809","112","39","22","Berlin          ","4","25000","4000","0","0","0","1","0","400","0","0","57"
"307ENov1809","113","41","29","Vienna          ","6","0","632","389","2219","0","2","0","0","0","123","22"
"307ENov1809","114","43","10","Karlskrona      ","3","0","0","0","0","0","30","0","0","0","29","17"
"307ENov1809","115","52","20","Warsaw          ","4","8916","3936","2206","3996","16","3","2203","217","62","6","199"
"307ENov1809","116","58","6","Petersburg      ","5","0","919","399","2212","19","3","520","27","122","2","48"
"307ENov1809","117","58","40","Istanbul        ","5","19568","4455","2828","1276","83","9","6000","715","886","59","23"
"307ENov1809","118","58","60","Cairo           ","3","19763","730","1561","2799","196","47","0","265","0","75","0"
"307ENov1809","119","69","17","Moscow          ","5","0","1000","191","2009","23","2","728","16","92","1","26"
"307ENov1809","131","9","84","Vera Cruz       ","5","0","368","0","0","94","48","0","21","42","46","98"
"307ENov1809","132","13","73","New Orleans     ","4","0","589","243","1393","0","19","738","16","55","2","88"
"307ENov1809","133","22","80","Santiago de Cuba","5","0","0","0","0","34","39","0","22","44","38","68"
"307ENov1809","134","26","92","Cartagena       ","5","0","323","0","0","18","47","0","39","51","74","46"
"307ENov1809","135","35","83","Martinique      ","6","0","0","737","0","32","26","1581","13","69","0","0"
"307ENov1809","136","40","96","Belem           ","4","476","0","388","1455","47","14","663","20","62","83","23"
"307ENov1809","141","56","79","Goa             ","4","400","363","461","3000","48","15","269","29","38","32","54"
"307ENov1809","142","62","88","Trincomale      ","4","1452","326","317","3000","207","48","332","0","71","36","44"
"307ENov1809","143","68","75","Calcutta        ","4","0","0","0","985","139","63","982","0","19","6","29"
"307ENov1809","144","75","95","Padany          ","4","66","408","0","718","0","23","0","5","50","0","80"
"307ENov1809","145","82","88","Saigon          ","3","1972","522","102","409","23","14","763","7","31","40","52"
"307ENov1809","146","83","75","Haiphong        ","3","0","800","2000","2002","28","9","4260","22","42","79","117"
"307EOct1808","101","5","41","Lisbon          ","6","3000","0","0","0","0","2","0","0","0","8","0"
"307EOct1808","102","5","55","Rabat           ","4","1327","781","578","1934","18","3","669","28","129","2","35"
"307EOct1808","103","13","41","Madrid          ","6","10475","6063","4960","3684","27","5","14290","136","223","23","93"
"307EOct1808","104","23","20","London          ","2","3900","1180","0","0","58","3","670","0","0","88","94"
"307EOct1808","105","23","27","Paris           ","5","9577","4463","799","2208","0","4","3","0","115","4","56"
"307EOct1808","106","28","20","Amsterdam       ","5","6304","125","624","2084","56","6","0","36","0","9","49"
"307EOct1808","107","30","49","Tunis           ","4","995","1498","649","694","45","2","606","48","67","6","74"
"307EOct1808","108","35","27","Munich          ","5","0","0","278","0","0","1","0","0","2","0","104"
"307EOct1808","109","35","40","Rome            ","2","0","0","0","3000","78","3","0","0","42","64","0"
"307EOct1808","110","37","16","Kopenhagen      ","3","1120","852","3675","4456","171","3","7557","61","75","52","151"
"307EOct1808","111","38","43","Naples          ","4","4528","1867","522","0","167","14","770","0","0","85","50"
"307EOct1808","112","39","22","Berlin          ","6","17250","2000","0","0","0","1","0","0","0","58","48"
"307EOct1808","113","41","29","Vienna          ","3","0","632","389","2219","96","2","697","0","0","77","33"
"307EOct1808","114","43","10","Karlskrona      ","3","0","0","0","0","0","0","0","0","0","29","43"
"307EOct1808","115","52","20","Warsaw          ","4","64","736","420","1167","16","3","1073","20","86","6","41"
"307EOct1808","116","58","6","Petersburg      ","2","1398","919","399","2212","19","3","1183","27","122","2","48"
"307EOct1808","117","58","40","Istanbul        ","3","0","1455","540","489","53","14","0","131","5","25","0"
"307EOct1808","118","58","60","Cairo           ","4","9875","530","261","249","167","0","0","0","0","85","0"
"307EOct1808","119","69","17","Moscow          ","2","608","1000","191","2009","26","3","1066","16","92","7","53"
"307EOct1808","131","9","84","Vera Cruz       ","5","0","368","149","0","31","23","0","21","58","35","98"
"307EOct1808","132","13","73","New Orleans     ","4","210","589","649","1393","0","28","738","24","55","2","88"
"307EOct1808","133","22","80","Santiago de Cuba","5","0","0","0","1190","34","27","0","31","55","38","111"
"307EOct1808","134","26","92","Cartagena       ","5","0","368","887","546","33","22","0","39","51","16","73"
"307EOct1808","135","35","83","Martinique      ","3","2500","0","737","726","42","26","1581","73","69","0","50"
"307EOct1808","136","40","96","Belem           ","2","476","700","388","1455","47","14","663","20","62","83","23"
"307EOct1808","141","56","79","Goa             ","4","150","495","461","0","24","6","574","29","48","14","54"
"307EOct1808","142","62","88","Trincomale      ","4","150","326","461","0","9","33","332","33","71","9","44"
"307EOct1808","143","68","75","Calcutta        ","5","681","357","439","274","23","33","982","33","40","34","40"
"307EOct1808","144","75","95","Padany          ","4","105","480","0","789","35","23","2336","16","80","53","0"
"307EOct1808","145","82","88","Saigon          ","5","877","372","290","1008","23","14","1059","10","34","70","52"
"307EOct1808","146","83","75","Haiphong        ","5","305","303","401","1225","35","11","661","28","43","55","117"
"307EOct1809","101","5","41","Lisbon          ","3","9000","0","4500","3077","28","2","14189","0","0","8","0"
"307EOct1809","102","5","55","Rabat           ","3","4362","781","578","1088","18","3","669","19","107","74","35"
"307EOct1809","103","13","41","Madrid          ","3","0","0","0","0","27","3","0","136","223","9","0"
"307EOct1809","104","23","20","London          ","2","0","0","0","0","58","3","405","0","0","88","48"
"307EOct1809","105","23","27","Paris           ","2","0","0","0","0","0","8","2","0","0","4","0"
"307EOct1809","106","28","20","Amsterdam       ","6","0","0","0","0","0","0","0","0","0","4","0"
"307EOct1809","107","30","49","Tunis           ","3","6295","1211","705","411","244","46","606","32","67","58","74"
"307EOct1809","108","35","27","Munich          ","2","0","0","0","0","0","1","0","0","2","0","104"
"307EOct1809","109","35","40","Rome            ","2","6365","0","0","3000","78","3","0","0","42","23","0"
"307EOct1809","110","37","16","Kopenhagen      ","4","14120","0","4358","5145","243","3","8557","0","0","71","92"
"307EOct1809","111","38","43","Naples          ","5","15228","1867","1422","0","0","22","770","0","0","53","37"
"307EOct1809","112","39","22","Berlin          ","6","0","0","0","0","0","1","0","0","0","0","0"
"307EOct1809","113","41","29","Vienna          ","5","0","632","389","2219","0","2","0","0","0","45","22"
"307EOct1809","114","43","10","Karlskrona      ","4","0","0","0","0","0","30","0","0","0","29","17"
"307EOct1809","115","52","20","Warsaw          ","4","8916","3936","2206","3996","16","3","3090","217","62","6","199"
"307EOct1809","116","58","6","Petersburg      ","3","0","919","399","2212","19","3","520","27","122","2","48"
"307EOct1809","117","58","40","Istanbul        ","5","24624","4455","1000","1276","73","9","6000","464","586","29","23"
"307EOct1809","118","58","60","Cairo           ","4","19763","730","1561","2799","248","45","0","265","0","73","0"
"307EOct1809","119","69","17","Moscow          ","3","0","1000","191","2009","23","2","728","16","92","1","26"
"307EOct1809","131","9","84","Vera Cruz       ","4","0","368","0","0","94","48","0","21","58","46","98"
"307EOct1809","132","13","73","New Orleans     ","2","0","589","243","1393","0","19","738","16","55","2","88"
"307EOct1809","133","22","80","Santiago de Cuba","4","0","0","0","0","34","39","0","22","44","38","68"
"307EOct1809","134","26","92","Cartagena       ","4","0","323","0","0","18","47","0","39","51","74","46"
"307EOct1809","135","35","83","Martinique      ","5","0","0","737","0","32","18","1581","0","0","0","0"
"307EOct1809","136","40","96","Belem           ","3","476","0","388","1455","47","14","663","20","62","83","23"
"307EOct1809","141","56","79","Goa             ","3","400","363","461","3000","48","15","269","29","38","32","54"
"307EOct1809","142","62","88","Trincomale      ","3","1452","326","317","3000","207","48","332","0","71","36","44"
"307EOct1809","143","68","75","Calcutta        ","3","0","26","439","2074","197","63","982","0","24","6","29"
"307EOct1809","144","75","95","Padany          ","3","78","408","0","1053","0","23","0","5","50","0","80"
"307EOct1809","145","82","88","Saigon          ","4","1972","522","102","409","23","14","763","7","31","40","52"
"307EOct1809","146","83","75","Haiphong        ","4","0","800","2000","2002","28","9","4260","22","42","79","117"
"307ESep1808","101","5","41","Lisbon          ","4","0","0","0","0","0","2","0","0","0","8","0"
"307ESep1808","102","5","55","Rabat           ","3","1327","781","578","1934","18","3","669","28","129","2","35"
"307ESep1808","103","13","41","Madrid          ","6","8473","5266","4567","2484","27","5","11946","136","223","40","93"
"307ESep1808","104","23","20","London          ","4","3900","1180","0","0","58","3","670","0","0","88","94"
"307ESep1808","105","23","27","Paris           ","6","9577","4463","799","2208","0","4","3","0","115","4","56"
"307ESep1808","106","28","20","Amsterdam       ","6","54","125","624","2084","56","6","0","36","0","9","0"
"307ESep1808","107","30","49","Tunis           ","3","995","1498","649","694","45","2","606","48","67","6","74"
"307ESep1808","108","35","27","Munich          ","3","0","0","278","0","0","1","0","0","2","0","104"
"307ESep1808","109","35","40","Rome            ","2","0","0","0","3000","78","3","0","0","42","64","0"
"307ESep1808","110","37","16","Kopenhagen      ","4","1120","852","3675","4456","171","3","7557","61","90","52","151"
"307ESep1808","111","38","43","Naples          ","4","28","1867","522","0","67","14","770","0","0","58","50"
"307ESep1808","112","39","22","Berlin          ","6","0","0","0","0","0","1","0","0","0","9","0"
"307ESep1808","113","41","29","Vienna          ","5","0","632","389","2219","96","2","697","0","0","77","33"
"307ESep1808","114","43","10","Karlskrona      ","3","0","0","0","0","0","0","0","0","0","29","43"
"307ESep1808","115","52","20","Warsaw          ","4","64","736","420","1167","16","3","1073","20","86","6","41"
"307ESep1808","116","58","6","Petersburg      ","4","1398","919","399","2212","19","3","1183","27","122","2","48"
"307ESep1808","117","58","40","Istanbul        ","2","1834","1595","541","489","53","14","0","131","5","25","0"
"307ESep1808","118","58","60","Cairo           ","4","2175","530","261","249","67","0","0","0","0","58","0"
"307ESep1808","119","69","17","Moscow          ","4","630","1000","191","2009","26","3","1066","16","92","7","53"
"307ESep1808","131","9","84","Vera Cruz       ","5","0","410","149","0","31","23","0","21","58","35","98"
"307ESep1808","132","13","73","New Orleans     ","4","210","589","649","1393","0","28","738","24","55","2","88"
"307ESep1808","133","22","80","Santiago de Cuba","5","0","0","0","1190","34","27","0","31","55","38","111"
"307ESep1808","134","26","92","Cartagena       ","5","0","368","887","546","44","22","0","39","51","28","73"
"307ESep1808","135","35","83","Martinique      ","5","0","0","737","726","42","26","2257","73","69","0","50"
"307ESep1808","136","40","96","Belem           ","3","476","700","388","1455","47","14","663","20","62","83","73"
"307ESep1808","141","56","79","Goa             ","3","150","495","461","0","24","6","574","29","48","14","54"
"307ESep1808","142","62","88","Trincomale      ","3","150","626","461","0","9","33","332","33","71","9","44"
"307ESep1808","143","68","75","Calcutta        ","3","681","357","439","274","23","33","982","33","40","34","40"
"307ESep1808","144","75","95","Padany          ","3","105","480","0","789","35","23","2336","16","80","53","0"
"307ESep1808","145","82","88","Saigon          ","3","877","372","290","1008","23","14","1059","15","34","70","52"
"307ESep1808","146","83","75","Haiphong        ","6","305","303","401","481","21","6","316","28","43","37","67"
"307ESep1809","101","5","41","Lisbon          ","2","9000","286","4500","3077","28","2","14189","0","0","8","0"
"307ESep1809","102","5","55","Rabat           ","2","4362","781","578","1088","18","3","669","19","107","74","35"
"307ESep1809","103","13","41","Madrid          ","2","0","0","0","0","27","3","0","136","223","9","0"
"307ESep1809","104","23","20","London          ","2","0","795","0","0","81","3","669","0","0","88","72"
"307ESep1809","105","23","27","Paris           ","2","0","0","0","0","0","8","2","0","0","4","0"
"307ESep1809","106","28","20","Amsterdam       ","5","0","0","0","0","0","0","0","0","0","4","0"
"307ESep1809","107","30","49","Tunis           ","2","6295","1211","1149","411","274","46","606","32","67","58","74"
"307ESep1809","108","35","27","Munich          ","2","2454","0","0","0","0","1","0","0","2","0","104"
"307ESep1809","109","35","40","Rome            ","2","6365","0","0","3000","78","3","0","0","42","23","0"
"307ESep1809","110","37","16","Kopenhagen      ","5","14120","0","4358","5145","243","3","8557","0","0","39","92"
"307ESep1809","111","38","43","Naples          ","3","15228","1867","1422","0","0","22","770","0","0","53","37"
"307ESep1809","112","39","22","Berlin          ","5","0","0","0","0","0","1","0","0","0","0","0"
"307ESep1809","113","41","29","Vienna          ","3","0","632","389","2219","0","2","0","0","0","45","33"
"307ESep1809","114","43","10","Karlskrona      ","6","0","0","0","0","0","0","0","0","0","29","22"
"307ESep1809","115","52","20","Warsaw          ","2","8916","3936","2206","3996","16","3","3090","217","86","6","199"
"307ESep1809","116","58","6","Petersburg      ","2","0","919","399","2212","19","3","663","27","122","2","48"
"307ESep1809","117","58","40","Istanbul        ","6","22092","4455","1000","1276","53","11","2000","264","755","25","0"
"307ESep1809","118","58","60","Cairo           ","6","19013","530","1561","1549","272","45","0","265","0","122","0"
"307ESep1809","119","69","17","Moscow          ","2","0","1000","191","2009","23","2","728","16","92","2","26"
"307ESep1809","131","9","84","Vera Cruz       ","5","0","368","0","0","94","48","0","21","58","46","98"
"307ESep1809","132","13","73","New Orleans     ","2","0","589","243","1393","0","19","738","16","55","2","88"
"307ESep1809","133","22","80","Santiago de Cuba","5","0","0","0","0","34","44","0","22","44","38","68"
"307ESep1809","134","26","92","Cartagena       ","5","0","323","0","0","18","47","0","39","51","74","46"
"307ESep1809","135","35","83","Martinique      ","4","0","0","737","0","32","18","1581","0","0","0","0"
"307ESep1809","136","40","96","Belem           ","2","476","700","388","1455","47","14","663","20","62","83","23"
"307ESep1809","141","56","79","Goa             ","4","400","363","461","3000","48","15","425","29","38","32","54"
"307ESep1809","142","62","88","Trincomale      ","4","1452","326","317","3000","207","48","332","0","71","36","44"
"307ESep1809","143","68","75","Calcutta        ","4","650","107","439","2074","157","56","982","21","28","6","40"
"307ESep1809","144","75","95","Padany          ","3","105","408","0","1053","0","23","0","5","57","0","80"
"307ESep1809","145","82","88","Saigon          ","4","1972","522","102","739","23","14","763","7","31","40","52"
"307ESep1809","146","83","75","Haiphong        ","4","0","800","2000","2002","28","9","5530","22","42","79","117"
"348BAug1809","101","5","41","Lisbon          ","2","13229","960","3048","1417","147","5","1015","22","33","0","83"
"348BAug1809","102","5","55","Rabat           ","3","627","797","84","856","0","3","649","38","78","3","0"
"348BAug1809","103","13","41","Madrid          ","4","1119","755","201","1930","0","2","628","67","153","67","100"
"348BAug1809","104","23","20","London          ","4","6613","2287","1211","2600","112","43","1014","30","147","29","74"
"348BAug1809","105","23","27","Paris           ","3","0","5200","3884","3200","27","3","4200","100","0","22","40"
"348BAug1809","106","28","20","Amsterdam       ","3","2000","3200","4000","3200","68","58","4200","99","0","11","9"
"348BAug1809","107","30","49","Tunis           ","3","460","1100","649","105","0","1","183","0","144","0","0"
"348BAug1809","108","35","27","Munich          ","3","6895","1599","172","872","9","5","2932","58","61","65","115"
"348BAug1809","109","35","40","Rome            ","3","19782","4500","4344","2440","40","8","16682","15","31","100","0"
"348BAug1809","110","37","16","Kopenhagen      ","4","31999","2000","500","0","60","0","12000","0","0","20","0"
"348BAug1809","111","38","43","Naples          ","3","13793","1621","50","1452","24","5","4948","34","92","62","32"
"348BAug1809","112","39","22","Berlin          ","4","1200","1000","0","1200","24","2","3000","0","0","0","0"
"348BAug1809","113","41","29","Vienna          ","3","6474","4522","4519","6715","187","0","18142","237","0","56","196"
"348BAug1809","114","43","10","Karlskrona      ","3","18304","0","2778","3798","145","2","18339","0","1129","49","103"
"348BAug1809","115","52","20","Warsaw          ","5","20845","8386","470","3351","31","0","20000","0","86","34","45"
"348BAug1809","116","58","6","Petersburg      ","5","21766","4600","0","4600","44","0","20000","0","0","34","60"
"348BAug1809","117","58","40","Istanbul        ","6","16574","3089","2689","0","38","15","1096","232","0","49","0"
"348BAug1809","118","58","60","Cairo           ","6","13481","4125","4426","0","35","1","421","240","0","45","0"
"348BAug1809","119","69","17","Moscow          ","5","0","0","270","0","0","3","0","0","71","0","0"
"348BAug1809","131","9","84","Vera Cruz       ","2","0","0","87","311","36","45","217","9","38","24","61"
"348BAug1809","132","13","73","New Orleans     ","5","2200","1474","2141","2646","209","21","3081","100","65","4","62"
"348BAug1809","133","22","80","Santiago de Cuba","5","3800","300","108","1570","16","43","261","16","77","51","73"
"348BAug1809","134","26","92","Cartagena       ","6","16","316","212","2482","20","14","589","38","55","29","40"
"348BAug1809","135","35","83","Martinique      ","6","327","316","302","2482","27","12","1994","34","75","9","86"
"348BAug1809","136","40","96","Belem           ","5","3800","301","388","399","25","15","2194","29","78","51","53"
"348BAug1809","141","56","79","Goa             ","5","150","150","1278","0","104","39","818","40","45","29","48"
"348BAug1809","142","62","88","Trincomale      ","5","175","150","251","964","51","21","711","19","44","32","38"
"348BAug1809","143","68","75","Calcutta        ","2","0","0","439","0","0","13","4634","18","74","28","100"
"348BAug1809","144","75","95","Padany          ","3","0","0","0","0","30","21","479","23","40","24","77"
"348BAug1809","145","82","88","Saigon          ","2","0","2","192","0","0","14","1838","24","53","9","92"
"348BAug1809","146","83","75","Haiphong        ","3","0","0","0","0","0","0","0","0","0","0","0"
"348BSep1809","101","5","41","Lisbon          ","2","13229","960","3048","1417","129","5","1015","22","33","0","83"
"348BSep1809","102","5","55","Rabat           ","4","627","662","84","856","0","3","649","29","78","3","0"
"348BSep1809","103","13","41","Madrid          ","3","1119","673","201","1930","0","2","628","67","153","67","100"
"348BSep1809","104","23","20","London          ","3","6613","2287","1211","2600","112","43","1014","30","147","29","74"
"348BSep1809","105","23","27","Paris           ","4","0","5200","3884","3200","27","3","4200","0","0","22","40"
"348BSep1809","106","28","20","Amsterdam       ","4","2000","3200","4000","3200","68","48","4200","99","0","11","9"
"348BSep1809","107","30","49","Tunis           ","4","460","1100","649","105","0","1","183","0","144","0","0"
"348BSep1809","108","35","27","Munich          ","4","6895","1599","64","872","9","5","2932","58","61","65","115"
"348BSep1809","109","35","40","Rome            ","2","19783","3760","4344","2440","40","8","12467","15","31","100","0"
"348BSep1809","110","37","16","Kopenhagen      ","4","21157","2000","500","0","60","0","12000","0","0","20","0"
"348BSep1809","111","38","43","Naples          ","2","13793","1621","50","1452","24","5","4948","34","92","62","32"
"348BSep1809","112","39","22","Berlin          ","5","1200","1000","0","1200","24","2","3000","0","0","0","0"
"348BSep1809","113","41","29","Vienna          ","2","6474","4522","4519","6715","187","0","18142","177","0","56","196"
"348BSep1809","114","43","10","Karlskrona      ","4","18304","0","2778","3798","145","2","18339","0","838","49","103"
"348BSep1809","115","52","20","Warsaw          ","5","10500","7466","470","3351","25","0","20000","0","86","34","45"
"348BSep1809","116","58","6","Petersburg      ","5","17127","4600","0","4600","44","0","20000","0","0","34","60"
"348BSep1809","117","58","40","Istanbul        ","6","19574","3089","2689","0","38","15","1096","152","0","49","0"
"348BSep1809","118","58","60","Cairo           ","6","16481","4125","4426","0","35","1","421","153","0","45","0"
"348BSep1809","119","69","17","Moscow          ","5","10500","4208","270","0","12","3","16000","0","71","25","0"
"348BSep1809","131","9","84","Vera Cruz       ","4","0","0","87","0","0","39","217","9","38","24","61"
"348BSep1809","132","13","73","New Orleans     ","4","4400","1474","2141","2646","209","26","4455","100","65","4","62"
"348BSep1809","133","22","80","Santiago de Cuba","3","3915","300","108","1570","16","43","166","16","77","65","58"
"348BSep1809","134","26","92","Cartagena       ","5","1016","316","212","2482","20","14","589","38","55","29","40"
"348BSep1809","135","35","83","Martinique      ","5","327","316","302","2482","27","10","1994","34","62","9","86"
"348BSep1809","136","40","96","Belem           ","3","3800","301","388","399","25","15","2194","29","78","51","53"
"348BSep1809","141","56","79","Goa             ","6","300","250","887","0","90","39","818","40","45","24","48"
"348BSep1809","142","62","88","Trincomale      ","6","325","250","1251","964","51","46","711","19","44","32","38"
"348BSep1809","143","68","75","Calcutta        ","4","0","0","439","0","0","13","4634","18","74","0","0"
"348BSep1809","144","75","95","Padany          ","5","0","0","0","0","30","21","479","23","40","24","77"
"348BSep1809","145","82","88","Saigon          ","4","0","2","192","0","0","14","1838","24","53","9","0"
"348BSep1809","146","83","75","Haiphong        ","3","0","0","0","0","0","0","0","0","0","0","0"
"348EAug1809","101","5","41","Lisbon          ","2","13229","960","3048","1417","147","5","1015","22","33","0","83"
"348EAug1809","102","5","55","Rabat           ","3","627","797","84","856","0","3","649","38","78","3","0"
"348EAug1809","103","13","41","Madrid          ","4","1119","755","201","1930","0","2","628","67","153","67","100"
"348EAug1809","104","23","20","London          ","4","6613","2287","1211","2600","112","43","1014","30","147","29","74"
"348EAug1809","105","23","27","Paris           ","3","0","5200","3884","3200","27","3","4200","100","0","22","40"
"348EAug1809","106","28","20","Amsterdam       ","3","2000","3200","4000","3200","68","58","4200","99","0","11","9"
"348EAug1809","107","30","49","Tunis           ","3","460","1100","649","105","0","1","183","0","144","0","0"
"348EAug1809","108","35","27","Munich          ","3","6895","1599","172","872","9","5","2932","58","61","65","115"
"348EAug1809","109","35","40","Rome            ","3","19782","4500","4344","2440","40","8","16682","15","31","100","0"
"348EAug1809","110","37","16","Kopenhagen      ","4","31999","2000","500","0","60","0","12000","0","0","20","0"
"348EAug1809","111","38","43","Naples          ","3","13793","1621","50","1452","24","5","4948","34","92","62","32"
"348EAug1809","112","39","22","Berlin          ","4","1200","1000","0","1200","24","2","3000","0","0","0","0"
"348EAug1809","113","41","29","Vienna          ","3","6474","4522","4519","6715","187","0","18142","237","0","56","196"
"348EAug1809","114","43","10","Karlskrona      ","3","18304","0","2778","3798","145","2","18339","0","1129","49","103"
"348EAug1809","115","52","20","Warsaw          ","5","20845","8386","470","3351","31","0","20000","0","86","34","45"
"348EAug1809","116","58","6","Petersburg      ","5","21766","4600","0","4600","44","0","20000","0","0","34","60"
"348EAug1809","117","58","40","Istanbul        ","6","16574","3089","2689","0","38","15","1096","232","0","49","0"
"348EAug1809","118","58","60","Cairo           ","6","13481","4125","4426","0","35","1","421","240","0","45","0"
"348EAug1809","119","69","17","Moscow          ","5","0","0","270","0","0","3","0","0","71","0","0"
"348EAug1809","131","9","84","Vera Cruz       ","2","0","0","87","311","36","45","217","9","38","24","61"
"348EAug1809","132","13","73","New Orleans     ","5","2200","1474","2141","2646","209","21","3081","100","65","4","62"
"348EAug1809","133","22","80","Santiago de Cuba","5","3800","300","108","1570","16","43","261","16","77","51","73"
"348EAug1809","134","26","92","Cartagena       ","6","16","316","212","2482","20","14","589","38","55","29","40"
"348EAug1809","135","35","83","Martinique      ","6","327","316","302","2482","27","12","1994","34","75","9","86"
"348EAug1809","136","40","96","Belem           ","5","3800","301","388","399","25","15","2194","29","78","51","53"
"348EAug1809","141","56","79","Goa             ","5","150","150","1278","0","104","39","818","40","45","29","48"
"348EAug1809","142","62","88","Trincomale      ","5","175","150","251","964","51","21","711","19","44","32","38"
"348EAug1809","143","68","75","Calcutta        ","2","0","0","439","0","0","13","4634","18","74","28","100"
"348EAug1809","144","75","95","Padany          ","3","0","0","0","0","30","21","479","23","40","24","77"
"348EAug1809","145","82","88","Saigon          ","2","0","2","192","0","0","14","1838","24","53","9","92"
"348EAug1809","146","83","75","Haiphong        ","3","0","0","0","0","0","0","0","0","0","0","0"
"348ESep1809","101","5","41","Lisbon          ","2","13229","960","3048","1417","129","5","1015","22","33","0","83"
"348ESep1809","102","5","55","Rabat           ","4","627","662","84","856","0","3","649","29","78","3","0"
"348ESep1809","103","13","41","Madrid          ","3","1119","673","201","1930","0","2","628","67","153","67","100"
"348ESep1809","104","23","20","London          ","3","6613","2287","1211","2600","112","43","1014","30","147","29","74"
"348ESep1809","105","23","27","Paris           ","4","0","5200","3884","3200","27","3","4200","0","0","22","40"
"348ESep1809","106","28","20","Amsterdam       ","4","2000","3200","4000","3200","68","48","4200","99","0","11","9"
"348ESep1809","107","30","49","Tunis           ","4","460","1100","649","105","0","1","183","0","144","0","0"
"348ESep1809","108","35","27","Munich          ","4","6895","1599","64","872","9","5","2932","58","61","65","115"
"348ESep1809","109","35","40","Rome            ","2","19783","3760","4344","2440","40","8","12467","15","31","100","0"
"348ESep1809","110","37","16","Kopenhagen      ","4","21157","2000","500","0","60","0","12000","0","0","20","0"
"348ESep1809","111","38","43","Naples          ","2","13793","1621","50","1452","24","5","4948","34","92","62","32"
"348ESep1809","112","39","22","Berlin          ","5","1200","1000","0","1200","24","2","3000","0","0","0","0"
"348ESep1809","113","41","29","Vienna          ","2","6474","4522","4519","6715","187","0","18142","177","0","56","196"
"348ESep1809","114","43","10","Karlskrona      ","4","18304","0","2778","3798","145","2","18339","0","838","49","103"
"348ESep1809","115","52","20","Warsaw          ","5","10500","7466","470","3351","25","0","20000","0","86","34","45"
"348ESep1809","116","58","6","Petersburg      ","5","17127","4600","0","4600","44","0","20000","0","0","34","60"
"348ESep1809","117","58","40","Istanbul        ","6","19574","3089","2689","0","38","15","1096","152","0","49","0"
"348ESep1809","118","58","60","Cairo           ","6","16481","4125","4426","0","35","1","421","153","0","45","0"
"348ESep1809","119","69","17","Moscow          ","5","10500","4208","270","0","12","3","16000","0","71","25","0"
"348ESep1809","131","9","84","Vera Cruz       ","4","0","0","87","0","0","39","217","9","38","24","61"
"348ESep1809","132","13","73","New Orleans     ","4","4400","1474","2141","2646","209","26","4455","100","65","4","62"
"348ESep1809","133","22","80","Santiago de Cuba","3","3915","300","108","1570","16","43","166","16","77","65","58"
"348ESep1809","134","26","92","Cartagena       ","5","1016","316","212","2482","20","14","589","38","55","29","40"
"348ESep1809","135","35","83","Martinique      ","5","327","316","302","2482","27","10","1994","34","62","9","86"
"348ESep1809","136","40","96","Belem           ","3","3800","301","388","399","25","15","2194","29","78","51","53"
"348ESep1809","141","56","79","Goa             ","6","300","250","887","0","90","39","818","40","45","24","48"
"348ESep1809","142","62","88","Trincomale      ","6","325","250","1251","964","51","46","711","19","44","32","38"
"348ESep1809","143","68","75","Calcutta        ","4","0","0","439","0","0","13","4634","18","74","0","0"
"348ESep1809","144","75","95","Padany          ","5","0","0","0","0","30","21","479","23","40","24","77"
"348ESep1809","145","82","88","Saigon          ","4","0","2","192","0","0","14","1838","24","53","9","0"
"348ESep1809","146","83","75","Haiphong        ","3","0","0","0","0","0","0","0","0","0","0","0"
