"X","Y","Owner","Terrain","Bonus"
"1","1"," ","."," "
"1","2"," ","."," "
"1","3"," ","."," "
"1","4"," ","."," "
"1","5"," ","."," "
"1","6"," ","."," "
"1","7"," ","."," "
"1","8"," ","."," "
"1","9"," ","."," "
"1","10"," ","."," "
"1","11"," ","."," "
"1","12"," ","."," "
"1","13"," ","."," "
"1","14"," ","."," "
"1","15"," ","."," "
"1","16"," ","."," "
"1","17"," ","."," "
"1","18"," ","."," "
"1","19"," ","."," "
"1","20"," ","."," "
"1","21"," ","."," "
"1","22"," ","."," "
"1","23"," ","."," "
"1","24"," ","."," "
"1","25"," ","."," "
"1","26"," ","."," "
"1","27"," ","."," "
"1","28"," ","."," "
"1","29"," ","."," "
"1","30"," ","."," "
"1","31"," ","."," "
"1","32"," ","."," "
"1","33"," ","."," "
"1","34"," ","."," "
"1","35"," ","."," "
"1","36"," ","."," "
"1","37"," ","."," "
"1","38"," ","."," "
"1","39"," ","."," "
"1","40"," ","."," "
"1","41"," ","."," "
"1","42"," ","."," "
"1","43"," ","."," "
"1","44"," ","."," "
"1","45"," ","."," "
"1","46"," ","."," "
"1","47"," ","."," "
"1","48"," ","."," "
"1","49"," ","."," "
"1","50"," ","."," "
"1","51"," ","."," "
"1","52"," ","."," "
"1","53"," ","."," "
"1","54"," ","."," "
"1","55"," ","."," "
"1","56"," ","."," "
"1","57"," ","."," "
"1","58"," ","."," "
"1","59"," ","*"," "
"1","60","M","G"," "
"1","61","M","G"," "
"1","62","M","W"," "
"1","63","M","K"," "
"1","64","m","G"," "
"1","65","m","K"," "
"1","70","?","G"," "
"1","71","?","G"," "
"1","72","?","D"," "
"1","73","?","D"," "
"1","74","?","B"," "
"1","75","?","W"," "
"1","76","?","B"," "
"1","77","?","G"," "
"1","78","?","H"," "
"1","79","?","H"," "
"1","80","?","W"," "
"1","81","?","G","z"
"1","82","?","G"," "
"1","83","?","B"," "
"1","84","?","H"," "
"1","85"," ","*"," "
"1","86"," ","."," "
"1","87"," ","."," "
"1","88"," ","."," "
"1","89"," ","."," "
"1","90"," ","."," "
"1","91"," ","."," "
"1","92"," ","."," "
"1","93"," ","."," "
"1","94"," ","."," "
"1","95"," ","."," "
"1","96"," ","."," "
"1","97"," ","."," "
"1","98"," ","."," "
"1","99"," ","."," "
"2","1"," ","."," "
"2","2"," ","."," "
"2","3"," ","."," "
"2","4"," ","."," "
"2","5"," ","."," "
"2","6"," ","."," "
"2","7"," ","."," "
"2","8"," ","."," "
"2","9"," ","."," "
"2","10"," ","."," "
"2","11"," ","."," "
"2","12"," ","."," "
"2","13"," ","."," "
"2","14"," ","."," "
"2","15"," ","."," "
"2","16"," ","."," "
"2","17"," ","."," "
"2","18"," ","."," "
"2","19"," ","."," "
"2","20"," ","."," "
"2","21"," ","."," "
"2","22"," ","."," "
"2","23"," ","."," "
"2","24"," ","."," "
"2","25"," ","."," "
"2","26"," ","."," "
"2","27"," ","."," "
"2","28"," ","."," "
"2","29"," ","."," "
"2","30"," ","."," "
"2","31"," ","."," "
"2","32"," ","."," "
"2","33"," ","."," "
"2","34"," ","."," "
"2","35"," ","."," "
"2","36"," ","."," "
"2","37"," ","."," "
"2","38"," ","."," "
"2","39"," ","."," "
"2","40"," ","."," "
"2","41"," ","."," "
"2","42"," ","."," "
"2","43"," ","."," "
"2","44"," ","."," "
"2","45"," ","."," "
"2","46"," ","."," "
"2","47"," ","."," "
"2","48"," ","."," "
"2","49"," ","."," "
"2","50"," ","."," "
"2","51"," ","."," "
"2","52"," ","."," "
"2","53"," ","."," "
"2","54"," ","."," "
"2","55"," ","."," "
"2","56"," ","."," "
"2","57"," ","*"," "
"2","58"," ","*"," "
"2","59","M","B"," "
"2","60","M","G"," "
"2","61","M","G"," "
"2","62","M","K"," "
"2","63","M","K"," "
"2","64","m","G"," "
"2","65","m","K"," "
"2","70","?","H"," "
"2","71","?","D"," "
"2","72","?","D"," "
"2","73","?","D"," "
"2","74","?","B"," "
"2","75","?","W"," "
"2","76","?","B","n"
"2","77","?","G","e"
"2","78","?","H"," "
"2","79","?","H"," "
"2","80","?","W"," "
"2","81","?","G"," "
"2","82","?","G"," "
"2","83","?","B"," "
"2","84","?","H"," "
"2","85"," ","*"," "
"2","86"," ","."," "
"2","87"," ","."," "
"2","88"," ","."," "
"2","89"," ","."," "
"2","90"," ","."," "
"2","91"," ","."," "
"2","92"," ","."," "
"2","93"," ","."," "
"2","94"," ","."," "
"2","95"," ","."," "
"2","96"," ","."," "
"2","97"," ","."," "
"2","98"," ","."," "
"2","99"," ","."," "
"3","1"," ","."," "
"3","2"," ","."," "
"3","3"," ","."," "
"3","4"," ","."," "
"3","5"," ","."," "
"3","6"," ","."," "
"3","7"," ","."," "
"3","8"," ","."," "
"3","9"," ","."," "
"3","10"," ","."," "
"3","11"," ","."," "
"3","12"," ","."," "
"3","13"," ","."," "
"3","14"," ","."," "
"3","15"," ","."," "
"3","16"," ","."," "
"3","17"," ","."," "
"3","18"," ","."," "
"3","19"," ","."," "
"3","20"," ","."," "
"3","21"," ","."," "
"3","22"," ","."," "
"3","23"," ","."," "
"3","24"," ","."," "
"3","25"," ","."," "
"3","26"," ","."," "
"3","27"," ","."," "
"3","28"," ","."," "
"3","29"," ","."," "
"3","30"," ","."," "
"3","31"," ","."," "
"3","32"," ","."," "
"3","33"," ","."," "
"3","34"," ","."," "
"3","35"," ","."," "
"3","36"," ","."," "
"3","37"," ","."," "
"3","38"," ","."," "
"3","39"," ","."," "
"3","40"," ","."," "
"3","41"," ","."," "
"3","42"," ","."," "
"3","43"," ","."," "
"3","44"," ","."," "
"3","45"," ","."," "
"3","46"," ","."," "
"3","47"," ","."," "
"3","48"," ","."," "
"3","49"," ","."," "
"3","50"," ","."," "
"3","51"," ","*"," "
"3","52"," ","*"," "
"3","53"," ","*"," "
"3","54"," ","."," "
"3","55"," ","."," "
"3","56"," ","*"," "
"3","57","M","H","w"
"3","58","M","B","n"
"3","59","M","B","n"
"3","60","M","G"," "
"3","61","M","G"," "
"3","62","M","W"," "
"3","63","m","K"," "
"3","64","m","G"," "
"3","65","m","K"," "
"3","70","?","D"," "
"3","71","?","D"," "
"3","72","?","D"," "
"3","73","?","D"," "
"3","74","?","W"," "
"3","75","?","W"," "
"3","76","?","B"," "
"3","77","?","G"," "
"3","78","?","H"," "
"3","79","?","H"," "
"3","80","?","W"," "
"3","81","?","G"," "
"3","82","?","G"," "
"3","83","?","B"," "
"3","84","?","W"," "
"3","85"," ","*"," "
"3","86"," ","*"," "
"3","87"," ","."," "
"3","88"," ","."," "
"3","89"," ","."," "
"3","90"," ","."," "
"3","91"," ","."," "
"3","92"," ","."," "
"3","93"," ","."," "
"3","94"," ","."," "
"3","95"," ","."," "
"3","96"," ","."," "
"3","97"," ","."," "
"3","98"," ","."," "
"3","99"," ","."," "
"4","1"," ","."," "
"4","2"," ","."," "
"4","3"," ","."," "
"4","4"," ","."," "
"4","5"," ","."," "
"4","6"," ","."," "
"4","7"," ","."," "
"4","8"," ","."," "
"4","9"," ","."," "
"4","10"," ","."," "
"4","11"," ","."," "
"4","12"," ","."," "
"4","13"," ","."," "
"4","14"," ","."," "
"4","15"," ","."," "
"4","16"," ","."," "
"4","17"," ","."," "
"4","18"," ","."," "
"4","19"," ","."," "
"4","20"," ","."," "
"4","21"," ","."," "
"4","22"," ","."," "
"4","23"," ","."," "
"4","24"," ","."," "
"4","25"," ","."," "
"4","26"," ","."," "
"4","27"," ","."," "
"4","28"," ","."," "
"4","29"," ","."," "
"4","30"," ","."," "
"4","31"," ","."," "
"4","32"," ","."," "
"4","33"," ","."," "
"4","34"," ","."," "
"4","35"," ","."," "
"4","36"," ","."," "
"4","37"," ","."," "
"4","38"," ","."," "
"4","39"," ","*"," "
"4","40"," ","*"," "
"4","41"," ","*"," "
"4","42"," ","*"," "
"4","43"," ","*"," "
"4","44"," ","."," "
"4","45"," ","."," "
"4","46"," ","."," "
"4","47"," ","."," "
"4","48"," ","."," "
"4","49"," ","."," "
"4","50"," ","*"," "
"4","51","M","B"," "
"4","52","M","B"," "
"4","53","M","B"," "
"4","54"," ","*"," "
"4","55"," ","*"," "
"4","56","M","B"," "
"4","57","M","B"," "
"4","58","M","G"," "
"4","59","M","G"," "
"4","60","M","G"," "
"4","61","M","K"," "
"4","62","M","K"," "
"4","63","m","G"," "
"4","64","m","K"," "
"4","65","m","K"," "
"4","70","?","G","e"
"4","71","?","G"," "
"4","72","?","G"," "
"4","73","?","D"," "
"4","74","?","G"," "
"4","75","?","B"," "
"4","76","?","H"," "
"4","77","?","W"," "
"4","78","?","G"," "
"4","79","?","W"," "
"4","80","?","H"," "
"4","81","?","H"," "
"4","82","?","B"," "
"4","83","?","G"," "
"4","84","?","H"," "
"4","85","?","B"," "
"4","86","?","H"," "
"4","87"," ","*"," "
"4","88"," ","."," "
"4","89"," ","."," "
"4","90"," ","."," "
"4","91"," ","."," "
"4","92"," ","."," "
"4","93"," ","."," "
"4","94"," ","."," "
"4","95"," ","."," "
"4","96"," ","."," "
"4","97"," ","."," "
"4","98"," ","."," "
"4","99"," ","."," "
"5","1"," ","."," "
"5","2"," ","."," "
"5","3"," ","."," "
"5","4"," ","."," "
"5","5"," ","."," "
"5","6"," ","."," "
"5","7"," ","."," "
"5","8"," ","."," "
"5","9"," ","."," "
"5","10"," ","."," "
"5","11"," ","."," "
"5","12"," ","."," "
"5","13"," ","."," "
"5","14"," ","."," "
"5","15"," ","."," "
"5","16"," ","."," "
"5","17"," ","."," "
"5","18"," ","."," "
"5","19"," ","."," "
"5","20"," ","."," "
"5","21"," ","."," "
"5","22"," ","."," "
"5","23"," ","."," "
"5","24"," ","."," "
"5","25"," ","."," "
"5","26"," ","."," "
"5","27"," ","."," "
"5","28"," ","."," "
"5","29"," ","."," "
"5","30"," ","."," "
"5","31"," ","."," "
"5","32"," ","."," "
"5","33"," ","."," "
"5","34"," ","."," "
"5","35"," ","."," "
"5","36"," ","*"," "
"5","37"," ","*"," "
"5","38"," ","*"," "
"5","39","K","B"," "
"5","40","K","B"," "
"5","41","K","B"," "
"5","42","K","B"," "
"5","43","K","B","n"
"5","44"," ","*"," "
"5","45"," ","."," "
"5","46"," ","."," "
"5","47"," ","."," "
"5","48"," ","."," "
"5","49"," ","*"," "
"5","50","M","B"," "
"5","51","M","H","v"
"5","52","M","B"," "
"5","53","M","H"," "
"5","54","M","B"," "
"5","55","M","B"," "
"5","56","M","H"," "
"5","57","M","K"," "
"5","58","M","G"," "
"5","59","M","G"," "
"5","60","M","W"," "
"5","61","M","W"," "
"5","62","M","G"," "
"5","63","m","H"," "
"5","64","m","K"," "
"5","65","m","K"," "
"5","70","?","W"," "
"5","71","?","W"," "
"5","72","?","W"," "
"5","73","?","G"," "
"5","74","?","W"," "
"5","75","?","H"," "
"5","76","?","W"," "
"5","77","?","H"," "
"5","78","?","B"," "
"5","79","?","B"," "
"5","80","?","B"," "
"5","81","?","W"," "
"5","82","?","H"," "
"5","83","?","B"," "
"5","84","?","G"," "
"5","85","?","H"," "
"5","86","?","B"," "
"5","87"," ","*"," "
"5","88"," ","."," "
"5","89"," ","."," "
"5","90"," ","."," "
"5","91"," ","."," "
"5","92"," ","."," "
"5","93"," ","."," "
"5","94"," ","."," "
"5","95"," ","."," "
"5","96"," ","."," "
"5","97"," ","."," "
"5","98"," ","."," "
"5","99"," ","."," "
"6","1"," ","."," "
"6","2"," ","."," "
"6","3"," ","."," "
"6","4"," ","."," "
"6","5"," ","."," "
"6","6"," ","."," "
"6","7"," ","."," "
"6","8"," ","."," "
"6","9"," ","."," "
"6","10"," ","."," "
"6","11"," ","."," "
"6","12"," ","."," "
"6","13"," ","."," "
"6","14"," ","."," "
"6","15"," ","."," "
"6","16"," ","."," "
"6","17"," ","."," "
"6","18"," ","."," "
"6","19"," ","."," "
"6","20"," ","."," "
"6","21"," ","."," "
"6","22"," ","."," "
"6","23"," ","."," "
"6","24"," ","."," "
"6","25"," ","."," "
"6","26"," ","."," "
"6","27"," ","."," "
"6","28"," ","."," "
"6","29"," ","."," "
"6","30"," ","."," "
"6","31"," ","."," "
"6","32"," ","."," "
"6","33"," ","."," "
"6","34"," ","*"," "
"6","35"," ","*"," "
"6","36","K","B"," "
"6","37","K","B"," "
"6","38","K","B"," "
"6","39","K","B"," "
"6","40","K","B"," "
"6","41","K","B","n"
"6","42","K","H","w"
"6","43","K","H","p"
"6","44"," ","*"," "
"6","45"," ","."," "
"6","46"," ","."," "
"6","47"," ","."," "
"6","48"," ","."," "
"6","49"," ","*"," "
"6","50","M","B"," "
"6","51","M","H","v"
"6","52","M","B"," "
"6","53","M","H"," "
"6","54","M","G"," "
"6","55","M","B"," "
"6","56","M","H"," "
"6","57","M","G"," "
"6","58","M","G"," "
"6","59","M","G"," "
"6","60","M","K"," "
"6","61","m","B"," "
"6","62","m","G"," "
"6","63","m","K"," "
"6","64","m","K"," "
"6","65","m","D"," "
"6","70","?","H"," "
"6","71","?","H"," "
"6","72","?","H"," "
"6","73","?","B"," "
"6","74","?","H"," "
"6","75","?","W"," "
"6","76","?","B","n"
"6","77","?","B","n"
"6","78"," ","*"," "
"6","79"," ","*"," "
"6","80"," ","*"," "
"6","81","?","B","n"
"6","82","?","W"," "
"6","83","?","H"," "
"6","84","?","G","g"
"6","85","?","H"," "
"6","86","?","B"," "
"6","87"," ","*"," "
"6","88"," ","."," "
"6","89"," ","."," "
"6","90"," ","."," "
"6","91"," ","."," "
"6","92"," ","."," "
"6","93"," ","."," "
"6","94"," ","."," "
"6","95"," ","."," "
"6","96"," ","."," "
"6","97"," ","."," "
"6","98"," ","."," "
"6","99"," ","."," "
"7","1"," ","."," "
"7","2"," ","."," "
"7","3"," ","."," "
"7","4"," ","."," "
"7","5"," ","."," "
"7","6"," ","."," "
"7","7"," ","."," "
"7","8"," ","."," "
"7","9"," ","."," "
"7","10"," ","."," "
"7","11"," ","."," "
"7","12"," ","."," "
"7","13"," ","."," "
"7","14"," ","."," "
"7","15"," ","."," "
"7","16"," ","."," "
"7","17"," ","."," "
"7","18"," ","."," "
"7","19"," ","."," "
"7","20"," ","."," "
"7","21"," ","."," "
"7","22"," ","."," "
"7","23"," ","."," "
"7","24"," ","."," "
"7","25"," ","."," "
"7","26"," ","."," "
"7","27"," ","."," "
"7","28"," ","."," "
"7","29"," ","."," "
"7","30"," ","."," "
"7","31"," ","."," "
"7","32"," ","*"," "
"7","33"," ","*"," "
"7","34","E","H"," "
"7","35","K","H"," "
"7","36","K","B"," "
"7","37","K","B"," "
"7","38","K","B"," "
"7","39","K","B","n"
"7","40","K","B","n"
"7","41","K","B"," "
"7","42","K","H","w"
"7","43","K","G"," "
"7","44"," ","*"," "
"7","45"," ","."," "
"7","46"," ","."," "
"7","47"," ","."," "
"7","48"," ","."," "
"7","49"," ","*"," "
"7","50","M","B"," "
"7","51","M","H"," "
"7","52","M","B","n"
"7","53","M","H"," "
"7","54","M","G"," "
"7","55","M","B"," "
"7","56","M","K"," "
"7","57","M","G"," "
"7","58","M","G","g"
"7","59","M","G"," "
"7","60","M","W"," "
"7","61","M","B"," "
"7","62","m","G"," "
"7","63","m","K"," "
"7","64","m","D"," "
"7","65","m","K"," "
"7","70","?","H"," "
"7","71","?","B"," "
"7","72","?","B"," "
"7","73","?","H"," "
"7","74","?","W"," "
"7","75","?","B"," "
"7","76"," ","*"," "
"7","77"," ","*"," "
"7","78"," ","."," "
"7","79"," ","."," "
"7","80"," ","."," "
"7","81"," ","*"," "
"7","82","?","B","n"
"7","83","?","B","n"
"7","84","?","W"," "
"7","85","?","G"," "
"7","86","?","B"," "
"7","87"," ","*"," "
"7","88"," ","."," "
"7","89"," ","."," "
"7","90"," ","."," "
"7","91"," ","."," "
"7","92"," ","."," "
"7","93"," ","."," "
"7","94"," ","."," "
"7","95"," ","."," "
"7","96"," ","."," "
"7","97"," ","."," "
"7","98"," ","."," "
"7","99"," ","."," "
"8","1"," ","."," "
"8","2"," ","."," "
"8","3"," ","."," "
"8","4"," ","."," "
"8","5"," ","."," "
"8","6"," ","."," "
"8","7"," ","."," "
"8","8"," ","."," "
"8","9"," ","."," "
"8","10"," ","."," "
"8","11"," ","."," "
"8","12"," ","."," "
"8","13"," ","."," "
"8","14"," ","."," "
"8","15"," ","."," "
"8","16"," ","."," "
"8","17"," ","."," "
"8","18"," ","."," "
"8","19"," ","*"," "
"8","20"," ","."," "
"8","21"," ","."," "
"8","22"," ","."," "
"8","23"," ","."," "
"8","24"," ","."," "
"8","25"," ","."," "
"8","26"," ","."," "
"8","27"," ","."," "
"8","28"," ","."," "
"8","29"," ","."," "
"8","30"," ","."," "
"8","31"," ","*"," "
"8","32","E","H"," "
"8","33","E","H"," "
"8","34","E","H","v"
"8","35","K","B"," "
"8","36","K","G","e"
"8","37","K","B"," "
"8","38","K","B"," "
"8","39","K","W"," "
"8","40","K","W"," "
"8","41","K","H","v"
"8","42","K","H","v"
"8","43","K","B"," "
"8","44","E","B"," "
"8","45"," ","*"," "
"8","46"," ","*"," "
"8","47"," ","."," "
"8","48"," ","*"," "
"8","49","M","B"," "
"8","50","M","B"," "
"8","51","M","B","n"
"8","52","M","G"," "
"8","53","M","W"," "
"8","54","M","G"," "
"8","55","M","G"," "
"8","56","M","H","v"
"8","57","M","G"," "
"8","58","M","K"," "
"8","59","M","G"," "
"8","60","M","W"," "
"8","61","m","H"," "
"8","62","m","K"," "
"8","63","m","K"," "
"8","64","m","D"," "
"8","65","m","D"," "
"8","70","?","H"," "
"8","71","?","H"," "
"8","72","?","B"," "
"8","73","?","B"," "
"8","74","?","B"," "
"8","75"," ","*"," "
"8","76"," ","."," "
"8","77"," ","."," "
"8","78"," ","."," "
"8","79"," ","."," "
"8","80"," ","."," "
"8","81"," ","."," "
"8","82"," ","*"," "
"8","83"," ","*"," "
"8","84","?","B"," "
"8","85","?","G"," "
"8","86","?","H"," "
"8","87"," ","*"," "
"8","88"," ","."," "
"8","89"," ","."," "
"8","90"," ","."," "
"8","91"," ","."," "
"8","92"," ","."," "
"8","93"," ","."," "
"8","94"," ","."," "
"8","95"," ","."," "
"8","96"," ","."," "
"8","97"," ","."," "
"8","98"," ","."," "
"8","99"," ","."," "
"9","1"," ","."," "
"9","2"," ","."," "
"9","3"," ","."," "
"9","4"," ","."," "
"9","5"," ","."," "
"9","6"," ","."," "
"9","7"," ","."," "
"9","8"," ","."," "
"9","9"," ","."," "
"9","10"," ","."," "
"9","11"," ","."," "
"9","12"," ","."," "
"9","13"," ","."," "
"9","14"," ","."," "
"9","15"," ","."," "
"9","16"," ","."," "
"9","17"," ","."," "
"9","18"," ","*"," "
"9","19","g","H"," "
"9","20"," ","*"," "
"9","21"," ","."," "
"9","22"," ","."," "
"9","23"," ","."," "
"9","24"," ","."," "
"9","25"," ","."," "
"9","26"," ","."," "
"9","27"," ","."," "
"9","28"," ","."," "
"9","29"," ","."," "
"9","30"," ","."," "
"9","31"," ","*"," "
"9","32","E","B"," "
"9","33","E","B"," "
"9","34","E","H","v"
"9","35","K","G"," "
"9","36","K","H","p"
"9","37","K","W"," "
"9","38","K","W"," "
"9","39","E","B"," "
"9","40","K","W"," "
"9","41","K","W"," "
"9","42","K","H","v"
"9","43","E","B"," "
"9","44","E","H"," "
"9","45","E","H"," "
"9","46","E","G"," "
"9","47"," ","+"," "
"9","48","M","B"," "
"9","49","M","B"," "
"9","50","M","W"," "
"9","51","M","H"," "
"9","52","M","G"," "
"9","53","M","G"," "
"9","54","M","Q"," "
"9","55","M","W"," "
"9","56","M","H"," "
"9","57","M","G"," "
"9","58","M","G"," "
"9","59","M","K"," "
"9","60","m","H"," "
"9","61","m","D"," "
"9","62","m","K"," "
"9","63","m","K"," "
"9","64","m","D"," "
"9","65","m","D"," "
"9","70","?","W"," "
"9","71","?","B"," "
"9","72","?","W"," "
"9","73","?","B"," "
"9","74"," ","*"," "
"9","75"," ","."," "
"9","76"," ","."," "
"9","77"," ","."," "
"9","78"," ","."," "
"9","79"," ","."," "
"9","80"," ","."," "
"9","81"," ","."," "
"9","82"," ","."," "
"9","83"," ","*"," "
"9","84","?","B"," "
"9","85","?","H"," "
"9","86","?","H"," "
"9","87","?","W"," "
"9","88"," ","*"," "
"9","89"," ","."," "
"9","90"," ","."," "
"9","91"," ","."," "
"9","92"," ","."," "
"9","93"," ","."," "
"9","94"," ","."," "
"9","95"," ","."," "
"9","96"," ","."," "
"9","97"," ","."," "
"9","98"," ","."," "
"9","99"," ","."," "
"10","1"," ","."," "
"10","2"," ","."," "
"10","3"," ","."," "
"10","4"," ","."," "
"10","5"," ","."," "
"10","6"," ","."," "
"10","7"," ","."," "
"10","8"," ","."," "
"10","9"," ","."," "
"10","10"," ","."," "
"10","11"," ","."," "
"10","12"," ","."," "
"10","13"," ","*"," "
"10","14"," ","*"," "
"10","15"," ","."," "
"10","16"," ","*"," "
"10","17"," ","*"," "
"10","18","g","W"," "
"10","19","g","H"," "
"10","20"," ","*"," "
"10","21"," ","."," "
"10","22"," ","."," "
"10","23"," ","."," "
"10","24"," ","."," "
"10","25"," ","."," "
"10","26"," ","."," "
"10","27"," ","."," "
"10","28"," ","."," "
"10","29"," ","."," "
"10","30"," ","."," "
"10","31"," ","*"," "
"10","32","E","H"," "
"10","33","E","B"," "
"10","34","E","K"," "
"10","35","K","K"," "
"10","36","E","H"," "
"10","37","E","H"," "
"10","38","E","H"," "
"10","39","E","B"," "
"10","40","E","G","e"
"10","41","E","W"," "
"10","42","E","B"," "
"10","43","E","H"," "
"10","44","E","B"," "
"10","45","E","H"," "
"10","46"," ","*"," "
"10","47"," ","."," "
"10","48"," ","*"," "
"10","49","M","B"," "
"10","50","M","H"," "
"10","51","M","W"," "
"10","52","M","W"," "
"10","53","M","Q"," "
"10","54","M","H"," "
"10","55","M","H"," "
"10","56","M","W"," "
"10","57","M","G"," "
"10","58","M","W"," "
"10","59","m","G"," "
"10","60","m","G"," "
"10","61","m","K"," "
"10","62","m","K"," "
"10","63","m","D"," "
"10","64","m","D"," "
"10","65","m","K"," "
"10","70","?","B"," "
"10","71","?","B"," "
"10","72","?","B","n"
"10","73","?","S"," "
"10","74"," ","*"," "
"10","75"," ","."," "
"10","76"," ","."," "
"10","77"," ","."," "
"10","78"," ","."," "
"10","79"," ","."," "
"10","80"," ","."," "
"10","81"," ","."," "
"10","82"," ","."," "
"10","83"," ","."," "
"10","84"," ","*"," "
"10","85","?","B"," "
"10","86","?","H"," "
"10","87","?","B"," "
"10","88"," ","*"," "
"10","89"," ","."," "
"10","90"," ","."," "
"10","91"," ","."," "
"10","92"," ","."," "
"10","93"," ","."," "
"10","94"," ","."," "
"10","95"," ","."," "
"10","96"," ","."," "
"10","97"," ","."," "
"10","98"," ","."," "
"10","99"," ","."," "
"11","1"," ","."," "
"11","2"," ","."," "
"11","3"," ","."," "
"11","4"," ","."," "
"11","5"," ","."," "
"11","6"," ","."," "
"11","7"," ","."," "
"11","8"," ","."," "
"11","9"," ","."," "
"11","10"," ","."," "
"11","11"," ","."," "
"11","12"," ","*"," "
"11","13","g","H"," "
"11","14","g","G"," "
"11","15"," ","*"," "
"11","16","g","H"," "
"11","17","g","H","p"
"11","18","g","B"," "
"11","19","g","H","v"
"11","20"," ","*"," "
"11","21"," ","."," "
"11","22"," ","."," "
"11","23"," ","."," "
"11","24"," ","."," "
"11","25"," ","."," "
"11","26"," ","."," "
"11","27"," ","."," "
"11","28"," ","."," "
"11","29"," ","."," "
"11","30"," ","."," "
"11","31"," ","*"," "
"11","32","E","W"," "
"11","33","E","W"," "
"11","34","E","K"," "
"11","35","E","H"," "
"11","36","E","H"," "
"11","37","E","H"," "
"11","38","E","H"," "
"11","39","E","G"," "
"11","40","E","W"," "
"11","41","E","W"," "
"11","42","E","W"," "
"11","43","E","H"," "
"11","44","E","W"," "
"11","45","E","G"," "
"11","46"," ","*"," "
"11","47"," ","."," "
"11","48"," ","."," "
"11","49"," ","*"," "
"11","50"," ","*"," "
"11","51","M","H"," "
"11","52","M","W"," "
"11","53","M","W"," "
"11","54","M","W"," "
"11","55","M","H"," "
"11","56","M","K"," "
"11","57","M","G"," "
"11","58","m","G"," "
"11","59","m","W"," "
"11","60","m","K"," "
"11","61","m","K"," "
"11","62","m","K"," "
"11","63","m","K"," "
"11","64","m","D"," "
"11","65","m","D"," "
"11","70","?","W"," "
"11","71","?","B"," "
"11","72","?","B","n"
"11","73","?","B","n"
"11","74"," ","*"," "
"11","75"," ","."," "
"11","76"," ","."," "
"11","77"," ","."," "
"11","78"," ","."," "
"11","79"," ","."," "
"11","80"," ","."," "
"11","81"," ","."," "
"11","82"," ","."," "
"11","83"," ","."," "
"11","84"," ","*"," "
"11","85","?","W"," "
"11","86","?","G","z"
"11","87","?","H"," "
"11","88","?","B"," "
"11","89"," ","*"," "
"11","90"," ","."," "
"11","91"," ","."," "
"11","92"," ","."," "
"11","93"," ","."," "
"11","94"," ","."," "
"11","95"," ","."," "
"11","96"," ","."," "
"11","97"," ","."," "
"11","98"," ","."," "
"11","99"," ","."," "
"12","1"," ","."," "
"12","2"," ","."," "
"12","3"," ","."," "
"12","4"," ","."," "
"12","5"," ","."," "
"12","6"," ","."," "
"12","7"," ","."," "
"12","8"," ","."," "
"12","9"," ","."," "
"12","10"," ","."," "
"12","11"," ","."," "
"12","12"," ","."," "
"12","13"," ","*"," "
"12","14","g","H"," "
"12","15","g","W"," "
"12","16","g","B"," "
"12","17","g","H"," "
"12","18","g","H"," "
"12","19","g","W"," "
"12","20"," ","*"," "
"12","21"," ","."," "
"12","22"," ","."," "
"12","23"," ","."," "
"12","24"," ","."," "
"12","25"," ","."," "
"12","26"," ","."," "
"12","27"," ","."," "
"12","28"," ","."," "
"12","29"," ","."," "
"12","30"," ","."," "
"12","31"," ","."," "
"12","32"," ","*"," "
"12","33","E","W"," "
"12","34","E","G"," "
"12","35","E","G"," "
"12","36","E","H"," "
"12","37","E","H"," "
"12","38","E","H"," "
"12","39","E","B","n"
"12","40","E","B"," "
"12","41","E","W"," "
"12","42","E","B"," "
"12","43","E","B"," "
"12","44","E","K"," "
"12","45","E","H","w"
"12","46"," ","*"," "
"12","47"," ","."," "
"12","48"," ","."," "
"12","49"," ","."," "
"12","50"," ","*"," "
"12","51","M","B"," "
"12","52","M","B"," "
"12","53","M","Q"," "
"12","54","M","G"," "
"12","55","M","H"," "
"12","56","M","H"," "
"12","57","M","G"," "
"12","58","m","H"," "
"12","59","m","H"," "
"12","60","m","K"," "
"12","61","m","K"," "
"12","62","m","D"," "
"12","63","m","K"," "
"12","64","m","D"," "
"12","65","m","D"," "
"12","70","?","H"," "
"12","71","?","W"," "
"12","72","?","B","n"
"12","73","?","S"," "
"12","74"," ","*"," "
"12","75"," ","."," "
"12","76"," ","."," "
"12","77"," ","."," "
"12","78"," ","."," "
"12","79"," ","."," "
"12","80"," ","."," "
"12","81"," ","."," "
"12","82"," ","."," "
"12","83"," ","*"," "
"12","84","?","B"," "
"12","85","?","B"," "
"12","86","?","S"," "
"12","87","?","W"," "
"12","88","?","H"," "
"12","89"," ","*"," "
"12","90"," ","."," "
"12","91"," ","."," "
"12","92"," ","."," "
"12","93"," ","."," "
"12","94"," ","."," "
"12","95"," ","."," "
"12","96"," ","."," "
"12","97"," ","."," "
"12","98"," ","."," "
"12","99"," ","."," "
"13","1"," ","."," "
"13","2"," ","."," "
"13","3"," ","."," "
"13","4"," ","."," "
"13","5"," ","."," "
"13","6"," ","."," "
"13","7"," ","."," "
"13","8"," ","."," "
"13","9"," ","."," "
"13","10"," ","."," "
"13","11"," ","."," "
"13","12"," ","*"," "
"13","13","g","H"," "
"13","14","g","B"," "
"13","15","g","B"," "
"13","16","g","B","n"
"13","17","g","B","n"
"13","18","g","H"," "
"13","19","g","B"," "
"13","20"," ","*"," "
"13","21"," ","."," "
"13","22"," ","."," "
"13","23"," ","."," "
"13","24"," ","."," "
"13","25"," ","."," "
"13","26"," ","."," "
"13","27"," ","."," "
"13","28"," ","."," "
"13","29"," ","."," "
"13","30"," ","."," "
"13","31"," ","."," "
"13","32"," ","*"," "
"13","33","e","W"," "
"13","34","e","G"," "
"13","35","e","K"," "
"13","36","E","K"," "
"13","37","E","G","w"
"13","38","E","G"," "
"13","39","E","B","n"
"13","40","E","B"," "
"13","41","E","B"," "
"13","42","E","B"," "
"13","43","E","K"," "
"13","44","E","G"," "
"13","45","e","H"," "
"13","46","e","G"," "
"13","47"," ","*"," "
"13","48"," ","."," "
"13","49"," ","."," "
"13","50"," ","*"," "
"13","51","M","B"," "
"13","52","M","H"," "
"13","53","M","Q"," "
"13","54","M","H","v"
"13","55","M","G"," "
"13","56","M","H"," "
"13","57","M","G"," "
"13","58","M","K"," "
"13","59","m","W"," "
"13","60","m","G"," "
"13","61","m","D"," "
"13","62","m","D"," "
"13","63","m","K"," "
"13","64","m","D"," "
"13","65","m","D"," "
"13","70","?","S"," "
"13","71","?","S"," "
"13","72","?","S"," "
"13","73","?","B"," "
"13","74"," ","*"," "
"13","75"," ","."," "
"13","76"," ","."," "
"13","77"," ","."," "
"13","78"," ","."," "
"13","79"," ","."," "
"13","80"," ","."," "
"13","81"," ","."," "
"13","82"," ","*"," "
"13","83","?","B"," "
"13","84","?","W"," "
"13","85","?","S"," "
"13","86","?","W"," "
"13","87","?","B"," "
"13","88","?","W"," "
"13","89","?","H"," "
"13","90"," ","*"," "
"13","91"," ","."," "
"13","92"," ","."," "
"13","93"," ","."," "
"13","94"," ","."," "
"13","95"," ","."," "
"13","96"," ","."," "
"13","97"," ","."," "
"13","98"," ","."," "
"13","99"," ","."," "
"14","1"," ","."," "
"14","2"," ","."," "
"14","3"," ","."," "
"14","4"," ","."," "
"14","5"," ","."," "
"14","6"," ","."," "
"14","7"," ","."," "
"14","8"," ","."," "
"14","9"," ","."," "
"14","10"," ","."," "
"14","11"," ","."," "
"14","12"," ","*"," "
"14","13","g","H","v"
"14","14","g","H"," "
"14","15","g","B","n"
"14","16","g","B","n"
"14","17","g","B"," "
"14","18","g","H"," "
"14","19"," ","*"," "
"14","20"," ","."," "
"14","21"," ","."," "
"14","22"," ","."," "
"14","23"," ","."," "
"14","24"," ","."," "
"14","25"," ","."," "
"14","26"," ","*"," "
"14","27"," ","."," "
"14","28"," ","."," "
"14","29"," ","."," "
"14","30"," ","."," "
"14","31"," ","."," "
"14","32"," ","*"," "
"14","33","e","W"," "
"14","34","e","W"," "
"14","35","e","G"," "
"14","36","e","H"," "
"14","37","e","H"," "
"14","38","e","H"," "
"14","39","e","G"," "
"14","40","e","B"," "
"14","41","E","H"," "
"14","42","E","W"," "
"14","43","E","G"," "
"14","44","e","H"," "
"14","45","e","H"," "
"14","46","e","G","w"
"14","47"," ","*"," "
"14","48"," ","."," "
"14","49"," ","."," "
"14","50"," ","*"," "
"14","51","M","H"," "
"14","52","M","H","w"
"14","53","M","H"," "
"14","54","M","Q"," "
"14","55","M","W"," "
"14","56","M","H"," "
"14","57","M","H"," "
"14","58","m","G"," "
"14","59","m","G"," "
"14","60","m","G"," "
"14","61","m","D"," "
"14","62","m","K"," "
"14","63","m","D"," "
"14","64","m","D"," "
"14","65","m","D"," "
"14","70","?","B"," "
"14","71","?","B"," "
"14","72","?","B"," "
"14","73"," ","*"," "
"14","74"," ","."," "
"14","75"," ","."," "
"14","76"," ","."," "
"14","77"," ","."," "
"14","78"," ","."," "
"14","79"," ","."," "
"14","80"," ","."," "
"14","81"," ","."," "
"14","82"," ","*"," "
"14","83","?","B"," "
"14","84","?","S"," "
"14","85","?","S"," "
"14","86"," ","*"," "
"14","87"," ","*"," "
"14","88","?","B"," "
"14","89","?","H"," "
"14","90","?","B","n"
"14","91"," ","*"," "
"14","92"," ","."," "
"14","93"," ","."," "
"14","94"," ","."," "
"14","95"," ","."," "
"14","96"," ","."," "
"14","97"," ","."," "
"14","98"," ","."," "
"14","99"," ","."," "
"15","1"," ","."," "
"15","2"," ","."," "
"15","3"," ","."," "
"15","4"," ","."," "
"15","5"," ","."," "
"15","6"," ","."," "
"15","7"," ","."," "
"15","8"," ","."," "
"15","9"," ","."," "
"15","10"," ","."," "
"15","11"," ","."," "
"15","12"," ","+"," "
"15","13","g","B"," "
"15","14","g","B"," "
"15","15","g","B","n"
"15","16"," ","*"," "
"15","17"," ","*"," "
"15","18"," ","*"," "
"15","19"," ","."," "
"15","20"," ","."," "
"15","21"," ","*"," "
"15","22"," ","."," "
"15","23"," ","."," "
"15","24"," ","."," "
"15","25"," ","*"," "
"15","26","F","B"," "
"15","27"," ","*"," "
"15","28"," ","."," "
"15","29"," ","."," "
"15","30"," ","."," "
"15","31"," ","."," "
"15","32"," ","."," "
"15","33"," ","*"," "
"15","34","e","W"," "
"15","35","e","G"," "
"15","36","e","W"," "
"15","37","e","W"," "
"15","38","e","W"," "
"15","39","e","H"," "
"15","40","e","G"," "
"15","41","e","H","v"
"15","42","e","H"," "
"15","43","e","G"," "
"15","44","e","H"," "
"15","45","e","B","n"
"15","46"," ","*"," "
"15","47"," ","."," "
"15","48"," ","."," "
"15","49"," ","*"," "
"15","50","M","B"," "
"15","51","M","B"," "
"15","52","M","Q"," "
"15","53","M","G"," "
"15","54","M","G"," "
"15","55","M","G"," "
"15","56","M","G"," "
"15","57","m","G"," "
"15","58","m","H"," "
"15","59","m","K"," "
"15","60","m","K"," "
"15","61","m","K"," "
"15","62","m","K"," "
"15","63","m","D"," "
"15","64","m","D"," "
"15","65","m","D"," "
"15","70","?","W"," "
"15","71","?","B"," "
"15","72","?","W"," "
"15","73"," ","*"," "
"15","74"," ","."," "
"15","75"," ","."," "
"15","76"," ","."," "
"15","77"," ","."," "
"15","78"," ","."," "
"15","79"," ","."," "
"15","80"," ","*"," "
"15","81"," ","."," "
"15","82"," ","."," "
"15","83"," ","*"," "
"15","84"," ","*"," "
"15","85"," ","*"," "
"15","86"," ","."," "
"15","87"," ","*"," "
"15","88","?","H"," "
"15","89","?","W"," "
"15","90","?","H"," "
"15","91"," ","*"," "
"15","92"," ","*"," "
"15","93"," ","."," "
"15","94"," ","."," "
"15","95"," ","."," "
"15","96"," ","."," "
"15","97"," ","."," "
"15","98"," ","."," "
"15","99"," ","."," "
"16","1"," ","."," "
"16","2"," ","."," "
"16","3"," ","."," "
"16","4"," ","."," "
"16","5"," ","."," "
"16","6"," ","."," "
"16","7"," ","."," "
"16","8"," ","."," "
"16","9"," ","."," "
"16","10"," ","*"," "
"16","11"," ","."," "
"16","12"," ","+"," "
"16","13"," ","*"," "
"16","14"," ","*"," "
"16","15"," ","*"," "
"16","16"," ","."," "
"16","17"," ","."," "
"16","18"," ","."," "
"16","19"," ","*"," "
"16","20"," ","*"," "
"16","21","G","H"," "
"16","22"," ","*"," "
"16","23"," ","."," "
"16","24"," ","*"," "
"16","25","F","B"," "
"16","26","F","H"," "
"16","27"," ","*"," "
"16","28"," ","."," "
"16","29"," ","."," "
"16","30"," ","."," "
"16","31"," ","."," "
"16","32"," ","."," "
"16","33"," ","*"," "
"16","34","e","H"," "
"16","35","e","G"," "
"16","36","e","B"," "
"16","37","e","H"," "
"16","38","e","H"," "
"16","39","e","W"," "
"16","40","e","B","n"
"16","41","e","H"," "
"16","42","e","G"," "
"16","43","e","H"," "
"16","44","e","B","n"
"16","45"," ","*"," "
"16","46"," ","."," "
"16","47"," ","."," "
"16","48"," ","."," "
"16","49"," ","*"," "
"16","50","M","H"," "
"16","51","M","W"," "
"16","52","M","W"," "
"16","53","M","Q"," "
"16","54","M","G","e"
"16","55","M","G"," "
"16","56","m","W"," "
"16","57","m","G"," "
"16","58","m","K"," "
"16","59","m","W"," "
"16","60","m","G"," "
"16","61","m","D"," "
"16","62","m","D"," "
"16","63","m","K"," "
"16","64","m","D"," "
"16","65","m","K"," "
"16","70","?","B"," "
"16","71","?","W"," "
"16","72","?","B"," "
"16","73"," ","*"," "
"16","74"," ","."," "
"16","75"," ","."," "
"16","76"," ","."," "
"16","77"," ","."," "
"16","78"," ","."," "
"16","79"," ","*"," "
"16","80","?","B"," "
"16","81"," ","*"," "
"16","82"," ","."," "
"16","83"," ","."," "
"16","84"," ","."," "
"16","85"," ","."," "
"16","86"," ","."," "
"16","87"," ","*"," "
"16","88","?","B"," "
"16","89","?","G","g"
"16","90","?","W"," "
"16","91","?","H","e"
"16","92","?","B"," "
"16","93"," ","*"," "
"16","94"," ","."," "
"16","95"," ","."," "
"16","96"," ","."," "
"16","97"," ","."," "
"16","98"," ","."," "
"16","99"," ","."," "
"17","1"," ","."," "
"17","2"," ","."," "
"17","3"," ","."," "
"17","4"," ","."," "
"17","5"," ","."," "
"17","6"," ","."," "
"17","7"," ","."," "
"17","8","G","H"," "
"17","9"," ","*"," "
"17","10","G","H"," "
"17","11"," ","+"," "
"17","12","G","H"," "
"17","13"," ","+"," "
"17","14"," ","."," "
"17","15"," ","."," "
"17","16"," ","."," "
"17","17"," ","*"," "
"17","18"," ","*"," "
"17","19","G","B"," "
"17","20"," ","*"," "
"17","21","G","H"," "
"17","22"," ","*"," "
"17","23"," ","."," "
"17","24"," ","*"," "
"17","25","F","B"," "
"17","26","F","H"," "
"17","27","F","B"," "
"17","28"," ","*"," "
"17","29"," ","."," "
"17","30"," ","."," "
"17","31"," ","*"," "
"17","32"," ","*"," "
"17","33"," ","*"," "
"17","34","e","H"," "
"17","35","e","G"," "
"17","36","e","H"," "
"17","37","e","B","n"
"17","38","e","B"," "
"17","39","e","B","n"
"17","40","e","B"," "
"17","41","e","B"," "
"17","42","e","H"," "
"17","43","e","G"," "
"17","44","e","B"," "
"17","45"," ","*"," "
"17","46"," ","."," "
"17","47"," ","."," "
"17","48"," ","."," "
"17","49"," ","*"," "
"17","50","M","H"," "
"17","51","M","B"," "
"17","52","M","H"," "
"17","53","M","H"," "
"17","54","M","G"," "
"17","55","M","S"," "
"17","56","M","G"," "
"17","57","M","K"," "
"17","58","m","H"," "
"17","59","m","G"," "
"17","60","m","H"," "
"17","61","m","K"," "
"17","62","m","D"," "
"17","63","m","K"," "
"17","64","m","K"," "
"17","65","m","D"," "
"17","70","?","H"," "
"17","71","?","W"," "
"17","72","?","W"," "
"17","73"," ","*"," "
"17","74"," ","."," "
"17","75"," ","."," "
"17","76"," ","."," "
"17","77"," ","."," "
"17","78"," ","*"," "
"17","79","?","B"," "
"17","80","?","B"," "
"17","81"," ","*"," "
"17","82"," ","."," "
"17","83"," ","."," "
"17","84"," ","."," "
"17","85"," ","."," "
"17","86"," ","."," "
"17","87"," ","*"," "
"17","88","?","H"," "
"17","89","?","W"," "
"17","90","?","H"," "
"17","91","?","B","n"
"17","92","?","H"," "
"17","93"," ","*"," "
"17","94"," ","."," "
"17","95"," ","."," "
"17","96"," ","."," "
"17","97"," ","."," "
"17","98"," ","."," "
"17","99"," ","."," "
"18","1"," ","."," "
"18","2"," ","."," "
"18","3"," ","."," "
"18","4"," ","."," "
"18","5"," ","."," "
"18","6","G","H"," "
"18","7"," ","."," "
"18","8"," ","*"," "
"18","9"," ","*"," "
"18","10","G","H"," "
"18","11","G","B"," "
"18","12"," ","*"," "
"18","13","G","H"," "
"18","14"," ","*"," "
"18","15"," ","."," "
"18","16"," ","*"," "
"18","17","G","H"," "
"18","18","G","G"," "
"18","19","G","G"," "
"18","20","G","B"," "
"18","21","G","B"," "
"18","22"," ","*"," "
"18","23"," ","."," "
"18","24"," ","*"," "
"18","25"," ","*"," "
"18","26","F","B"," "
"18","27","F","H"," "
"18","28","F","W"," "
"18","29"," ","*"," "
"18","30"," ","*"," "
"18","31","F","H","w"
"18","32","F","H"," "
"18","33","F","B"," "
"18","34","F","H"," "
"18","35","F","G"," "
"18","36","e","K"," "
"18","37","e","H"," "
"18","38","e","H"," "
"18","39","e","W"," "
"18","40","e","W"," "
"18","41","e","B"," "
"18","42"," ","*"," "
"18","43","e","B"," "
"18","44"," ","*"," "
"18","45"," ","."," "
"18","46"," ","."," "
"18","47"," ","."," "
"18","48"," ","."," "
"18","49"," ","."," "
"18","50"," ","*"," "
"18","51","M","B"," "
"18","52","M","G"," "
"18","53","M","H","v"
"18","54","M","G"," "
"18","55","M","H"," "
"18","56","M","B"," "
"18","57","M","G"," "
"18","58","m","G"," "
"18","59","m","G"," "
"18","60","m","G"," "
"18","61","m","K"," "
"18","62","m","K"," "
"18","63","m","D"," "
"18","64","m","D"," "
"18","65","m","D"," "
"18","70","?","B"," "
"18","71","?","W"," "
"18","72","?","B"," "
"18","73","?","B"," "
"18","74"," ","*"," "
"18","75"," ","*"," "
"18","76"," ","*"," "
"18","77"," ","."," "
"18","78"," ","*"," "
"18","79","?","H","w"
"18","80","?","S"," "
"18","81"," ","*"," "
"18","82"," ","."," "
"18","83"," ","."," "
"18","84"," ","."," "
"18","85"," ","."," "
"18","86"," ","."," "
"18","87"," ","."," "
"18","88"," ","*"," "
"18","89"," ","*"," "
"18","90"," ","*"," "
"18","91"," ","*"," "
"18","92","?","B","n"
"18","93","?","W"," "
"18","94"," ","*"," "
"18","95"," ","."," "
"18","96"," ","."," "
"18","97"," ","."," "
"18","98"," ","."," "
"18","99"," ","."," "
"19","1"," ","."," "
"19","2"," ","."," "
"19","3"," ","."," "
"19","4"," ","."," "
"19","5"," ","."," "
"19","6"," ","."," "
"19","7"," ","*"," "
"19","8","G","G"," "
"19","9","G","H"," "
"19","10","G","H","v"
"19","11","G","W"," "
"19","12","G","B"," "
"19","13","G","B"," "
"19","14"," ","*"," "
"19","15"," ","*"," "
"19","16","G","H"," "
"19","17","G","H","v"
"19","18","G","G"," "
"19","19","G","G","e"
"19","20","G","B","n"
"19","21"," ","*"," "
"19","22"," ","."," "
"19","23"," ","*"," "
"19","24","F","B","n"
"19","25","F","B","n"
"19","26","F","B"," "
"19","27","F","B"," "
"19","28","F","B"," "
"19","29","F","B","n"
"19","30","F","B","n"
"19","31","F","B"," "
"19","32","F","W"," "
"19","33","F","B"," "
"19","34","F","B"," "
"19","35","F","G"," "
"19","36","F","K"," "
"19","37","e","H"," "
"19","38","e","H","p"
"19","39","e","W"," "
"19","40","e","H"," "
"19","41"," ","*"," "
"19","42"," ","."," "
"19","43"," ","*"," "
"19","44"," ","."," "
"19","45"," ","."," "
"19","46"," ","."," "
"19","47"," ","."," "
"19","48"," ","."," "
"19","49"," ","*"," "
"19","50","M","B"," "
"19","51","M","B"," "
"19","52","M","H"," "
"19","53","M","G"," "
"19","54","M","G"," "
"19","55","M","G"," "
"19","56","M","H"," "
"19","57","M","G"," "
"19","58","m","W"," "
"19","59","m","K"," "
"19","60","m","G"," "
"19","61","m","H"," "
"19","62","m","K"," "
"19","63","m","K"," "
"19","64","m","D"," "
"19","65","m","D"," "
"19","70","?","B"," "
"19","71","?","W"," "
"19","72","?","W"," "
"19","73","?","S"," "
"19","74","?","W"," "
"19","75","?","S"," "
"19","76","?","B"," "
"19","77"," ","+"," "
"19","78"," ","+"," "
"19","79","?","B"," "
"19","80","?","W"," "
"19","81"," ","*"," "
"19","82"," ","."," "
"19","83","?","B"," "
"19","84"," ","."," "
"19","85"," ","."," "
"19","86"," ","."," "
"19","87"," ","."," "
"19","88"," ","."," "
"19","89"," ","."," "
"19","90"," ","."," "
"19","91"," ","."," "
"19","92"," ","*"," "
"19","93","?","H"," "
"19","94"," ","*"," "
"19","95"," ","."," "
"19","96"," ","."," "
"19","97"," ","."," "
"19","98"," ","."," "
"19","99"," ","."," "
"20","1"," ","."," "
"20","2"," ","."," "
"20","3"," ","."," "
"20","4"," ","."," "
"20","5"," ","."," "
"20","6"," ","."," "
"20","7"," ","*"," "
"20","8","G","G"," "
"20","9","G","H"," "
"20","10","G","H"," "
"20","11","G","W"," "
"20","12","G","B"," "
"20","13","G","B"," "
"20","14","G","W"," "
"20","15","G","H"," "
"20","16","G","H"," "
"20","17","G","H","p"
"20","18","G","G"," "
"20","19","G","G"," "
"20","20","G","B","n"
"20","21","G","B","n"
"20","22"," ","+"," "
"20","23"," ","+"," "
"20","24","F","B"," "
"20","25","F","B","n"
"20","26","F","B"," "
"20","27","F","B"," "
"20","28","F","B"," "
"20","29","F","B"," "
"20","30","F","B","n"
"20","31","F","B"," "
"20","32","F","W"," "
"20","33","F","B"," "
"20","34","F","B"," "
"20","35","F","G"," "
"20","36","F","G"," "
"20","37","e","H"," "
"20","38","e","H","p"
"20","39","e","W"," "
"20","40","e","H"," "
"20","41"," ","*"," "
"20","42"," ","."," "
"20","43"," ","."," "
"20","44"," ","."," "
"20","45"," ","."," "
"20","46"," ","."," "
"20","47"," ","."," "
"20","48"," ","."," "
"20","49"," ","*"," "
"20","50","M","B"," "
"20","51","M","B"," "
"20","52","M","H"," "
"20","53","M","G"," "
"20","54","M","G"," "
"20","55","M","G"," "
"20","56","m","H"," "
"20","57","m","G"," "
"20","58","m","W"," "
"20","59","m","K"," "
"20","60","m","G"," "
"20","61","m","H"," "
"20","62","m","K"," "
"20","63","m","D"," "
"20","64","m","K"," "
"20","65","m","K"," "
"20","70","?","B"," "
"20","71","?","B","n"
"20","72","?","B","w"
"20","73","?","B"," "
"20","74","?","S"," "
"20","75","?","B"," "
"20","76","?","S"," "
"20","77"," ","*"," "
"20","78"," ","*"," "
"20","79","?","W"," "
"20","80","?","B"," "
"20","81"," ","*"," "
"20","82"," ","."," "
"20","83","?","H"," "
"20","84"," ","."," "
"20","85"," ","."," "
"20","86"," ","."," "
"20","87"," ","."," "
"20","88"," ","."," "
"20","89"," ","."," "
"20","90"," ","."," "
"20","91"," ","."," "
"20","92"," ","*"," "
"20","93","?","B"," "
"20","94","?","H"," "
"20","95"," ","*"," "
"20","96"," ","."," "
"20","97"," ","."," "
"20","98","?","H"," "
"20","99"," ","."," "
"21","1"," ","."," "
"21","2"," ","."," "
"21","3"," ","."," "
"21","4"," ","."," "
"21","5"," ","."," "
"21","6"," ","*"," "
"21","7","G","G"," "
"21","8","G","G"," "
"21","9","G","G"," "
"21","10","G","G"," "
"21","11"," ","*"," "
"21","12","G","W"," "
"21","13","G","H"," "
"21","14","G","H"," "
"21","15","G","H","e"
"21","16","G","H","v"
"21","17","G","H"," "
"21","18","G","H"," "
"21","19","G","H"," "
"21","20","G","W"," "
"21","21","G","H"," "
"21","22"," ","*"," "
"21","23"," ","."," "
"21","24"," ","*"," "
"21","25","f","B"," "
"21","26","f","H"," "
"21","27","f","H","w"
"21","28","f","H"," "
"21","29","F","B"," "
"21","30","F","B"," "
"21","31","F","B"," "
"21","32","F","B"," "
"21","33","F","B"," "
"21","34","F","W"," "
"21","35","F","H","v"
"21","36","F","G"," "
"21","37","e","G"," "
"21","38","e","G"," "
"21","39","F","W"," "
"21","40"," ","*"," "
"21","41"," ","."," "
"21","42"," ","."," "
"21","43"," ","."," "
"21","44"," ","."," "
"21","45"," ","."," "
"21","46"," ","."," "
"21","47"," ","."," "
"21","48"," ","."," "
"21","49"," ","*"," "
"21","50","M","B"," "
"21","51","M","B"," "
"21","52","M","G"," "
"21","53","M","G"," "
"21","54","M","G"," "
"21","55","m","H"," "
"21","56","m","S"," "
"21","57","m","G"," "
"21","58","m","H"," "
"21","59","m","G"," "
"21","60","m","K"," "
"21","61","m","K"," "
"21","62","m","K"," "
"21","63","m","D"," "
"21","64","m","K"," "
"21","65","m","D"," "
"21","70","?","B","n"
"21","71","?","B","n"
"21","72","?","B"," "
"21","73"," ","*"," "
"21","74"," ","*"," "
"21","75"," ","*"," "
"21","76"," ","*"," "
"21","77"," ","."," "
"21","78"," ","*"," "
"21","79","?","B"," "
"21","80","?","B"," "
"21","81"," ","*"," "
"21","82"," ","."," "
"21","83","?","W"," "
"21","84"," ","."," "
"21","85"," ","."," "
"21","86"," ","."," "
"21","87"," ","."," "
"21","88"," ","."," "
"21","89"," ","."," "
"21","90"," ","."," "
"21","91"," ","."," "
"21","92"," ","*"," "
"21","93","?","B"," "
"21","94"," ","*"," "
"21","95"," ","."," "
"21","96"," ","."," "
"21","97"," ","."," "
"21","98"," ","."," "
"21","99"," ","*"," "
"22","1"," ","."," "
"22","2"," ","."," "
"22","3"," ","."," "
"22","4"," ","."," "
"22","5"," ","."," "
"22","6"," ","*"," "
"22","7","G","G"," "
"22","8"," ","*"," "
"22","9","G","G"," "
"22","10","G","G"," "
"22","11","G","H"," "
"22","12"," ","+"," "
"22","13","G","W"," "
"22","14","G","B"," "
"22","15","G","H"," "
"22","16","G","H"," "
"22","17","G","H","v"
"22","18","G","W"," "
"22","19","G","B"," "
"22","20","G","B"," "
"22","21","G","B"," "
"22","22"," ","*"," "
"22","23"," ","."," "
"22","24"," ","*"," "
"22","25","f","H"," "
"22","26","f","H"," "
"22","27","f","B"," "
"22","28","f","B"," "
"22","29","f","W"," "
"22","30","f","B"," "
"22","31","F","B"," "
"22","32","F","B"," "
"22","33","F","H"," "
"22","34","F","B"," "
"22","35","F","H"," "
"22","36","F","G"," "
"22","37","F","G"," "
"22","38","F","G"," "
"22","39","F","H"," "
"22","40"," ","*"," "
"22","41"," ","."," "
"22","42"," ","."," "
"22","43","e","H"," "
"22","44","e","B"," "
"22","45"," ","."," "
"22","46"," ","."," "
"22","47"," ","."," "
"22","48"," ","."," "
"22","49"," ","."," "
"22","50"," ","*"," "
"22","51","M","B"," "
"22","52","M","H"," "
"22","53","M","G"," "
"22","54","M","H"," "
"22","55","m","H"," "
"22","56","m","G"," "
"22","57","m","H"," "
"22","58","m","G"," "
"22","59","m","W"," "
"22","60","m","G"," "
"22","61","m","K"," "
"22","62","m","K"," "
"22","63","m","D"," "
"22","64","m","K"," "
"22","65","m","D"," "
"22","70","?","B"," "
"22","71","?","B"," "
"22","72"," ","*"," "
"22","73"," ","."," "
"22","74"," ","."," "
"22","75"," ","."," "
"22","76"," ","."," "
"22","77"," ","."," "
"22","78"," ","."," "
"22","79"," ","*"," "
"22","80","?","H"," "
"22","81"," ","*"," "
"22","82"," ","."," "
"22","83"," ","."," "
"22","84"," ","."," "
"22","85"," ","."," "
"22","86"," ","."," "
"22","87"," ","."," "
"22","88"," ","."," "
"22","89"," ","."," "
"22","90"," ","."," "
"22","91"," ","."," "
"22","92"," ","."," "
"22","93"," ","*"," "
"22","94","?","W"," "
"22","95"," ","*"," "
"22","96"," ","*"," "
"22","97"," ","*"," "
"22","98"," ","*"," "
"22","99","?","W"," "
"23","1"," ","."," "
"23","2"," ","."," "
"23","3"," ","."," "
"23","4"," ","."," "
"23","5","G","H"," "
"23","6"," ","."," "
"23","7"," ","*"," "
"23","8"," ","*"," "
"23","9","G","H"," "
"23","10","G","B"," "
"23","11"," ","*"," "
"23","12"," ","."," "
"23","13"," ","*"," "
"23","14"," ","*"," "
"23","15","G","H"," "
"23","16","G","H"," "
"23","17","G","H"," "
"23","18","G","W"," "
"23","19","G","B"," "
"23","20","G","B"," "
"23","21","G","H"," "
"23","22"," ","*"," "
"23","23"," ","."," "
"23","24"," ","*"," "
"23","25","f","B"," "
"23","26","f","B"," "
"23","27","f","B"," "
"23","28","f","B"," "
"23","29","f","W"," "
"23","30","f","H","v"
"23","31","f","B"," "
"23","32","F","W"," "
"23","33","F","W"," "
"23","34","F","H"," "
"23","35","F","H"," "
"23","36","F","H"," "
"23","37","F","H"," "
"23","38","F","H"," "
"23","39","F","B"," "
"23","40"," ","*"," "
"23","41"," ","."," "
"23","42"," ","."," "
"23","43"," ","."," "
"23","44"," ","."," "
"23","45"," ","."," "
"23","46"," ","."," "
"23","47"," ","."," "
"23","48"," ","."," "
"23","49"," ","."," "
"23","50"," ","*"," "
"23","51","M","B"," "
"23","52","M","G"," "
"23","53","M","W"," "
"23","54","M","W"," "
"23","55","M","S"," "
"23","56","m","W"," "
"23","57","m","G"," "
"23","58","m","B"," "
"23","59","m","K"," "
"23","60","m","H"," "
"23","61","m","K"," "
"23","62","m","D"," "
"23","63","m","D"," "
"23","64","m","D"," "
"23","65","m","D"," "
"23","70","?","B"," "
"23","71"," ","*"," "
"23","72"," ","."," "
"23","73"," ","."," "
"23","74"," ","."," "
"23","75"," ","."," "
"23","76","?","B"," "
"23","77"," ","."," "
"23","78"," ","."," "
"23","79"," ","*"," "
"23","80","?","W"," "
"23","81","?","H"," "
"23","82"," ","*"," "
"23","83"," ","."," "
"23","84"," ","."," "
"23","85"," ","."," "
"23","86"," ","."," "
"23","87"," ","."," "
"23","88"," ","."," "
"23","89"," ","."," "
"23","90"," ","."," "
"23","91"," ","."," "
"23","92"," ","."," "
"23","93"," ","*"," "
"23","94","?","B"," "
"23","95","?","B"," "
"23","96","?","B"," "
"23","97","?","B"," "
"23","98","?","H"," "
"23","99","?","H"," "
"24","1"," ","."," "
"24","2"," ","."," "
"24","3"," ","."," "
"24","4"," ","."," "
"24","5"," ","."," "
"24","6"," ","."," "
"24","7"," ","."," "
"24","8"," ","."," "
"24","9"," ","*"," "
"24","10"," ","*"," "
"24","11"," ","."," "
"24","12"," ","."," "
"24","13"," ","."," "
"24","14"," ","."," "
"24","15"," ","*"," "
"24","16"," ","*"," "
"24","17"," ","*"," "
"24","18","G","B"," "
"24","19","G","B"," "
"24","20"," ","*"," "
"24","21","G","B"," "
"24","22"," ","*"," "
"24","23"," ","*"," "
"24","24","f","B"," "
"24","25","f","B"," "
"24","26","f","W"," "
"24","27","f","B"," "
"24","28","f","B"," "
"24","29","f","B"," "
"24","30","f","B"," "
"24","31","f","W"," "
"24","32","f","W"," "
"24","33","F","G","w"
"24","34","F","G"," "
"24","35","F","H","p"
"24","36","F","B"," "
"24","37","F","B"," "
"24","38","F","B"," "
"24","39"," ","*"," "
"24","40"," ","."," "
"24","41"," ","."," "
"24","42"," ","."," "
"24","43","e","B","w"
"24","44"," ","."," "
"24","45"," ","."," "
"24","46"," ","."," "
"24","47"," ","."," "
"24","48"," ","."," "
"24","49"," ","."," "
"24","50"," ","*"," "
"24","51","M","B"," "
"24","52","M","H"," "
"24","53","M","H"," "
"24","54","M","H"," "
"24","55","m","H"," "
"24","56","m","S"," "
"24","57","m","G"," "
"24","58","m","H"," "
"24","59","m","H"," "
"24","60","m","B"," "
"24","61","m","K"," "
"24","62","m","K"," "
"24","63","m","K"," "
"24","64","m","D"," "
"24","65","m","K"," "
"24","70"," ","*"," "
"24","71"," ","."," "
"24","72"," ","."," "
"24","73"," ","."," "
"24","74"," ","."," "
"24","75"," ","."," "
"24","76","?","W"," "
"24","77","?","B"," "
"24","78"," ","."," "
"24","79"," ","."," "
"24","80"," ","*"," "
"24","81","?","B"," "
"24","82"," ","*"," "
"24","83"," ","."," "
"24","84"," ","."," "
"24","85"," ","."," "
"24","86"," ","."," "
"24","87"," ","."," "
"24","88"," ","."," "
"24","89"," ","."," "
"24","90"," ","."," "
"24","91"," ","."," "
"24","92"," ","."," "
"24","93"," ","."," "
"24","94"," ","*"," "
"24","95","?","B"," "
"24","96","?","G"," "
"24","97","?","W"," "
"24","98","?","G","g"
"24","99","?","G"," "
"25","1"," ","."," "
"25","2"," ","."," "
"25","3"," ","."," "
"25","4"," ","."," "
"25","5"," ","."," "
"25","6"," ","."," "
"25","7"," ","."," "
"25","8"," ","."," "
"25","9"," ","."," "
"25","10"," ","."," "
"25","11"," ","."," "
"25","12"," ","."," "
"25","13"," ","."," "
"25","14"," ","."," "
"25","15"," ","."," "
"25","16"," ","."," "
"25","17"," ","."," "
"25","18"," ","*"," "
"25","19"," ","*"," "
"25","20"," ","."," "
"25","21"," ","+"," "
"25","22"," ","+"," "
"25","23","f","B"," "
"25","24","f","B"," "
"25","25","f","B"," "
"25","26","f","W"," "
"25","27","f","B"," "
"25","28","f","B"," "
"25","29","f","B"," "
"25","30","f","B"," "
"25","31","f","H"," "
"25","32","f","W"," "
"25","33","f","H"," "
"25","34","F","G"," "
"25","35","F","W"," "
"25","36"," ","*"," "
"25","37"," ","*"," "
"25","38"," ","*"," "
"25","39"," ","."," "
"25","40"," ","."," "
"25","41"," ","."," "
"25","42"," ","."," "
"25","43"," ","."," "
"25","44"," ","."," "
"25","45"," ","."," "
"25","46"," ","."," "
"25","47"," ","."," "
"25","48"," ","."," "
"25","49"," ","."," "
"25","50"," ","*"," "
"25","51","M","B"," "
"25","52","M","G"," "
"25","53","M","S"," "
"25","54","M","H"," "
"25","55","m","G"," "
"25","56","M","G"," "
"25","57","m","H"," "
"25","58","m","G"," "
"25","59","m","G"," "
"25","60","m","G","e"
"25","61","m","K"," "
"25","62","7","D"," "
"25","63","m","K"," "
"25","64","m","D"," "
"25","65","7","K"," "
"25","70"," ","."," "
"25","71"," ","."," "
"25","72"," ","."," "
"25","73"," ","."," "
"25","74"," ","."," "
"25","75"," ","."," "
"25","76"," ","."," "
"25","77"," ","."," "
"25","78"," ","."," "
"25","79"," ","."," "
"25","80"," ","*"," "
"25","81","?","B"," "
"25","82"," ","*"," "
"25","83"," ","."," "
"25","84"," ","."," "
"25","85"," ","."," "
"25","86"," ","."," "
"25","87"," ","."," "
"25","88"," ","."," "
"25","89"," ","."," "
"25","90"," ","."," "
"25","91"," ","."," "
"25","92"," ","*"," "
"25","93"," ","*"," "
"25","94","?","B"," "
"25","95","?","W"," "
"25","96","?","H"," "
"25","97","?","H"," "
"25","98","?","W"," "
"25","99","?","W"," "
"26","1"," ","."," "
"26","2"," ","."," "
"26","3"," ","."," "
"26","4"," ","."," "
"26","5"," ","."," "
"26","6"," ","."," "
"26","7"," ","."," "
"26","8"," ","."," "
"26","9"," ","."," "
"26","10"," ","."," "
"26","11"," ","."," "
"26","12"," ","."," "
"26","13"," ","."," "
"26","14"," ","."," "
"26","15"," ","."," "
"26","16"," ","."," "
"26","17"," ","."," "
"26","18"," ","."," "
"26","19"," ","."," "
"26","20"," ","."," "
"26","21"," ","."," "
"26","22"," ","*"," "
"26","23","H","B"," "
"26","24","H","B"," "
"26","25","f","W"," "
"26","26","f","H"," "
"26","27","f","W"," "
"26","28","f","B"," "
"26","29","f","H"," "
"26","30","f","W"," "
"26","31","f","H"," "
"26","32","f","B"," "
"26","33","f","G"," "
"26","34","F","W"," "
"26","35","F","B"," "
"26","36"," ","*"," "
"26","37"," ","."," "
"26","38"," ","."," "
"26","39"," ","."," "
"26","40"," ","."," "
"26","41"," ","."," "
"26","42"," ","."," "
"26","43"," ","."," "
"26","44"," ","."," "
"26","45"," ","."," "
"26","46"," ","."," "
"26","47"," ","."," "
"26","48"," ","."," "
"26","49"," ","*"," "
"26","50","M","B"," "
"26","51","M","B"," "
"26","52","7","H"," "
"26","53","M","W"," "
"26","54","m","G"," "
"26","55","M","S"," "
"26","56","m","S"," "
"26","57","m","H"," "
"26","58","m","G"," "
"26","59","7","H"," "
"26","60","7","K"," "
"26","61","7","K"," "
"26","62","7","K"," "
"26","63","m","D"," "
"26","64","7","D"," "
"26","65","7","D"," "
"26","70"," ","."," "
"26","71"," ","."," "
"26","72"," ","."," "
"26","73"," ","."," "
"26","74"," ","."," "
"26","75"," ","."," "
"26","76"," ","."," "
"26","77"," ","."," "
"26","78","?","B"," "
"26","79"," ","."," "
"26","80"," ","."," "
"26","81"," ","+"," "
"26","82"," ","."," "
"26","83"," ","*"," "
"26","84"," ","."," "
"26","85"," ","."," "
"26","86"," ","."," "
"26","87"," ","."," "
"26","88"," ","."," "
"26","89"," ","."," "
"26","90"," ","*"," "
"26","91"," ","*"," "
"26","92","?","B"," "
"26","93","?","B"," "
"26","94","?","B"," "
"26","95","?","S"," "
"26","96","?","S"," "
"26","97","?","W"," "
"26","98","?","G","e"
"26","99","?","H"," "
"27","1"," ","."," "
"27","2"," ","."," "
"27","3"," ","."," "
"27","4"," ","."," "
"27","5"," ","."," "
"27","6"," ","."," "
"27","7"," ","."," "
"27","8"," ","."," "
"27","9"," ","."," "
"27","10"," ","."," "
"27","11"," ","."," "
"27","12"," ","."," "
"27","13"," ","."," "
"27","14"," ","."," "
"27","15"," ","."," "
"27","16"," ","."," "
"27","17"," ","."," "
"27","18"," ","."," "
"27","19"," ","."," "
"27","20"," ","*"," "
"27","21"," ","*"," "
"27","22","H","B"," "
"27","23","H","B"," "
"27","24","H","H","v"
"27","25","H","W"," "
"27","26","H","W"," "
"27","27","f","W"," "
"27","28","f","H","v"
"27","29","f","H","e"
"27","30","f","W"," "
"27","31","f","B"," "
"27","32","f","B"," "
"27","33","f","B"," "
"27","34","F","B"," "
"27","35","F","B"," "
"27","36","F","B"," "
"27","37"," ","*"," "
"27","38"," ","."," "
"27","39"," ","."," "
"27","40"," ","."," "
"27","41"," ","."," "
"27","42"," ","."," "
"27","43"," ","."," "
"27","44"," ","."," "
"27","45"," ","."," "
"27","46"," ","."," "
"27","47"," ","."," "
"27","48"," ","."," "
"27","49"," ","*"," "
"27","50","7","B"," "
"27","51","7","H"," "
"27","52","7","G"," "
"27","53","7","W"," "
"27","54","7","W"," "
"27","55","7","H","p"
"27","56","7","G"," "
"27","57","m","G"," "
"27","58","m","G"," "
"27","59","m","H"," "
"27","60","7","H"," "
"27","61","7","K"," "
"27","62","7","D"," "
"27","63","7","K"," "
"27","64","7","D"," "
"27","65","7","D"," "
"27","70"," ","."," "
"27","71"," ","."," "
"27","72"," ","."," "
"27","73"," ","."," "
"27","74"," ","."," "
"27","75"," ","."," "
"27","76"," ","."," "
"27","77"," ","."," "
"27","78"," ","."," "
"27","79"," ","."," "
"27","80"," ","."," "
"27","81"," ","+"," "
"27","82"," ","*"," "
"27","83","?","B"," "
"27","84"," ","*"," "
"27","85"," ","."," "
"27","86"," ","."," "
"27","87"," ","."," "
"27","88"," ","."," "
"27","89"," ","*"," "
"27","90","?","B","n"
"27","91","?","W"," "
"27","92","?","H"," "
"27","93","?","H"," "
"27","94","?","W"," "
"27","95","?","H"," "
"27","96","?","W"," "
"27","97","?","G"," "
"27","98","?","H"," "
"27","99","?","W"," "
"28","1"," ","."," "
"28","2"," ","."," "
"28","3"," ","."," "
"28","4"," ","."," "
"28","5"," ","."," "
"28","6"," ","."," "
"28","7"," ","."," "
"28","8"," ","."," "
"28","9"," ","."," "
"28","10"," ","."," "
"28","11"," ","."," "
"28","12"," ","."," "
"28","13"," ","."," "
"28","14"," ","."," "
"28","15"," ","."," "
"28","16"," ","."," "
"28","17"," ","."," "
"28","18"," ","."," "
"28","19"," ","*"," "
"28","20","H","B"," "
"28","21","H","B"," "
"28","22","H","B"," "
"28","23","H","B"," "
"28","24","H","B"," "
"28","25","H","B"," "
"28","26","H","B"," "
"28","27","H","H"," "
"28","28","f","H"," "
"28","29","f","H"," "
"28","30","f","H"," "
"28","31","f","H"," "
"28","32","f","H"," "
"28","33","I","H"," "
"28","34","I","H"," "
"28","35","F","H"," "
"28","36","F","B"," "
"28","37"," ","*"," "
"28","38"," ","."," "
"28","39"," ","."," "
"28","40"," ","."," "
"28","41"," ","."," "
"28","42"," ","*"," "
"28","43"," ","*"," "
"28","44"," ","*"," "
"28","45"," ","*"," "
"28","46"," ","."," "
"28","47"," ","."," "
"28","48"," ","*"," "
"28","49","7","B"," "
"28","50","7","B","n"
"28","51","7","H"," "
"28","52","7","G"," "
"28","53","7","H"," "
"28","54","7","G"," "
"28","55","7","H"," "
"28","56","7","G"," "
"28","57","7","G","w"
"28","58","7","H"," "
"28","59","7","G"," "
"28","60","7","H"," "
"28","61","7","D"," "
"28","62","7","D"," "
"28","63","7","K"," "
"28","64","7","D"," "
"28","65","7","D"," "
"28","70"," ","."," "
"28","71"," ","."," "
"28","72"," ","."," "
"28","73"," ","."," "
"28","74"," ","."," "
"28","75"," ","."," "
"28","76"," ","."," "
"28","77","?","B"," "
"28","78"," ","."," "
"28","79"," ","."," "
"28","80"," ","*"," "
"28","81","?","B"," "
"28","82"," ","*"," "
"28","83","?","H"," "
"28","84"," ","*"," "
"28","85"," ","."," "
"28","86"," ","."," "
"28","87"," ","."," "
"28","88"," ","."," "
"28","89"," ","."," "
"28","90"," ","+"," "
"28","91"," ","*"," "
"28","92"," ","*"," "
"28","93","?","B","n"
"28","94","?","G"," "
"28","95","?","G"," "
"28","96","?","H"," "
"28","97","?","H"," "
"28","98","?","W"," "
"28","99","?","B"," "
"29","1"," ","."," "
"29","2"," ","."," "
"29","3"," ","."," "
"29","4"," ","."," "
"29","5"," ","."," "
"29","6"," ","."," "
"29","7"," ","."," "
"29","8"," ","*"," "
"29","9"," ","*"," "
"29","10"," ","*"," "
"29","11"," ","*"," "
"29","12"," ","."," "
"29","13"," ","."," "
"29","14"," ","."," "
"29","15"," ","."," "
"29","16"," ","."," "
"29","17"," ","."," "
"29","18"," ","*"," "
"29","19","H","B"," "
"29","20"," ","."," "
"29","21","H","B"," "
"29","22","H","H","p"
"29","23","H","W"," "
"29","24","H","B"," "
"29","25","H","B"," "
"29","26","H","B"," "
"29","27","H","H"," "
"29","28","f","H"," "
"29","29","f","W"," "
"29","30","f","H"," "
"29","31"," ","."," "
"29","32","I","G"," "
"29","33","I","H"," "
"29","34","I","B"," "
"29","35","I","B"," "
"29","36"," ","*"," "
"29","37"," ","."," "
"29","38"," ","."," "
"29","39"," ","."," "
"29","40"," ","."," "
"29","41"," ","*"," "
"29","42","n","H","p"
"29","43","n","G","e"
"29","44","n","G"," "
"29","45","n","H","v"
"29","46"," ","*"," "
"29","47"," ","."," "
"29","48"," ","."," "
"29","49"," ","*"," "
"29","50","7","B","n"
"29","51","7","B","n"
"29","52","7","B"," "
"29","53","7","B"," "
"29","54","7","H"," "
"29","55","7","H"," "
"29","56","7","H"," "
"29","57","7","H"," "
"29","58","7","G"," "
"29","59","7","G"," "
"29","60","7","K"," "
"29","61","7","K"," "
"29","62","7","D"," "
"29","63","7","K"," "
"29","64","7","D"," "
"29","65","7","D"," "
"29","70"," ","."," "
"29","71"," ","."," "
"29","72"," ","."," "
"29","73"," ","."," "
"29","74"," ","."," "
"29","75"," ","."," "
"29","76"," ","."," "
"29","77","?","H","z"
"29","78","?","B"," "
"29","79"," ","."," "
"29","80"," ","*"," "
"29","81","?","B"," "
"29","82","?","H"," "
"29","83","?","B"," "
"29","84"," ","*"," "
"29","85"," ","."," "
"29","86"," ","."," "
"29","87"," ","."," "
"29","88"," ","."," "
"29","89"," ","."," "
"29","90"," ","*"," "
"29","91","?","B","n"
"29","92","?","W"," "
"29","93","?","W"," "
"29","94","?","H"," "
"29","95","?","W"," "
"29","96","?","W"," "
"29","97","?","W"," "
"29","98","?","B"," "
"29","99","?","W"," "
"30","1"," ","."," "
"30","2"," ","."," "
"30","3"," ","."," "
"30","4"," ","."," "
"30","5"," ","*"," "
"30","6"," ","."," "
"30","7"," ","*"," "
"30","8","D","G"," "
"30","9","D","H"," "
"30","10","D","G"," "
"30","11","D","H"," "
"30","12"," ","*"," "
"30","13"," ","."," "
"30","14"," ","."," "
"30","15"," ","."," "
"30","16"," ","."," "
"30","17"," ","."," "
"30","18"," ","*"," "
"30","19","H","B","n"
"30","20","H","B"," "
"30","21","H","B"," "
"30","22","H","B"," "
"30","23","H","H","p"
"30","24","H","B"," "
"30","25","H","B"," "
"30","26","H","H"," "
"30","27","H","B"," "
"30","28","H","B"," "
"30","29","B","B"," "
"30","30","B","B"," "
"30","31","I","G"," "
"30","32","I","G"," "
"30","33","I","G","w"
"30","34","I","B"," "
"30","35"," ","*"," "
"30","36"," ","."," "
"30","37"," ","."," "
"30","38","I","W"," "
"30","39","I","G"," "
"30","40","I","B"," "
"30","41"," ","*"," "
"30","42","n","H"," "
"30","43","n","B"," "
"30","44","n","B"," "
"30","45"," ","*"," "
"30","46"," ","."," "
"30","47"," ","."," "
"30","48"," ","*"," "
"30","49","7","B"," "
"30","50","7","B"," "
"30","51","7","B","n"
"30","52","7","B"," "
"30","53","7","B"," "
"30","54"," ","*"," "
"30","55","7","B"," "
"30","56","7","H"," "
"30","57","7","G"," "
"30","58","7","W"," "
"30","59","7","H"," "
"30","60","7","D"," "
"30","61","7","D"," "
"30","62","7","K"," "
"30","63","7","K"," "
"30","64","7","K"," "
"30","65","7","D"," "
"30","70"," ","."," "
"30","71"," ","."," "
"30","72"," ","."," "
"30","73"," ","."," "
"30","74"," ","."," "
"30","75"," ","."," "
"30","76"," ","."," "
"30","77"," ","."," "
"30","78"," ","."," "
"30","79"," ","."," "
"30","80"," ","*"," "
"30","81","?","H"," "
"30","82","?","G","e"
"30","83"," ","*"," "
"30","84"," ","."," "
"30","85"," ","."," "
"30","86"," ","."," "
"30","87"," ","."," "
"30","88"," ","."," "
"30","89","?","B"," "
"30","90"," ","."," "
"30","91"," ","*"," "
"30","92","?","H"," "
"30","93","?","H"," "
"30","94","?","H"," "
"30","95","?","W"," "
"30","96","?","B"," "
"30","97","?","B"," "
"30","98","?","B"," "
"30","99","?","W"," "
"31","1"," ","."," "
"31","2"," ","."," "
"31","3"," ","*"," "
"31","4"," ","+"," "
"31","5","D","B"," "
"31","6"," ","+"," "
"31","7","D","H"," "
"31","8","D","H","p"
"31","9","D","B"," "
"31","10","D","B"," "
"31","11","D","B"," "
"31","12","D","H"," "
"31","13"," ","*"," "
"31","14"," ","."," "
"31","15"," ","."," "
"31","16"," ","."," "
"31","17"," ","."," "
"31","18"," ","*"," "
"31","19","H","B","n"
"31","20","H","B","n"
"31","21","H","H","p"
"31","22","H","H","w"
"31","23","H","H","v"
"31","24","H","H"," "
"31","25","H","G"," "
"31","26","B","H"," "
"31","27","H","B","n"
"31","28","B","B"," "
"31","29","B","G"," "
"31","30","I","G"," "
"31","31","I","W"," "
"31","32","I","B"," "
"31","33","I","H","w"
"31","34","I","B"," "
"31","35"," ","*"," "
"31","36"," ","."," "
"31","37"," ","."," "
"31","38"," ","."," "
"31","39"," ","."," "
"31","40"," ","."," "
"31","41"," ","."," "
"31","42"," ","*"," "
"31","43"," ","*"," "
"31","44"," ","*"," "
"31","45"," ","."," "
"31","46"," ","."," "
"31","47"," ","."," "
"31","48"," ","."," "
"31","49"," ","*"," "
"31","50","7","B"," "
"31","51"," ","*"," "
"31","52"," ","*"," "
"31","53","7","B"," "
"31","54"," ","*"," "
"31","55"," ","*"," "
"31","56","7","H"," "
"31","57","7","W"," "
"31","58","7","B"," "
"31","59","7","H"," "
"31","60","7","K"," "
"31","61","7","K"," "
"31","62","7","D"," "
"31","63","7","K"," "
"31","64","7","K"," "
"31","65","7","D"," "
"31","70"," ","."," "
"31","71"," ","."," "
"31","72"," ","."," "
"31","73"," ","."," "
"31","74"," ","."," "
"31","75"," ","."," "
"31","76"," ","."," "
"31","77"," ","."," "
"31","78"," ","."," "
"31","79"," ","."," "
"31","80"," ","."," "
"31","81"," ","*"," "
"31","82","?","H"," "
"31","83"," ","*"," "
"31","84"," ","."," "
"31","85"," ","."," "
"31","86"," ","."," "
"31","87"," ","."," "
"31","88"," ","."," "
"31","89"," ","."," "
"31","90"," ","."," "
"31","91","?","H","z"
"31","92"," ","*"," "
"31","93","?","B"," "
"31","94","?","W"," "
"31","95","?","H"," "
"31","96","?","W"," "
"31","97","?","W","z"
"31","98","?","W"," "
"31","99","?","W"," "
"32","1"," ","."," "
"32","2"," ","*"," "
"32","3","D","T"," "
"32","4","D","G"," "
"32","5"," ","*"," "
"32","6","D","H"," "
"32","7","D","H"," "
"32","8","D","G"," "
"32","9","D","H","v"
"32","10","D","B","n"
"32","11","D","B","n"
"32","12","D","H"," "
"32","13"," ","*"," "
"32","14"," ","."," "
"32","15"," ","*"," "
"32","16"," ","*"," "
"32","17"," ","."," "
"32","18"," ","*"," "
"32","19","B","B","n"
"32","20","H","B","n"
"32","21","H","H","v"
"32","22","B","H","p"
"32","23","H","H","w"
"32","24","H","H","e"
"32","25","H","G"," "
"32","26","H","H"," "
"32","27","B","B","n"
"32","28","B","B","n"
"32","29","B","G"," "
"32","30","I","G"," "
"32","31","I","W"," "
"32","32","I","B"," "
"32","33","I","H"," "
"32","34","I","B"," "
"32","35"," ","*"," "
"32","36"," ","*"," "
"32","37"," ","*"," "
"32","38"," ","*"," "
"32","39"," ","."," "
"32","40"," ","."," "
"32","41"," ","."," "
"32","42"," ","."," "
"32","43"," ","."," "
"32","44"," ","."," "
"32","45"," ","."," "
"32","46"," ","."," "
"32","47"," ","."," "
"32","48"," ","."," "
"32","49"," ","."," "
"32","50"," ","*"," "
"32","51"," ","."," "
"32","52"," ","."," "
"32","53"," ","*"," "
"32","54"," ","."," "
"32","55"," ","*"," "
"32","56","7","H"," "
"32","57","7","W"," "
"32","58","7","B"," "
"32","59","7","H"," "
"32","60","7","K"," "
"32","61","7","K"," "
"32","62","7","K"," "
"32","63","7","D"," "
"32","64","7","K"," "
"32","65","7","D"," "
"32","70"," ","."," "
"32","71"," ","."," "
"32","72"," ","."," "
"32","73"," ","."," "
"32","74"," ","."," "
"32","75"," ","."," "
"32","76"," ","."," "
"32","77"," ","."," "
"32","78"," ","."," "
"32","79"," ","."," "
"32","80"," ","."," "
"32","81"," ","*"," "
"32","82","?","B"," "
"32","83"," ","*"," "
"32","84"," ","."," "
"32","85"," ","."," "
"32","86"," ","."," "
"32","87"," ","."," "
"32","88"," ","."," "
"32","89"," ","."," "
"32","90"," ","."," "
"32","91"," ","."," "
"32","92"," ","*"," "
"32","93","?","W"," "
"32","94","?","H","w"
"32","95","?","B"," "
"32","96","?","W"," "
"32","97","?","W"," "
"32","98","?","W"," "
"32","99","?","W"," "
"33","1"," ","*"," "
"33","2","D","T"," "
"33","3","D","H"," "
"33","4","D","G"," "
"33","5","D","H"," "
"33","6","D","G"," "
"33","7","D","W"," "
"33","8","D","G","e"
"33","9","D","G"," "
"33","10","D","G"," "
"33","11","D","B"," "
"33","12"," ","*"," "
"33","13"," ","."," "
"33","14"," ","*"," "
"33","15","d","B"," "
"33","16","d","B"," "
"33","17"," ","*"," "
"33","18"," ","*"," "
"33","19","B","B"," "
"33","20","B","B"," "
"33","21","B","H","w"
"33","22","B","W"," "
"33","23","B","H","w"
"33","24","B","W"," "
"33","25","B","B"," "
"33","26","B","B"," "
"33","27","B","B","n"
"33","28","B","B"," "
"33","29"," ","."," "
"33","30","I","G"," "
"33","31","I","W"," "
"33","32","I","H","p"
"33","33","I","H","p"
"33","34","I","B"," "
"33","35","I","H","v"
"33","36","I","B"," "
"33","37","I","B"," "
"33","38","I","B"," "
"33","39"," ","*"," "
"33","40"," ","."," "
"33","41"," ","."," "
"33","42"," ","."," "
"33","43"," ","."," "
"33","44"," ","."," "
"33","45"," ","."," "
"33","46"," ","."," "
"33","47"," ","."," "
"33","48"," ","."," "
"33","49"," ","."," "
"33","50"," ","."," "
"33","51"," ","."," "
"33","52"," ","."," "
"33","53"," ","."," "
"33","54"," ","*"," "
"33","55","7","H"," "
"33","56"," ","*"," "
"33","57","7","B"," "
"33","58","7","H"," "
"33","59","7","H"," "
"33","60","7","K"," "
"33","61","7","K"," "
"33","62","7","K"," "
"33","63","7","K"," "
"33","64","7","D"," "
"33","65","7","K"," "
"33","70"," ","."," "
"33","71"," ","."," "
"33","72"," ","."," "
"33","73"," ","."," "
"33","74"," ","."," "
"33","75"," ","."," "
"33","76"," ","."," "
"33","77"," ","."," "
"33","78"," ","."," "
"33","79"," ","."," "
"33","80"," ","."," "
"33","81"," ","."," "
"33","82"," ","*"," "
"33","83"," ","."," "
"33","84"," ","."," "
"33","85"," ","."," "
"33","86"," ","."," "
"33","87"," ","."," "
"33","88"," ","."," "
"33","89"," ","."," "
"33","90"," ","."," "
"33","91"," ","."," "
"33","92"," ","*"," "
"33","93","?","B"," "
"33","94","?","B"," "
"33","95","?","B"," "
"33","96","?","B"," "
"33","97","?","W"," "
"33","98","?","W"," "
"33","99","?","W"," "
"34","1","D","G"," "
"34","2","D","W"," "
"34","3","D","T"," "
"34","4","D","G"," "
"34","5","D","H"," "
"34","6","D","S"," "
"34","7","D","G"," "
"34","8","D","W"," "
"34","9","D","W"," "
"34","10","D","B"," "
"34","11"," ","*"," "
"34","12"," ","."," "
"34","13"," ","*"," "
"34","14","d","B"," "
"34","15","d","B"," "
"34","16","d","H","p"
"34","17","d","B"," "
"34","18","d","B"," "
"34","19","B","B"," "
"34","20","B","W"," "
"34","21","B","H"," "
"34","22","B","B"," "
"34","23","B","H"," "
"34","24","B","B"," "
"34","25","B","B"," "
"34","26","B","W"," "
"34","27","B","W"," "
"34","28","B","W"," "
"34","29","B","G"," "
"34","30","I","G","e"
"34","31","I","B"," "
"34","32","I","B"," "
"34","33","I","B","n"
"34","34","I","B","n"
"34","35","I","H"," "
"34","36","I","B"," "
"34","37","I","B"," "
"34","38","I","B"," "
"34","39","I","H"," "
"34","40"," ","*"," "
"34","41"," ","."," "
"34","42"," ","."," "
"34","43"," ","."," "
"34","44"," ","."," "
"34","45"," ","."," "
"34","46"," ","."," "
"34","47"," ","."," "
"34","48"," ","*"," "
"34","49"," ","."," "
"34","50"," ","."," "
"34","51"," ","."," "
"34","52"," ","."," "
"34","53"," ","."," "
"34","54"," ","."," "
"34","55"," ","*"," "
"34","56"," ","."," "
"34","57"," ","*"," "
"34","58","7","B"," "
"34","59","7","B"," "
"34","60","7","K","p"
"34","61","7","K"," "
"34","62","7","D"," "
"34","63","7","K"," "
"34","64","7","K"," "
"34","65","7","D"," "
"34","70"," ","."," "
"34","71"," ","."," "
"34","72"," ","."," "
"34","73"," ","."," "
"34","74"," ","."," "
"34","75"," ","."," "
"34","76"," ","."," "
"34","77"," ","."," "
"34","78"," ","."," "
"34","79"," ","."," "
"34","80"," ","."," "
"34","81"," ","."," "
"34","82"," ","."," "
"34","83"," ","."," "
"34","84"," ","."," "
"34","85"," ","."," "
"34","86"," ","."," "
"34","87","?","B"," "
"34","88"," ","."," "
"34","89","?","B"," "
"34","90"," ","."," "
"34","91"," ","*"," "
"34","92","?","B"," "
"34","93","?","B"," "
"34","94","?","S"," "
"34","95","?","B"," "
"34","96","?","H"," "
"34","97","?","W"," "
"34","98","?","W"," "
"34","99","?","W"," "
"35","1"," ","."," "
"35","2","D","W"," "
"35","3","D","S"," "
"35","4","D","W"," "
"35","5","D","W"," "
"35","6","D","W"," "
"35","7"," ","."," "
"35","8","D","G"," "
"35","9","D","W"," "
"35","10","D","B"," "
"35","11"," ","*"," "
"35","12"," ","*"," "
"35","13","d","B"," "
"35","14","d","H","v"
"35","15","d","H","v"
"35","16"," ","+"," "
"35","17"," ","*"," "
"35","18","d","B","n"
"35","19","d","B","n"
"35","20","B","B"," "
"35","21","B","W"," "
"35","22","B","B"," "
"35","23","B","B"," "
"35","24","B","H","v"
"35","25","B","B"," "
"35","26","B","B"," "
"35","27","B","B"," "
"35","28","B","H","v"
"35","29","B","G","g"
"35","30","A","G"," "
"35","31","I","H"," "
"35","32","I","B"," "
"35","33","I","B","n"
"35","34","I","B","n"
"35","35","I","B"," "
"35","36","I","G"," "
"35","37","I","H","v"
"35","38","I","H","w"
"35","39","I","H"," "
"35","40","I","B"," "
"35","41"," ","*"," "
"35","42"," ","."," "
"35","43"," ","."," "
"35","44"," ","."," "
"35","45"," ","."," "
"35","46"," ","."," "
"35","47"," ","*"," "
"35","48","n","B","n"
"35","49"," ","*"," "
"35","50"," ","."," "
"35","51"," ","."," "
"35","52"," ","."," "
"35","53"," ","."," "
"35","54"," ","."," "
"35","55"," ","."," "
"35","56"," ","."," "
"35","57"," ","."," "
"35","58"," ","*"," "
"35","59","7","B"," "
"35","60","7","B"," "
"35","61","7","B"," "
"35","62","7","K"," "
"35","63","7","K"," "
"35","64","7","D"," "
"35","65","7","D"," "
"35","70"," ","."," "
"35","71"," ","."," "
"35","72"," ","."," "
"35","73"," ","."," "
"35","74"," ","."," "
"35","75"," ","."," "
"35","76"," ","."," "
"35","77"," ","."," "
"35","78"," ","."," "
"35","79"," ","."," "
"35","80"," ","."," "
"35","81"," ","."," "
"35","82"," ","."," "
"35","83","?","H"," "
"35","84"," ","."," "
"35","85"," ","."," "
"35","86"," ","."," "
"35","87"," ","."," "
"35","88"," ","."," "
"35","89"," ","."," "
"35","90"," ","."," "
"35","91"," ","."," "
"35","92"," ","*"," "
"35","93","?","S"," "
"35","94","?","W"," "
"35","95","?","H"," "
"35","96","?","H"," "
"35","97","?","H"," "
"35","98","?","W"," "
"35","99","?","G","g"
"36","1","D","T"," "
"36","2","D","G","g"
"36","3","D","H","e"
"36","4"," ","."," "
"36","5","D","T"," "
"36","6","D","S"," "
"36","7","D","W"," "
"36","8","D","W"," "
"36","9","D","B"," "
"36","10"," ","*"," "
"36","11"," ","*"," "
"36","12"," ","*"," "
"36","13"," ","+"," "
"36","14"," ","*"," "
"36","15"," ","+"," "
"36","16","d","H"," "
"36","17"," ","*"," "
"36","18"," ","*"," "
"36","19","d","B","n"
"36","20","d","H"," "
"36","21","B","B"," "
"36","22","P","B","w"
"36","23","P","B","w"
"36","24","B","B"," "
"36","25","B","H"," "
"36","26","B","B"," "
"36","27","B","H","p"
"36","28","B","H"," "
"36","29","A","G"," "
"36","30","A","G"," "
"36","31","A","G"," "
"36","32","I","B"," "
"36","33"," ","*"," "
"36","34"," ","*"," "
"36","35","I","B"," "
"36","36","I","H","v"
"36","37","I","G"," "
"36","38","N","G"," "
"36","39","I","G"," "
"36","40","I","B"," "
"36","41","I","B"," "
"36","42"," ","*"," "
"36","43"," ","."," "
"36","44"," ","."," "
"36","45"," ","."," "
"36","46"," ","."," "
"36","47"," ","*"," "
"36","48","n","B","n"
"36","49","n","B","n"
"36","50"," ","*"," "
"36","51"," ","."," "
"36","52"," ","."," "
"36","53"," ","."," "
"36","54"," ","."," "
"36","55"," ","."," "
"36","56"," ","."," "
"36","57"," ","."," "
"36","58"," ","*"," "
"36","59","7","H"," "
"36","60","7","B"," "
"36","61","7","B"," "
"36","62","7","B"," "
"36","63","7","H"," "
"36","64","7","D"," "
"36","65","7","K"," "
"36","70"," ","."," "
"36","71"," ","."," "
"36","72"," ","."," "
"36","73"," ","."," "
"36","74"," ","."," "
"36","75"," ","."," "
"36","76"," ","."," "
"36","77"," ","."," "
"36","78"," ","."," "
"36","79"," ","."," "
"36","80"," ","."," "
"36","81"," ","."," "
"36","82"," ","."," "
"36","83"," ","."," "
"36","84"," ","."," "
"36","85","?","B","w"
"36","86"," ","."," "
"36","87"," ","."," "
"36","88"," ","."," "
"36","89","?","B","w"
"36","90"," ","."," "
"36","91","?","W"," "
"36","92"," ","*"," "
"36","93","?","S"," "
"36","94","?","B"," "
"36","95","?","W"," "
"36","96","?","H"," "
"36","97","?","W"," "
"36","98","?","W"," "
"36","99","?","W"," "
"37","1","D","G"," "
"37","2","D","W"," "
"37","3","D","W"," "
"37","4","D","G"," "
"37","5","D","W"," "
"37","6","D","W"," "
"37","7","D","W"," "
"37","8","D","B"," "
"37","9","D","W"," "
"37","10","D","H"," "
"37","11","D","W"," "
"37","12","S","H","p"
"37","13","S","H"," "
"37","14"," ","*"," "
"37","15"," ","*"," "
"37","16","d","B"," "
"37","17","d","B"," "
"37","18"," ","*"," "
"37","19"," ","*"," "
"37","20","d","W"," "
"37","21","P","W"," "
"37","22","P","B"," "
"37","23","P","B"," "
"37","24","B","H","e"
"37","25","B","H"," "
"37","26","B","B"," "
"37","27","B","H"," "
"37","28","A","W"," "
"37","29","A","G"," "
"37","30","A","G"," "
"37","31","I","W"," "
"37","32","A","H"," "
"37","33"," ","*"," "
"37","34"," ","."," "
"37","35"," ","*"," "
"37","36","I","B"," "
"37","37","N","B"," "
"37","38","N","B"," "
"37","39","N","H"," "
"37","40","N","G"," "
"37","41","N","H"," "
"37","42","N","B"," "
"37","43"," ","*"," "
"37","44"," ","."," "
"37","45"," ","."," "
"37","46"," ","."," "
"37","47"," ","*"," "
"37","48","n","H"," "
"37","49","n","H","v"
"37","50","n","B"," "
"37","51"," ","*"," "
"37","52"," ","."," "
"37","53"," ","."," "
"37","54"," ","."," "
"37","55"," ","."," "
"37","56"," ","."," "
"37","57"," ","."," "
"37","58"," ","*"," "
"37","59","7","H"," "
"37","60","7","H"," "
"37","61","7","H","p"
"37","62","7","K"," "
"37","63","7","K"," "
"37","64","7","K"," "
"37","65","7","K"," "
"37","70"," ","."," "
"37","71"," ","."," "
"37","72"," ","."," "
"37","73"," ","."," "
"37","74"," ","."," "
"37","75"," ","."," "
"37","76"," ","."," "
"37","77"," ","."," "
"37","78"," ","."," "
"37","79"," ","."," "
"37","80"," ","."," "
"37","81"," ","."," "
"37","82"," ","."," "
"37","83","?","B","w"
"37","84"," ","."," "
"37","85"," ","."," "
"37","86"," ","."," "
"37","87","?","B"," "
"37","88"," ","."," "
"37","89"," ","."," "
"37","90"," ","."," "
"37","91"," ","."," "
"37","92"," ","*"," "
"37","93","?","B"," "
"37","94","?","B"," "
"37","95","?","W"," "
"37","96","?","H"," "
"37","97","?","W"," "
"37","98","?","W"," "
"37","99","?","W"," "
"38","1","D","T"," "
"38","2","D","T"," "
"38","3","D","G"," "
"38","4","S","G"," "
"38","5","D","H"," "
"38","6","D","G"," "
"38","7","D","B"," "
"38","8"," ","."," "
"38","9"," ","."," "
"38","10","S","B"," "
"38","11","S","B"," "
"38","12","S","H"," "
"38","13","S","B"," "
"38","14","S","B"," "
"38","15"," ","*"," "
"38","16"," ","*"," "
"38","17"," ","*"," "
"38","18"," ","."," "
"38","19"," ","*"," "
"38","20","P","B"," "
"38","21","P","B"," "
"38","22","P","H"," "
"38","23","P","H"," "
"38","24","P","H"," "
"38","25","B","H"," "
"38","26","B","B"," "
"38","27","A","H"," "
"38","28","A","W"," "
"38","29","A","H"," "
"38","30","A","G"," "
"38","31","A","W"," "
"38","32","I","B"," "
"38","33","A","B"," "
"38","34"," ","*"," "
"38","35"," ","."," "
"38","36"," ","*"," "
"38","37"," ","*"," "
"38","38"," ","*"," "
"38","39","N","B"," "
"38","40","N","W"," "
"38","41","N","G"," "
"38","42","N","H","p"
"38","43","N","B"," "
"38","44"," ","*"," "
"38","45"," ","."," "
"38","46"," ","."," "
"38","47"," ","*"," "
"38","48","n","B"," "
"38","49","n","W"," "
"38","50","n","W"," "
"38","51"," ","*"," "
"38","52"," ","."," "
"38","53","n","H"," "
"38","54"," ","."," "
"38","55"," ","."," "
"38","56"," ","."," "
"38","57"," ","."," "
"38","58"," ","*"," "
"38","59","7","B"," "
"38","60","7","B"," "
"38","61","7","W"," "
"38","62","7","B"," "
"38","63","7","B"," "
"38","64","7","K"," "
"38","65","7","K"," "
"38","70","?","H"," "
"38","71"," ","."," "
"38","72"," ","."," "
"38","73"," ","."," "
"38","74"," ","."," "
"38","75"," ","."," "
"38","76"," ","."," "
"38","77"," ","."," "
"38","78"," ","."," "
"38","79"," ","."," "
"38","80"," ","."," "
"38","81"," ","."," "
"38","82"," ","."," "
"38","83"," ","."," "
"38","84"," ","."," "
"38","85"," ","."," "
"38","86"," ","."," "
"38","87"," ","."," "
"38","88"," ","."," "
"38","89"," ","."," "
"38","90"," ","."," "
"38","91"," ","."," "
"38","92"," ","."," "
"38","93"," ","*"," "
"38","94","?","B","n"
"38","95","?","H"," "
"38","96","?","H"," "
"38","97","?","H"," "
"38","98","?","W"," "
"38","99","?","W"," "
"39","1","D","G"," "
"39","2","S","W"," "
"39","3","S","W"," "
"39","4","S","T"," "
"39","5","S","H"," "
"39","6","S","G"," "
"39","7","S","G"," "
"39","8"," ","."," "
"39","9","S","B"," "
"39","10","S","W"," "
"39","11","S","T"," "
"39","12","S","W"," "
"39","13","S","W"," "
"39","14","S","B"," "
"39","15","S","B"," "
"39","16"," ","*"," "
"39","17"," ","."," "
"39","18","S","W"," "
"39","19"," ","*"," "
"39","20","P","B"," "
"39","21","P","H"," "
"39","22","P","B"," "
"39","23","P","H"," "
"39","24","P","B"," "
"39","25","P","W"," "
"39","26","A","W"," "
"39","27","A","B"," "
"39","28","A","H"," "
"39","29","A","B"," "
"39","30","A","G"," "
"39","31","A","H"," "
"39","32","I","H","v"
"39","33"," ","*"," "
"39","34"," ","*"," "
"39","35"," ","."," "
"39","36"," ","."," "
"39","37"," ","."," "
"39","38"," ","*"," "
"39","39","N","B"," "
"39","40","N","B"," "
"39","41","N","G"," "
"39","42","N","B"," "
"39","43","N","H"," "
"39","44","N","B"," "
"39","45"," ","*"," "
"39","46"," ","."," "
"39","47"," ","*"," "
"39","48","n","B"," "
"39","49","n","H"," "
"39","50","n","G","w"
"39","51","n","B"," "
"39","52"," ","*"," "
"39","53"," ","."," "
"39","54"," ","."," "
"39","55"," ","."," "
"39","56"," ","."," "
"39","57"," ","."," "
"39","58"," ","*"," "
"39","59","7","B"," "
"39","60","7","W"," "
"39","61","7","K"," "
"39","62","7","B"," "
"39","63","7","B"," "
"39","64","7","B"," "
"39","65","7","K"," "
"39","70"," ","."," "
"39","71"," ","."," "
"39","72"," ","."," "
"39","73"," ","."," "
"39","74"," ","."," "
"39","75"," ","."," "
"39","76"," ","."," "
"39","77"," ","."," "
"39","78"," ","."," "
"39","79"," ","."," "
"39","80"," ","."," "
"39","81"," ","."," "
"39","82"," ","."," "
"39","83"," ","."," "
"39","84"," ","."," "
"39","85"," ","."," "
"39","86"," ","."," "
"39","87"," ","."," "
"39","88"," ","."," "
"39","89"," ","."," "
"39","90"," ","."," "
"39","91"," ","."," "
"39","92"," ","."," "
"39","93"," ","."," "
"39","94"," ","*"," "
"39","95","?","B"," "
"39","96","?","B","n"
"39","97","?","B"," "
"39","98","?","H"," "
"39","99","?","H"," "
"40","1","S","G"," "
"40","2","S","T"," "
"40","3","S","G"," "
"40","4","S","H"," "
"40","5","S","W"," "
"40","6","S","G","e"
"40","7","S","W"," "
"40","8","S","H"," "
"40","9","S","W"," "
"40","10"," ","*"," "
"40","11","S","W"," "
"40","12","S","H","p"
"40","13","S","W"," "
"40","14","S","B"," "
"40","15","S","B"," "
"40","16"," ","*"," "
"40","17"," ","."," "
"40","18"," ","."," "
"40","19"," ","*"," "
"40","20","P","B"," "
"40","21","P","H"," "
"40","22","P","B"," "
"40","23","P","H"," "
"40","24","P","W"," "
"40","25","P","H"," "
"40","26","A","W"," "
"40","27","A","B"," "
"40","28","A","B"," "
"40","29","A","B"," "
"40","30","A","W"," "
"40","31","A","H"," "
"40","32","I","H"," "
"40","33","I","H","w"
"40","34","I","B"," "
"40","35"," ","*"," "
"40","36"," ","."," "
"40","37"," ","."," "
"40","38"," ","."," "
"40","39"," ","*"," "
"40","40","N","B"," "
"40","41","N","B"," "
"40","42","N","H","w"
"40","43","N","G","g"
"40","44","N","H","p"
"40","45"," ","*"," "
"40","46"," ","*"," "
"40","47"," ","+"," "
"40","48"," ","+"," "
"40","49"," ","*"," "
"40","50"," ","*"," "
"40","51"," ","*"," "
"40","52"," ","."," "
"40","53"," ","."," "
"40","54"," ","."," "
"40","55"," ","."," "
"40","56"," ","."," "
"40","57"," ","."," "
"40","58"," ","."," "
"40","59"," ","*"," "
"40","60"," ","*"," "
"40","61","7","B"," "
"40","62","7","B"," "
"40","63","7","B"," "
"40","64","7","B"," "
"40","65","7","K"," "
"40","70"," ","."," "
"40","71"," ","."," "
"40","72"," ","."," "
"40","73"," ","."," "
"40","74"," ","."," "
"40","75"," ","."," "
"40","76"," ","."," "
"40","77"," ","."," "
"40","78"," ","."," "
"40","79"," ","."," "
"40","80"," ","."," "
"40","81"," ","."," "
"40","82"," ","."," "
"40","83"," ","."," "
"40","84"," ","."," "
"40","85"," ","."," "
"40","86"," ","."," "
"40","87"," ","."," "
"40","88"," ","."," "
"40","89"," ",".","S"
"40","90"," ","."," "
"40","91"," ","."," "
"40","92"," ","."," "
"40","93"," ","."," "
"40","94"," ","."," "
"40","95"," ","*"," "
"40","96","?","B"," "
"40","97","?","B","w"
"40","98","?","W"," "
"40","99","?","H"," "
"41","1","S","T"," "
"41","2","S","G"," "
"41","3","S","T"," "
"41","4","S","W"," "
"41","5","S","H"," "
"41","6","S","W"," "
"41","7","S","W"," "
"41","8","S","T"," "
"41","9","S","W"," "
"41","10","S","W"," "
"41","11"," ","*"," "
"41","12","S","B"," "
"41","13"," ","*"," "
"41","14","S","H","v"
"41","15"," ","*"," "
"41","16"," ","."," "
"41","17"," ","."," "
"41","18"," ","*"," "
"41","19","P","B"," "
"41","20","P","B"," "
"41","21","P","B"," "
"41","22","P","B"," "
"41","23","P","S"," "
"41","24","P","B"," "
"41","25","P","W"," "
"41","26","A","B"," "
"41","27","A","H"," "
"41","28","A","B"," "
"41","29","A","B"," "
"41","30","A","H"," "
"41","31","A","H"," "
"41","32","A","B"," "
"41","33","A","H"," "
"41","34","I","H"," "
"41","35","I","B"," "
"41","36"," ","*"," "
"41","37"," ","."," "
"41","38"," ","."," "
"41","39"," ","."," "
"41","40"," ","*"," "
"41","41","N","H"," "
"41","42","N","G","w"
"41","43","N","G"," "
"41","44","N","G"," "
"41","45","N","H"," "
"41","46","N","W"," "
"41","47","N","H"," "
"41","48"," ","*"," "
"41","49"," ","."," "
"41","50"," ","."," "
"41","51"," ","."," "
"41","52"," ","."," "
"41","53"," ","."," "
"41","54"," ","."," "
"41","55"," ","."," "
"41","56"," ","."," "
"41","57"," ","."," "
"41","58"," ","."," "
"41","59"," ","."," "
"41","60"," ","*"," "
"41","61","7","K"," "
"41","62","7","B"," "
"41","63","7","B"," "
"41","64","7","D"," "
"41","65","7","K"," "
"42","1","S","T"," "
"42","2","S","B"," "
"42","3","S","G"," "
"42","4","S","H"," "
"42","5","S","B"," "
"42","6","S","B"," "
"42","7","S","B","n"
"42","8","S","W"," "
"42","9","S","B"," "
"42","10","S","H"," "
"42","11","S","W"," "
"42","12"," ","+"," "
"42","13","S","H","v"
"42","14"," ","+"," "
"42","15"," ","."," "
"42","16","S","H"," "
"42","17"," ","."," "
"42","18"," ","*"," "
"42","19","P","B"," "
"42","20","P","W"," "
"42","21","P","B"," "
"42","22","P","H"," "
"42","23","P","H"," "
"42","24","P","H"," "
"42","25","P","G","e"
"42","26","A","B"," "
"42","27","A","H"," "
"42","28","A","B"," "
"42","29","A","B"," "
"42","30","A","H"," "
"42","31","A","H"," "
"42","32","A","H"," "
"42","33","A","B"," "
"42","34","A","H"," "
"42","35","I","H"," "
"42","36","I","B"," "
"42","37"," ","*"," "
"42","38"," ","."," "
"42","39"," ","."," "
"42","40"," ","."," "
"42","41"," ","*"," "
"42","42","N","H"," "
"42","43","N","H","v"
"42","44"," ","*"," "
"42","45","N","G"," "
"42","46","N","W"," "
"42","47"," ","*"," "
"42","48"," ","."," "
"42","49"," ","."," "
"42","50"," ","."," "
"42","51"," ","."," "
"42","52"," ","."," "
"42","53"," ","."," "
"42","54"," ","."," "
"42","55"," ","."," "
"42","56"," ","."," "
"42","57"," ","."," "
"42","58"," ","."," "
"42","59"," ","."," "
"42","60"," ","."," "
"42","61"," ","*"," "
"42","62"," ","*"," "
"42","63","7","H"," "
"42","64","7","K"," "
"42","65","7","D"," "
"43","1","S","G"," "
"43","2","S","H"," "
"43","3","S","B"," "
"43","4","S","Q"," "
"43","5","S","Q"," "
"43","6","S","B"," "
"43","7","S","B","n"
"43","8","S","Q"," "
"43","9","S","W"," "
"43","10","S","B"," "
"43","11"," ","*"," "
"43","12"," ","."," "
"43","13"," ","*"," "
"43","14"," ","."," "
"43","15"," ","."," "
"43","16"," ","."," "
"43","17"," ","."," "
"43","18"," ","*"," "
"43","19","P","B"," "
"43","20","P","H"," "
"43","21","P","B"," "
"43","22","P","B"," "
"43","23","P","B"," "
"43","24","P","B"," "
"43","25","P","B"," "
"43","26","A","H"," "
"43","27","A","B"," "
"43","28","A","W"," "
"43","29","A","W"," "
"43","30","A","B"," "
"43","31","A","W"," "
"43","32","A","W"," "
"43","33","A","G"," "
"43","34","A","G"," "
"43","35","A","G"," "
"43","36","A","H"," "
"43","37"," ","*"," "
"43","38"," ","."," "
"43","39"," ","."," "
"43","40"," ","."," "
"43","41"," ","*"," "
"43","42","N","B"," "
"43","43","N","B"," "
"43","44"," ","*"," "
"43","45"," ","*"," "
"43","46"," ","*"," "
"43","47"," ","."," "
"43","48"," ","."," "
"43","49"," ","."," "
"43","50"," ","."," "
"43","51"," ","."," "
"43","52"," ","."," "
"43","53"," ","."," "
"43","54"," ","."," "
"43","55"," ","."," "
"43","56"," ","."," "
"43","57"," ","."," "
"43","58"," ","."," "
"43","59"," ","."," "
"43","60"," ","."," "
"43","61"," ","."," "
"43","62"," ","."," "
"43","63"," ","*"," "
"43","64","6","H"," "
"43","65","6","D"," "
"44","1","S","W"," "
"44","2","S","G"," "
"44","3","S","W"," "
"44","4","S","Q"," "
"44","5","S","Q"," "
"44","6","S","B"," "
"44","7","S","B"," "
"44","8","S","W"," "
"44","9","S","B"," "
"44","10","S","B"," "
"44","11"," ","*"," "
"44","12"," ","."," "
"44","13"," ","."," "
"44","14"," ","."," "
"44","15"," ","."," "
"44","16"," ","."," "
"44","17"," ","."," "
"44","18"," ","*"," "
"44","19","P","B"," "
"44","20","P","H"," "
"44","21","P","B"," "
"44","22","P","B"," "
"44","23","P","H"," "
"44","24","P","W"," "
"44","25","A","B"," "
"44","26","A","B"," "
"44","27","A","G"," "
"44","28","A","W"," "
"44","29","A","B"," "
"44","30","A","W"," "
"44","31","A","W"," "
"44","32","A","B"," "
"44","33","A","G"," "
"44","34","A","G"," "
"44","35","A","H"," "
"44","36","A","H"," "
"44","37"," ","*"," "
"44","38"," ","*"," "
"44","39"," ","."," "
"44","40"," ","."," "
"44","41"," ","."," "
"44","42"," ","*"," "
"44","43","N","H"," "
"44","44"," ","*"," "
"44","45"," ","."," "
"44","46"," ","."," "
"44","47"," ","."," "
"44","48"," ","."," "
"44","49"," ","."," "
"44","50"," ","."," "
"44","51"," ","."," "
"44","52"," ","."," "
"44","53"," ","."," "
"44","54"," ","."," "
"44","55"," ","."," "
"44","56"," ","."," "
"44","57"," ","."," "
"44","58"," ","."," "
"44","59"," ","."," "
"44","60"," ","."," "
"44","61"," ","."," "
"44","62"," ","."," "
"44","63"," ","*"," "
"44","64","6","B"," "
"44","65","6","H"," "
"45","1"," ","."," "
"45","2","S","T"," "
"45","3","S","H"," "
"45","4","S","T"," "
"45","5","S","B"," "
"45","6"," ","*"," "
"45","7"," ","*"," "
"45","8","S","B","n"
"45","9","S","B","n"
"45","10"," ","*"," "
"45","11"," ","."," "
"45","12","S","H"," "
"45","13","S","H"," "
"45","14"," ","."," "
"45","15"," ","."," "
"45","16"," ","."," "
"45","17"," ","."," "
"45","18"," ","."," "
"45","19"," ","*"," "
"45","20","p","B"," "
"45","21","p","B"," "
"45","22","p","W"," "
"45","23","p","B"," "
"45","24","p","B"," "
"45","25","p","G"," "
"45","26","A","G"," "
"45","27","A","B"," "
"45","28","A","W"," "
"45","29","A","B"," "
"45","30","A","B","n"
"45","31","A","B","n"
"45","32","A","B","n"
"45","33","A","B"," "
"45","34","A","G"," "
"45","35","a","G","w"
"45","36","a","G"," "
"45","37","a","H"," "
"45","38","a","H"," "
"45","39"," ","*"," "
"45","40"," ","*"," "
"45","41"," ","*"," "
"45","42"," ","*"," "
"45","43"," ","+"," "
"45","44"," ","."," "
"45","45"," ","."," "
"45","46"," ","."," "
"45","47","I","H"," "
"45","48"," ","."," "
"45","49"," ","."," "
"45","50"," ","."," "
"45","51"," ","."," "
"45","52"," ","."," "
"45","53"," ","."," "
"45","54"," ","."," "
"45","55"," ","."," "
"45","56"," ","."," "
"45","57"," ","."," "
"45","58"," ","."," "
"45","59"," ","."," "
"45","60"," ","."," "
"45","61"," ","."," "
"45","62"," ","*"," "
"45","63"," ","*"," "
"45","64","6","B"," "
"45","65","6","D"," "
"46","1","S","G","e"
"46","2","S","S"," "
"46","3","S","W"," "
"46","4","S","H"," "
"46","5"," ","*"," "
"46","6"," ","."," "
"46","7"," ","."," "
"46","8"," ","*"," "
"46","9"," ","*"," "
"46","10"," ","."," "
"46","11"," ","."," "
"46","12"," ","."," "
"46","13"," ","."," "
"46","14"," ","."," "
"46","15"," ","."," "
"46","16"," ","."," "
"46","17"," ","*"," "
"46","18"," ","*"," "
"46","19","p","H"," "
"46","20","p","B"," "
"46","21","p","G"," "
"46","22","p","B"," "
"46","23","p","B"," "
"46","24","p","B"," "
"46","25","p","B"," "
"46","26","p","B"," "
"46","27","A","B"," "
"46","28","A","H"," "
"46","29","A","W"," "
"46","30","A","W"," "
"46","31","A","B"," "
"46","32","A","B"," "
"46","33","a","B"," "
"46","34","a","H"," "
"46","35","a","G"," "
"46","36","a","G"," "
"46","37","a","G"," "
"46","38","a","G"," "
"46","39","a","H"," "
"46","40","T","B"," "
"46","41","T","H"," "
"46","42","T","G"," "
"46","43","T","H"," "
"46","44"," ","*"," "
"46","45"," ","+"," "
"46","46"," ","."," "
"46","47"," ","*"," "
"46","48"," ","."," "
"46","49"," ","."," "
"46","50"," ","."," "
"46","51"," ","."," "
"46","52"," ","."," "
"46","53"," ","."," "
"46","54"," ","."," "
"46","55"," ","."," "
"46","56"," ","."," "
"46","57"," ","."," "
"46","58"," ","."," "
"46","59"," ","."," "
"46","60"," ","."," "
"46","61"," ","*"," "
"46","62","6","B"," "
"46","63","6","B"," "
"46","64","6","K"," "
"46","65","6","K"," "
"47","1","S","S"," "
"47","2","S","H"," "
"47","3","S","B"," "
"47","4"," ","*"," "
"47","5"," ","."," "
"47","6"," ","."," "
"47","7","S","H"," "
"47","8","S","W"," "
"47","9"," ","."," "
"47","10"," ","."," "
"47","11"," ","."," "
"47","12"," ","."," "
"47","13"," ","."," "
"47","14"," ","."," "
"47","15"," ","*"," "
"47","16"," ","*"," "
"47","17","p","B"," "
"47","18","p","B","n"
"47","19","p","B","n"
"47","20","p","W"," "
"47","21","p","B"," "
"47","22","p","W"," "
"47","23","p","B"," "
"47","24","p","W"," "
"47","25","p","B"," "
"47","26","p","G","e"
"47","27","A","B"," "
"47","28","A","W"," "
"47","29","A","B"," "
"47","30","A","G","e"
"47","31","a","H","w"
"47","32","a","H"," "
"47","33","a","G"," "
"47","34","a","B"," "
"47","35","a","H"," "
"47","36","a","H"," "
"47","37","a","G","e"
"47","38","a","G"," "
"47","39","a","H"," "
"47","40","T","B"," "
"47","41","T","G"," "
"47","42","T","G"," "
"47","43","T","H"," "
"47","44"," ","*"," "
"47","45","T","H","w"
"47","46"," ","+"," "
"47","47","T","H"," "
"47","48"," ","+"," "
"47","49"," ","*"," "
"47","50"," ","."," "
"47","51"," ","."," "
"47","52"," ","."," "
"47","53"," ","."," "
"47","54"," ","."," "
"47","55"," ","."," "
"47","56"," ","."," "
"47","57"," ","."," "
"47","58"," ","."," "
"47","59"," ","*"," "
"47","60"," ","*"," "
"47","61","6","K"," "
"47","62","6","B"," "
"47","63","6","K"," "
"47","64","6","B"," "
"47","65","6","K"," "
"48","1","S","T"," "
"48","2","S","H"," "
"48","3"," ","*"," "
"48","4"," ","."," "
"48","5"," ","."," "
"48","6"," ","."," "
"48","7"," ","."," "
"48","8"," ","."," "
"48","9"," ","."," "
"48","10"," ","."," "
"48","11"," ","*"," "
"48","12"," ","."," "
"48","13"," ","."," "
"48","14"," ","*"," "
"48","15","p","B"," "
"48","16","p","W"," "
"48","17","p","B","v"
"48","18","p","B","n"
"48","19","p","B","n"
"48","20","p","B"," "
"48","21","p","B","v"
"48","22","p","B"," "
"48","23","p","H","p"
"48","24","p","B"," "
"48","25","p","B"," "
"48","26","p","G"," "
"48","27","a","W"," "
"48","28","a","W"," "
"48","29","a","B"," "
"48","30","a","G"," "
"48","31","a","G"," "
"48","32","a","G"," "
"48","33","a","G","g"
"48","34","a","B","n"
"48","35","a","G"," "
"48","36","a","G"," "
"48","37","a","G"," "
"48","38","a","G"," "
"48","39","T","H"," "
"48","40","a","H"," "
"48","41","T","G"," "
"48","42","T","G"," "
"48","43","T","H"," "
"48","44","T","G"," "
"48","45"," ","*"," "
"48","46","T","G"," "
"48","47"," ","*"," "
"48","48","T","H"," "
"48","49","T","H"," "
"48","50"," ","*"," "
"48","51"," ","."," "
"48","52"," ","."," "
"48","53"," ","."," "
"48","54"," ","."," "
"48","55"," ","."," "
"48","56"," ","."," "
"48","57"," ","."," "
"48","58"," ","*"," "
"48","59","6","B"," "
"48","60","6","H"," "
"48","61","6","H"," "
"48","62","6","D"," "
"48","63","6","D"," "
"48","64","6","K"," "
"48","65","6","D"," "
"49","1","S","W"," "
"49","2"," ","+"," "
"49","3"," ","."," "
"49","4"," ","."," "
"49","5"," ","."," "
"49","6"," ","."," "
"49","7"," ","."," "
"49","8"," ","."," "
"49","9"," ","."," "
"49","10"," ","*"," "
"49","11","s","B"," "
"49","12"," ","*"," "
"49","13"," ","*"," "
"49","14","W","B"," "
"49","15","p","B"," "
"49","16","p","W"," "
"49","17","p","W"," "
"49","18","p","W"," "
"49","19","p","B"," "
"49","20","W","B","n"
"49","21","W","B"," "
"49","22","p","W"," "
"49","23","p","H","p"
"49","24","p","H"," "
"49","25","p","B"," "
"49","26","p","G"," "
"49","27","p","W"," "
"49","28","a","H","w"
"49","29","a","W"," "
"49","30","a","G"," "
"49","31","a","G"," "
"49","32","a","B","n"
"49","33","a","B","n"
"49","34","a","B"," "
"49","35","a","B"," "
"49","36","a","W"," "
"49","37","a","W"," "
"49","38","T","W"," "
"49","39","a","H"," "
"49","40","T","G"," "
"49","41","T","W"," "
"49","42","T","W"," "
"49","43","T","W"," "
"49","44","T","W"," "
"49","45","T","H"," "
"49","46","T","H"," "
"49","47","T","G"," "
"49","48","T","G"," "
"49","49"," ","*"," "
"49","50"," ","."," "
"49","51"," ","."," "
"49","52"," ","."," "
"49","53"," ","."," "
"49","54"," ","."," "
"49","55"," ","."," "
"49","56"," ","."," "
"49","57"," ","."," "
"49","58"," ","*"," "
"49","59","6","B"," "
"49","60","6","B"," "
"49","61","6","B"," "
"49","62","6","K","v"
"49","63","6","K"," "
"49","64","6","K"," "
"49","65","6","D"," "
"50","1"," ","*"," "
"50","2","s","W"," "
"50","3"," ","*"," "
"50","4"," ","."," "
"50","5"," ","."," "
"50","6"," ","."," "
"50","7"," ","."," "
"50","8"," ","."," "
"50","9","s","H"," "
"50","10"," ","*"," "
"50","11","s","B"," "
"50","12","s","W"," "
"50","13"," ","*"," "
"50","14","W","B"," "
"50","15","W","B"," "
"50","16","p","W"," "
"50","17","p","W"," "
"50","18","p","W"," "
"50","19","p","B"," "
"50","20","W","B"," "
"50","21","W","B"," "
"50","22","W","W"," "
"50","23","p","H"," "
"50","24","p","H"," "
"50","25","p","B"," "
"50","26","p","G"," "
"50","27","p","W"," "
"50","28","a","H"," "
"50","29","a","W"," "
"50","30","a","G"," "
"50","31","a","G"," "
"50","32","a","B","n"
"50","33","a","B"," "
"50","34","a","B"," "
"50","35","a","B"," "
"50","36","a","W"," "
"50","37","a","W"," "
"50","38","T","W"," "
"50","39","T","H"," "
"50","40","T","G"," "
"50","41","T","W"," "
"50","42","T","W"," "
"50","43","T","W"," "
"50","44","T","W"," "
"50","45","T","H"," "
"50","46","T","H"," "
"50","47","T","G"," "
"50","48"," ","*"," "
"50","49"," ","*"," "
"50","50"," ","."," "
"50","51"," ","."," "
"50","52"," ","."," "
"50","53"," ","."," "
"50","54"," ","."," "
"50","55"," ","."," "
"50","56"," ","."," "
"50","57"," ","."," "
"50","58"," ","*"," "
"50","59","6","B"," "
"50","60","6","B"," "
"50","61","6","B","v"
"50","62","6","K"," "
"50","63","6","D"," "
"50","64","6","D"," "
"50","65","6","K"," "
"51","1","s","T"," "
"51","2"," ","+"," "
"51","3"," ","."," "
"51","4"," ","."," "
"51","5"," ","*"," "
"51","6"," ","."," "
"51","7"," ","."," "
"51","8"," ","."," "
"51","9"," ","."," "
"51","10"," ","*"," "
"51","11"," ","+"," "
"51","12"," ","*"," "
"51","13","W","B"," "
"51","14","W","H","p"
"51","15","W","H","p"
"51","16","W","H"," "
"51","17","p","W"," "
"51","18","p","B"," "
"51","19","W","S"," "
"51","20","W","W"," "
"51","21","W","S"," "
"51","22","W","B"," "
"51","23","W","H"," "
"51","24","p","W"," "
"51","25","p","H"," "
"51","26","p","G"," "
"51","27","a","G"," "
"51","28","a","W"," "
"51","29","a","G"," "
"51","30","a","S"," "
"51","31","a","B","n"
"51","32","a","B"," "
"51","33","a","B"," "
"51","34","a","B"," "
"51","35","a","B"," "
"51","36","a","B"," "
"51","37","T","H"," "
"51","38","T","H"," "
"51","39","T","G"," "
"51","40","T","H"," "
"51","41","T","W"," "
"51","42","T","H"," "
"51","43","T","H","w"
"51","44","T","H"," "
"51","45","T","B","n"
"51","46","T","B","n"
"51","47","T","B"," "
"51","48","T","H"," "
"51","49","T","H"," "
"51","50"," ","*"," "
"51","51"," ","."," "
"51","52"," ","."," "
"51","53"," ","."," "
"51","54"," ","."," "
"51","55"," ","."," "
"51","56"," ","."," "
"51","57"," ","."," "
"51","58"," ","*"," "
"51","59","6","B"," "
"51","60","6","B"," "
"51","61","6","H"," "
"51","62","6","D"," "
"51","63","6","K"," "
"51","64","6","D"," "
"51","65","6","D"," "
"51","70","?","H"," "
"51","71","?","D"," "
"51","72","?","D"," "
"51","73"," ","*"," "
"51","74"," ","."," "
"51","75"," ","."," "
"51","76"," ","."," "
"51","77"," ","."," "
"51","78"," ","."," "
"51","79"," ","."," "
"51","80"," ","."," "
"51","81"," ","."," "
"51","82"," ","."," "
"51","83"," ","."," "
"51","84"," ","."," "
"51","85"," ","."," "
"51","86"," ","."," "
"51","87"," ","."," "
"51","88"," ","."," "
"51","89"," ","."," "
"51","90"," ","."," "
"51","91"," ","."," "
"51","92"," ","."," "
"51","93"," ","."," "
"51","94"," ","."," "
"51","95"," ","."," "
"51","96"," ","."," "
"51","97"," ","."," "
"51","98"," ","."," "
"51","99"," ","."," "
"52","1"," ","*"," "
"52","2","s","W"," "
"52","3"," ","*"," "
"52","4"," ","*"," "
"52","5","s","H"," "
"52","6"," ","*"," "
"52","7"," ","."," "
"52","8"," ","."," "
"52","9"," ","*"," "
"52","10","R","W"," "
"52","11","R","B"," "
"52","12"," ","*"," "
"52","13"," ","*"," "
"52","14"," ","*"," "
"52","15","W","B"," "
"52","16","W","H"," "
"52","17","W","W"," "
"52","18","W","B"," "
"52","19","W","S"," "
"52","20","W","B"," "
"52","21","W","W"," "
"52","22","W","B"," "
"52","23","W","B"," "
"52","24","W","B"," "
"52","25","p","G"," "
"52","26","W","W"," "
"52","27","a","G"," "
"52","28","a","G"," "
"52","29","a","G"," "
"52","30","a","B"," "
"52","31","a","B"," "
"52","32","a","W"," "
"52","33","a","B"," "
"52","34","a","B"," "
"52","35","a","B"," "
"52","36","a","H"," "
"52","37","T","G"," "
"52","38","T","G"," "
"52","39","T","W"," "
"52","40","T","B","n"
"52","41","T","B"," "
"52","42","T","B","n"
"52","43"," ","*"," "
"52","44","T","B"," "
"52","45","T","H"," "
"52","46","T","B","n"
"52","47","T","B"," "
"52","48"," ","*"," "
"52","49","T","H"," "
"52","50"," ","+"," "
"52","51"," ","+"," "
"52","52"," ","."," "
"52","53"," ","."," "
"52","54"," ","."," "
"52","55"," ","."," "
"52","56"," ","."," "
"52","57"," ","."," "
"52","58"," ","."," "
"52","59"," ","*"," "
"52","60","6","B"," "
"52","61","6","B"," "
"52","62","6","H"," "
"52","63","6","D"," "
"52","64","6","D"," "
"52","65","6","K"," "
"52","70","?","D"," "
"52","71","?","B"," "
"52","72","?","B"," "
"52","73"," ","*"," "
"52","74"," ","."," "
"52","75"," ","."," "
"52","76"," ","."," "
"52","77"," ","."," "
"52","78"," ","."," "
"52","79"," ","."," "
"52","80"," ","."," "
"52","81"," ","."," "
"52","82"," ","."," "
"52","83"," ","."," "
"52","84"," ","."," "
"52","85"," ","."," "
"52","86"," ","."," "
"52","87"," ","."," "
"52","88"," ","."," "
"52","89"," ","."," "
"52","90"," ","."," "
"52","91"," ","."," "
"52","92"," ","."," "
"52","93"," ","."," "
"52","94"," ","."," "
"52","95"," ","."," "
"52","96"," ","."," "
"52","97"," ","."," "
"52","98"," ","."," "
"52","99"," ","."," "
"53","1","s","W"," "
"53","2","s","T"," "
"53","3"," ","*"," "
"53","4","s","B"," "
"53","5"," ","*"," "
"53","6"," ","."," "
"53","7"," ","."," "
"53","8"," ","*"," "
"53","9","R","B"," "
"53","10","R","B"," "
"53","11","R","W"," "
"53","12"," ","*"," "
"53","13"," ","*"," "
"53","14"," ","*"," "
"53","15","W","B"," "
"53","16","W","S"," "
"53","17","W","W"," "
"53","18","W","W"," "
"53","19","W","S"," "
"53","20","W","S"," "
"53","21","W","W"," "
"53","22","W","H"," "
"53","23","W","H"," "
"53","24","W","H"," "
"53","25","W","G"," "
"53","26","W","W"," "
"53","27","W","W"," "
"53","28","a","W"," "
"53","29","a","H"," "
"53","30","a","H"," "
"53","31","a","W"," "
"53","32","a","W"," "
"53","33","a","W"," "
"53","34","a","B"," "
"53","35","T","H"," "
"53","36","T","G"," "
"53","37","T","H"," "
"53","38","T","H"," "
"53","39","T","B"," "
"53","40","T","B"," "
"53","41","T","H"," "
"53","42"," ","*"," "
"53","43"," ","."," "
"53","44"," ","*"," "
"53","45","T","H"," "
"53","46","T","H"," "
"53","47"," ","+"," "
"53","48","T","H"," "
"53","49"," ","+"," "
"53","50"," ","*"," "
"53","51","t","B"," "
"53","52"," ","*"," "
"53","53"," ","."," "
"53","54"," ","."," "
"53","55"," ","."," "
"53","56"," ","."," "
"53","57"," ","."," "
"53","58"," ","."," "
"53","59"," ","*"," "
"53","60","6","K"," "
"53","61","6","B"," "
"53","62","6","K"," "
"53","63","6","K"," "
"53","64","6","D"," "
"53","65","6","D"," "
"53","70","?","D"," "
"53","71","?","D"," "
"53","72","?","H"," "
"53","73"," ","*"," "
"53","74"," ","."," "
"53","75"," ","."," "
"53","76"," ","."," "
"53","77"," ","."," "
"53","78"," ","."," "
"53","79"," ","."," "
"53","80"," ","."," "
"53","81"," ","."," "
"53","82"," ","."," "
"53","83"," ","."," "
"53","84"," ","."," "
"53","85"," ","."," "
"53","86"," ","."," "
"53","87"," ","."," "
"53","88"," ","."," "
"53","89"," ","."," "
"53","90"," ","."," "
"53","91"," ","."," "
"53","92"," ","."," "
"53","93"," ","."," "
"53","94"," ","."," "
"53","95"," ","."," "
"53","96"," ","."," "
"53","97"," ","."," "
"53","98"," ","."," "
"53","99"," ","."," "
"54","1","s","G"," "
"54","2","s","W"," "
"54","3","s","T"," "
"54","4","s","W"," "
"54","5"," ","*"," "
"54","6"," ","."," "
"54","7"," ","."," "
"54","8"," ","*"," "
"54","9","R","W"," "
"54","10","R","B"," "
"54","11","R","W"," "
"54","12","R","H"," "
"54","13","R","H"," "
"54","14","w","H"," "
"54","15","w","B"," "
"54","16","W","W"," "
"54","17","W","B"," "
"54","18","W","H"," "
"54","19","W","H"," "
"54","20","W","H"," "
"54","21","W","S"," "
"54","22","W","W"," "
"54","23","W","W"," "
"54","24","W","Q"," "
"54","25","W","G"," "
"54","26","W","W"," "
"54","27","a","W"," "
"54","28","a","H"," "
"54","29","a","H"," "
"54","30","a","W"," "
"54","31","a","H"," "
"54","32","a","H"," "
"54","33","a","B"," "
"54","34","T","B"," "
"54","35","a","H"," "
"54","36","T","H"," "
"54","37","T","W"," "
"54","38","T","W"," "
"54","39","T","B"," "
"54","40","T","H"," "
"54","41","T","H"," "
"54","42"," ","*"," "
"54","43"," ","."," "
"54","44"," ","."," "
"54","45"," ","*"," "
"54","46"," ","+"," "
"54","47"," ","."," "
"54","48"," ","*"," "
"54","49"," ","."," "
"54","50"," ","*"," "
"54","51","t","H"," "
"54","52","t","B"," "
"54","53"," ","*"," "
"54","54"," ","."," "
"54","55"," ","."," "
"54","56"," ","."," "
"54","57"," ","."," "
"54","58"," ","."," "
"54","59"," ","*"," "
"54","60","6","B"," "
"54","61","6","K"," "
"54","62","6","K"," "
"54","63","6","K"," "
"54","64","6","K"," "
"54","65","6","S"," "
"54","70","?","D"," "
"54","71","?","H"," "
"54","72","?","B"," "
"54","73","?","B"," "
"54","74"," ","*"," "
"54","75"," ","."," "
"54","76"," ","."," "
"54","77"," ","."," "
"54","78"," ","."," "
"54","79"," ","."," "
"54","80"," ","."," "
"54","81"," ","."," "
"54","82"," ","."," "
"54","83"," ","."," "
"54","84"," ","."," "
"54","85"," ","."," "
"54","86"," ","."," "
"54","87","?","B"," "
"54","88"," ","."," "
"54","89"," ","."," "
"54","90"," ","."," "
"54","91"," ","."," "
"54","92"," ","."," "
"54","93"," ","."," "
"54","94"," ","."," "
"54","95"," ","."," "
"54","96"," ","."," "
"54","97"," ","."," "
"54","98"," ","."," "
"54","99"," ","."," "
"55","1"," ","."," "
"55","2","s","S"," "
"55","3","s","W"," "
"55","4","s","H"," "
"55","5"," ","*"," "
"55","6"," ","."," "
"55","7"," ","*"," "
"55","8","R","B"," "
"55","9","R","S"," "
"55","10","R","Q"," "
"55","11","R","W"," "
"55","12","R","W"," "
"55","13","R","B"," "
"55","14","w","B"," "
"55","15","w","W"," "
"55","16","w","B"," "
"55","17","w","B"," "
"55","18","W","H"," "
"55","19","W","H"," "
"55","20","W","H","g"
"55","21","W","B"," "
"55","22","W","Q"," "
"55","23","W","Q"," "
"55","24","W","Q"," "
"55","25","W","S"," "
"55","26","W","Q"," "
"55","27","a","W"," "
"55","28","a","H"," "
"55","29","a","H"," "
"55","30","a","W"," "
"55","31","a","H"," "
"55","32","T","B"," "
"55","33","T","B"," "
"55","34","T","B"," "
"55","35","T","H"," "
"55","36","T","G"," "
"55","37","T","B","n"
"55","38","T","B","n"
"55","39","T","B"," "
"55","40","T","B"," "
"55","41","T","H"," "
"55","42"," ","*"," "
"55","43"," ","."," "
"55","44"," ","."," "
"55","45"," ","*"," "
"55","46","t","H"," "
"55","47"," ","*"," "
"55","48"," ","."," "
"55","49"," ","."," "
"55","50"," ","*"," "
"55","51","t","G"," "
"55","52","t","H"," "
"55","53"," ","*"," "
"55","54"," ","."," "
"55","55"," ","."," "
"55","56"," ","."," "
"55","57"," ","."," "
"55","58"," ","."," "
"55","59"," ","*"," "
"55","60","6","B"," "
"55","61","6","K"," "
"55","62","5","K"," "
"55","63","6","K"," "
"55","64","6","S"," "
"55","65","6","S"," "
"55","70","?","H"," "
"55","71","?","W"," "
"55","72","?","B"," "
"55","73","?","S"," "
"55","74","?","B","n"
"55","75"," ","*"," "
"55","76"," ","*"," "
"55","77"," ","*"," "
"55","78"," ","*"," "
"55","79"," ","*"," "
"55","80"," ","."," "
"55","81"," ","."," "
"55","82"," ","."," "
"55","83"," ","."," "
"55","84"," ","."," "
"55","85"," ","."," "
"55","86"," ","."," "
"55","87"," ","."," "
"55","88"," ","."," "
"55","89"," ","."," "
"55","90"," ","."," "
"55","91","?","B","w"
"55","92"," ","."," "
"55","93"," ","."," "
"55","94"," ","."," "
"55","95"," ","."," "
"55","96"," ","."," "
"55","97"," ","."," "
"55","98"," ","."," "
"55","99"," ","."," "
"56","1","s","H"," "
"56","2","s","W"," "
"56","3","R","B"," "
"56","4","R","T"," "
"56","5"," ","*"," "
"56","6"," ","*"," "
"56","7","R","T"," "
"56","8","R","T"," "
"56","9","R","B"," "
"56","10"," ","."," "
"56","11"," ","."," "
"56","12","R","H"," "
"56","13","R","B"," "
"56","14","R","B"," "
"56","15","w","B"," "
"56","16","w","W"," "
"56","17","w","B"," "
"56","18","w","B","n"
"56","19","w","B"," "
"56","20","w","H"," "
"56","21","W","W"," "
"56","22","W","B"," "
"56","23","W","Q"," "
"56","24","W","W"," "
"56","25","W","W"," "
"56","26","W","B"," "
"56","27","a","H"," "
"56","28","r","H"," "
"56","29","r","W"," "
"56","30","T","W"," "
"56","31","T","H"," "
"56","32","T","B"," "
"56","33","T","B"," "
"56","34","T","B"," "
"56","35","T","B"," "
"56","36","T","H"," "
"56","37","T","H"," "
"56","38","T","H"," "
"56","39","T","B"," "
"56","40","T","H"," "
"56","41","T","B"," "
"56","42","T","B"," "
"56","43"," ","+"," "
"56","44"," ","+"," "
"56","45","t","H"," "
"56","46"," ","+"," "
"56","47"," ","."," "
"56","48"," ","*"," "
"56","49"," ","."," "
"56","50"," ","*"," "
"56","51","t","G"," "
"56","52"," ","*"," "
"56","53"," ","."," "
"56","54"," ","."," "
"56","55"," ","."," "
"56","56"," ","."," "
"56","57"," ","."," "
"56","58"," ","."," "
"56","59"," ","*"," "
"56","60","6","B"," "
"56","61","6","K"," "
"56","62","5","B"," "
"56","63","5","D"," "
"56","64","6","D"," "
"56","65","6","S"," "
"56","70","?","H","e"
"56","71","?","H"," "
"56","72","?","S"," "
"56","73","?","S"," "
"56","74","?","B","n"
"56","75","?","B","n"
"56","76","?","B"," "
"56","77","?","B"," "
"56","78","?","B"," "
"56","79","?","B"," "
"56","80"," ","*"," "
"56","81"," ","*"," "
"56","82"," ","*"," "
"56","83"," ","*"," "
"56","84"," ","*"," "
"56","85"," ","*"," "
"56","86"," ","."," "
"56","87"," ","."," "
"56","88"," ","."," "
"56","89"," ","."," "
"56","90"," ","."," "
"56","91"," ","."," "
"56","92"," ","."," "
"56","93"," ","."," "
"56","94"," ","."," "
"56","95"," ","."," "
"56","96"," ","."," "
"56","97"," ","."," "
"56","98"," ","."," "
"56","99"," ","."," "
"57","1","s","T"," "
"57","2","s","B"," "
"57","3"," ","."," "
"57","4","R","B"," "
"57","5","R","B"," "
"57","6"," ","*"," "
"57","7","R","B"," "
"57","8","R","S"," "
"57","9","R","Q"," "
"57","10","R","Q"," "
"57","11","R","Q"," "
"57","12","R","W"," "
"57","13","R","H","v"
"57","14","R","H"," "
"57","15","R","W"," "
"57","16","w","W"," "
"57","17","w","W"," "
"57","18","w","B","n"
"57","19","w","B","n"
"57","20","w","W"," "
"57","21","w","W"," "
"57","22","w","W"," "
"57","23","w","B","w"
"57","24","W","B"," "
"57","25","W","B"," "
"57","26","W","B"," "
"57","27","r","W"," "
"57","28","r","B"," "
"57","29","r","B"," "
"57","30","r","B"," "
"57","31","r","B"," "
"57","32","T","B"," "
"57","33","T","B"," "
"57","34","T","B"," "
"57","35","T","B"," "
"57","36"," ","*"," "
"57","37"," ","*"," "
"57","38"," ","*"," "
"57","39","T","B"," "
"57","40","T","B"," "
"57","41"," ","*"," "
"57","42"," ","*"," "
"57","43","t","B"," "
"57","44","t","B"," "
"57","45"," ","*"," "
"57","46","t","H"," "
"57","47"," ","*"," "
"57","48","t","H"," "
"57","49"," ","+"," "
"57","50"," ","+"," "
"57","51","t","H"," "
"57","52"," ","*"," "
"57","53"," ","."," "
"57","54"," ","."," "
"57","55"," ","."," "
"57","56"," ","."," "
"57","57"," ","."," "
"57","58"," ","."," "
"57","59"," ","*"," "
"57","60","5","B"," "
"57","61","5","B"," "
"57","62","5","B"," "
"57","63","5","K"," "
"57","64","5","S"," "
"57","65","5","K"," "
"57","70","?","H"," "
"57","71","?","W"," "
"57","72","?","S"," "
"57","73","?","S"," "
"57","74","?","B","n"
"57","75","?","S"," "
"57","76","?","S"," "
"57","77","?","B"," "
"57","78","?","B"," "
"57","79","?","B"," "
"57","80","?","B"," "
"57","81","?","H"," "
"57","82","?","H"," "
"57","83","?","H"," "
"57","84","?","B"," "
"57","85","?","B"," "
"57","86"," ","*"," "
"57","87"," ","*"," "
"57","88"," ","*"," "
"57","89"," ","."," "
"57","90"," ","."," "
"57","91"," ","."," "
"57","92"," ","."," "
"57","93"," ","."," "
"57","94"," ","."," "
"57","95"," ","."," "
"57","96"," ","."," "
"57","97"," ","."," "
"57","98"," ","."," "
"57","99"," ","."," "
"58","1","s","W"," "
"58","2","R","B"," "
"58","3","R","W"," "
"58","4","R","S"," "
"58","5","R","B"," "
"58","6","R","B"," "
"58","7","R","B"," "
"58","8","s","S"," "
"58","9","R","W"," "
"58","10","R","Q"," "
"58","11","R","Q"," "
"58","12","R","H"," "
"58","13","w","H"," "
"58","14","R","H","v"
"58","15","R","W"," "
"58","16","R","W"," "
"58","17","w","B","n"
"58","18","w","B","n"
"58","19","w","W"," "
"58","20","w","H"," "
"58","21","w","W"," "
"58","22","w","H","w"
"58","23","w","B"," "
"58","24","w","S"," "
"58","25","w","B"," "
"58","26","w","B"," "
"58","27","r","W"," "
"58","28","r","B"," "
"58","29","r","W"," "
"58","30","r","B"," "
"58","31","r","B"," "
"58","32","r","B"," "
"58","33"," ","*"," "
"58","34"," ","*"," "
"58","35"," ","*"," "
"58","36"," ","."," "
"58","37"," ","."," "
"58","38"," ","."," "
"58","39"," ","*"," "
"58","40","T","B"," "
"58","41"," ","*"," "
"58","42","t","B"," "
"58","43","t","H","w"
"58","44","t","B"," "
"58","45","t","B","n"
"58","46","t","H"," "
"58","47","t","B","n"
"58","48"," ","*"," "
"58","49"," ","."," "
"58","50"," ","."," "
"58","51"," ","*"," "
"58","52"," ","."," "
"58","53"," ","."," "
"58","54"," ","."," "
"58","55"," ","."," "
"58","56"," ","."," "
"58","57"," ","."," "
"58","58"," ","."," "
"58","59"," ","*"," "
"58","60","5","B"," "
"58","61","5","B"," "
"58","62","5","K"," "
"58","63","5","S"," "
"58","64","5","D"," "
"58","65","5","D"," "
"58","70","?","H"," "
"58","71","?","W"," "
"58","72","?","S"," "
"58","73","?","B","n"
"58","74","?","B"," "
"58","75","?","S"," "
"58","76","?","H"," "
"58","77","?","H"," "
"58","78","?","H"," "
"58","79","?","H"," "
"58","80","?","H"," "
"58","81","?","H"," "
"58","82","?","W"," "
"58","83","?","H"," "
"58","84","?","H"," "
"58","85","?","H"," "
"58","86","?","H"," "
"58","87","?","B"," "
"58","88","?","B"," "
"58","89"," ","*"," "
"58","90"," ","."," "
"58","91"," ","."," "
"58","92"," ","."," "
"58","93"," ","."," "
"58","94"," ","."," "
"58","95"," ","."," "
"58","96"," ","."," "
"58","97"," ","."," "
"58","98"," ","."," "
"58","99"," ","."," "
"59","1"," ","."," "
"59","2","s","T"," "
"59","3","R","T"," "
"59","4","R","B"," "
"59","5"," ","."," "
"59","6","R","T"," "
"59","7","R","B"," "
"59","8","R","W"," "
"59","9","R","B"," "
"59","10","R","B"," "
"59","11","R","B"," "
"59","12","R","B"," "
"59","13","w","W"," "
"59","14","w","W"," "
"59","15","w","B","n"
"59","16","w","B","n"
"59","17","w","B","n"
"59","18","w","B","n"
"59","19","w","B"," "
"59","20","w","B"," "
"59","21","w","G","e"
"59","22","w","G"," "
"59","23","w","Q"," "
"59","24","w","S"," "
"59","25","w","S"," "
"59","26","w","B"," "
"59","27","r","B"," "
"59","28","r","B"," "
"59","29","r","B"," "
"59","30","r","B"," "
"59","31"," ","*"," "
"59","32"," ","*"," "
"59","33"," ","."," "
"59","34"," ","."," "
"59","35"," ","."," "
"59","36"," ","."," "
"59","37"," ","."," "
"59","38"," ","."," "
"59","39"," ","."," "
"59","40"," ","+"," "
"59","41","t","B"," "
"59","42","t","H"," "
"59","43","t","H"," "
"59","44","t","H"," "
"59","45","t","B","n"
"59","46","t","B","n"
"59","47","t","B","n"
"59","48"," ","*"," "
"59","49","t","H"," "
"59","50"," ","."," "
"59","51"," ","."," "
"59","52"," ","."," "
"59","53"," ","."," "
"59","54"," ","."," "
"59","55"," ","."," "
"59","56"," ","."," "
"59","57"," ","."," "
"59","58"," ","."," "
"59","59"," ","*"," "
"59","60","5","B"," "
"59","61","5","K"," "
"59","62","5","K"," "
"59","63","5","K"," "
"59","64","5","K"," "
"59","65","5","B"," "
"59","70","?","W"," "
"59","71","?","B"," "
"59","72","?","B"," "
"59","73","?","B"," "
"59","74","?","B"," "
"59","75","?","H"," "
"59","76","?","W"," "
"59","77","?","H"," "
"59","78","?","B","e"
"59","79","?","H"," "
"59","80","?","W"," "
"59","81","?","W"," "
"59","82","?","H","z"
"59","83","?","B"," "
"59","84","?","W"," "
"59","85","?","H"," "
"59","86","?","H"," "
"59","87","?","W"," "
"59","88","?","B"," "
"59","89"," ","*"," "
"59","90"," ","."," "
"59","91"," ","."," "
"59","92"," ","."," "
"59","93"," ","."," "
"59","94"," ","."," "
"59","95"," ","."," "
"59","96"," ","."," "
"59","97"," ","."," "
"59","98"," ","."," "
"59","99"," ","."," "
"60","1","1","T"," "
"60","2"," ","."," "
"60","3"," ","."," "
"60","4","R","S"," "
"60","5","R","T"," "
"60","6","R","S"," "
"60","7","R","S"," "
"60","8","R","T"," "
"60","9","R","W"," "
"60","10","R","W"," "
"60","11"," ","."," "
"60","12","R","W"," "
"60","13","w","H"," "
"60","14","w","W"," "
"60","15","R","H"," "
"60","16","w","W"," "
"60","17","w","B","n"
"60","18","w","B"," "
"60","19","w","B"," "
"60","20","w","B"," "
"60","21","w","B"," "
"60","22","w","S"," "
"60","23","w","S"," "
"60","24","w","S"," "
"60","25","w","B"," "
"60","26","r","Q"," "
"60","27","r","B"," "
"60","28","r","B"," "
"60","29","r","B"," "
"60","30"," ","*"," "
"60","31"," ","."," "
"60","32"," ","."," "
"60","33"," ","."," "
"60","34"," ","."," "
"60","35"," ","."," "
"60","36"," ","."," "
"60","37"," ","."," "
"60","38"," ","."," "
"60","39"," ","*"," "
"60","40","t","B"," "
"60","41","t","H"," "
"60","42","t","H","w"
"60","43","t","H"," "
"60","44","t","H"," "
"60","45","t","W"," "
"60","46","t","W"," "
"60","47","t","B"," "
"60","48"," ","*"," "
"60","49"," ","."," "
"60","50"," ","."," "
"60","51"," ","."," "
"60","52"," ","."," "
"60","53"," ","."," "
"60","54"," ","."," "
"60","55"," ","."," "
"60","56"," ","."," "
"60","57"," ","."," "
"60","58"," ","*"," "
"60","59","5","B","n"
"60","60","5","B","n"
"60","61","5","B"," "
"60","62","5","B"," "
"60","63","5","B"," "
"60","64","5","B"," "
"60","65","5","D"," "
"60","70","?","H"," "
"60","71","?","B"," "
"60","72","?","B"," "
"60","73","?","W"," "
"60","74","?","H"," "
"60","75","?","H"," "
"60","76","?","H"," "
"60","77","?","B"," "
"60","78","?","H"," "
"60","79","?","B"," "
"60","80","?","H"," "
"60","81","?","W"," "
"60","82","?","W"," "
"60","83","?","W"," "
"60","84","?","W"," "
"60","85","?","H"," "
"60","86","?","B"," "
"60","87","?","B"," "
"60","88"," ","*"," "
"60","89"," ","."," "
"60","90"," ","."," "
"60","91"," ","."," "
"60","92"," ","."," "
"60","93"," ","."," "
"60","94"," ","."," "
"60","95"," ","."," "
"60","96"," ","."," "
"60","97"," ","."," "
"60","98"," ","."," "
"60","99"," ","."," "
"61","1","1","S"," "
"61","2"," ","."," "
"61","3","R","S"," "
"61","4"," ","."," "
"61","5"," ","."," "
"61","6","R","S"," "
"61","7","R","S"," "
"61","8","R","T"," "
"61","9","R","W"," "
"61","10","R","S"," "
"61","11","R","W"," "
"61","12","R","W"," "
"61","13","R","H"," "
"61","14","R","W"," "
"61","15","R","H"," "
"61","16","R","W"," "
"61","17","w","B"," "
"61","18","w","B"," "
"61","19","w","B"," "
"61","20","w","B"," "
"61","21","w","B"," "
"61","22","r","S"," "
"61","23","r","S"," "
"61","24","w","S"," "
"61","25","r","Q"," "
"61","26","r","Q"," "
"61","27","r","B"," "
"61","28","r","B"," "
"61","29","r","B"," "
"61","30"," ","*"," "
"61","31"," ","."," "
"61","32"," ","."," "
"61","33"," ","."," "
"61","34"," ","."," "
"61","35"," ","."," "
"61","36"," ","."," "
"61","37"," ","."," "
"61","38"," ","."," "
"61","39"," ","*"," "
"61","40","t","B"," "
"61","41","t","H"," "
"61","42","t","H"," "
"61","43","t","H"," "
"61","44","t","H"," "
"61","45","t","W"," "
"61","46","t","W"," "
"61","47","t","B"," "
"61","48"," ","*"," "
"61","49"," ","."," "
"61","50"," ","."," "
"61","51"," ","."," "
"61","52"," ","."," "
"61","53"," ","."," "
"61","54"," ","."," "
"61","55"," ","."," "
"61","56"," ","."," "
"61","57"," ","."," "
"61","58"," ","*"," "
"61","59","5","B"," "
"61","60","5","B","n"
"61","61","5","B"," "
"61","62","5","B"," "
"61","63","5","B"," "
"61","64","5","B"," "
"61","65","5","K"," "
"61","70","?","G","g"
"61","71","?","H"," "
"61","72","?","H","g"
"61","73","?","H"," "
"61","74","?","H"," "
"61","75","?","H"," "
"61","76","?","B"," "
"61","77","?","H"," "
"61","78","?","W"," "
"61","79","?","W"," "
"61","80","?","H"," "
"61","81","?","W"," "
"61","82","?","W"," "
"61","83","?","H"," "
"61","84","?","H"," "
"61","85","?","B","w"
"61","86","?","B"," "
"61","87"," ","*"," "
"61","88"," ","."," "
"61","89","?","B"," "
"61","90","?","B"," "
"61","91"," ","."," "
"61","92"," ","."," "
"61","93"," ","."," "
"61","94"," ","."," "
"61","95"," ","."," "
"61","96"," ","."," "
"61","97"," ","."," "
"61","98"," ","."," "
"61","99"," ","."," "
"62","1","1","T"," "
"62","2"," ","."," "
"62","3"," ","."," "
"62","4"," ","."," "
"62","5"," ","."," "
"62","6"," ","."," "
"62","7","R","T"," "
"62","8","R","W"," "
"62","9","R","T"," "
"62","10","R","W"," "
"62","11","R","H"," "
"62","12","R","H"," "
"62","13"," ","."," "
"62","14","R","H"," "
"62","15","R","H"," "
"62","16","R","H"," "
"62","17","R","B"," "
"62","18","R","W"," "
"62","19","w","B"," "
"62","20","w","B"," "
"62","21","r","B"," "
"62","22","r","B"," "
"62","23","r","W"," "
"62","24","r","Q"," "
"62","25","r","H"," "
"62","26","r","B"," "
"62","27","r","B"," "
"62","28","r","B"," "
"62","29","r","B"," "
"62","30"," ","*"," "
"62","31"," ","*"," "
"62","32"," ","."," "
"62","33"," ","."," "
"62","34"," ","."," "
"62","35"," ","."," "
"62","36"," ","."," "
"62","37"," ","."," "
"62","38"," ","."," "
"62","39"," ","*"," "
"62","40","t","H"," "
"62","41","t","H"," "
"62","42","t","G"," "
"62","43","t","H","g"
"62","44","t","W"," "
"62","45","t","W"," "
"62","46","t","B"," "
"62","47","t","H"," "
"62","48","t","B"," "
"62","49"," ","*"," "
"62","50"," ","."," "
"62","51"," ","."," "
"62","52"," ","."," "
"62","53"," ","."," "
"62","54"," ","."," "
"62","55"," ","."," "
"62","56"," ","."," "
"62","57"," ","."," "
"62","58"," ","*"," "
"62","59","5","B"," "
"62","60","5","B"," "
"62","61","5","B"," "
"62","62","5","B"," "
"62","63","5","B"," "
"62","64","5","B"," "
"62","65","5","B"," "
"62","70","?","G"," "
"62","71","?","H"," "
"62","72","?","H"," "
"62","73","?","H"," "
"62","74","?","H"," "
"62","75","?","W"," "
"62","76","?","H"," "
"62","77","?","B"," "
"62","78","?","W"," "
"62","79","?","H"," "
"62","80","?","W"," "
"62","81","?","B"," "
"62","82","?","H","w"
"62","83","?","B"," "
"62","84","?","B"," "
"62","85"," ","*"," "
"62","86"," ","*"," "
"62","87"," ","."," "
"62","88","?","B"," "
"62","89","?","W"," "
"62","90","?","H","w"
"62","91"," ","."," "
"62","92"," ","."," "
"62","93"," ","."," "
"62","94"," ","."," "
"62","95"," ","."," "
"62","96"," ","."," "
"62","97"," ","."," "
"62","98"," ","."," "
"62","99"," ","."," "
"63","1","1","W"," "
"63","2","1","T"," "
"63","3","1","W"," "
"63","4","1","B"," "
"63","5","1","W"," "
"63","6","R","B"," "
"63","7","R","W"," "
"63","8","R","T"," "
"63","9","R","W"," "
"63","10","R","W"," "
"63","11","R","H"," "
"63","12","R","B"," "
"63","13","R","H"," "
"63","14","R","S"," "
"63","15","R","W"," "
"63","16","R","B"," "
"63","17","R","W"," "
"63","18","R","W"," "
"63","19","R","B"," "
"63","20","r","B"," "
"63","21","r","B"," "
"63","22","r","B"," "
"63","23","r","W"," "
"63","24","r","B"," "
"63","25","r","B"," "
"63","26","r","B"," "
"63","27","r","B"," "
"63","28","r","B"," "
"63","29"," ","*"," "
"63","30"," ","*"," "
"63","31","r","B"," "
"63","32"," ","*"," "
"63","33"," ","."," "
"63","34"," ","."," "
"63","35"," ","."," "
"63","36"," ","."," "
"63","37"," ","."," "
"63","38"," ","."," "
"63","39"," ","*"," "
"63","40","t","H"," "
"63","41","t","H"," "
"63","42","t","H"," "
"63","43","t","G"," "
"63","44","t","H"," "
"63","45","t","H"," "
"63","46","t","B"," "
"63","47","t","B"," "
"63","48"," ","*"," "
"63","49"," ","."," "
"63","50"," ","."," "
"63","51"," ","."," "
"63","52"," ","."," "
"63","53"," ","."," "
"63","54"," ","."," "
"63","55"," ","."," "
"63","56"," ","."," "
"63","57"," ","."," "
"63","58"," ","*"," "
"63","59","5","B"," "
"63","60","5","B"," "
"63","61","5","B"," "
"63","62","5","K"," "
"63","63","5","B"," "
"63","64","5","B"," "
"63","65","5","B"," "
"63","70","?","G"," "
"63","71","?","H"," "
"63","72","?","B"," "
"63","73","?","W"," "
"63","74","?","H"," "
"63","75","?","B"," "
"63","76","?","W"," "
"63","77","?","H"," "
"63","78","?","W"," "
"63","79","?","W"," "
"63","80","?","H"," "
"63","81","?","H"," "
"63","82","?","B"," "
"63","83"," ","*"," "
"63","84"," ","*"," "
"63","85"," ","."," "
"63","86"," ","."," "
"63","87"," ","."," "
"63","88"," ","."," "
"63","89"," ","."," "
"63","90"," ","."," "
"63","91"," ","."," "
"63","92"," ","."," "
"63","93"," ","."," "
"63","94"," ","."," "
"63","95"," ","."," "
"63","96"," ","."," "
"63","97"," ","."," "
"63","98"," ","."," "
"63","99"," ","."," "
"64","1","1","B"," "
"64","2","1","T"," "
"64","3","1","B"," "
"64","4","1","S"," "
"64","5","1","B"," "
"64","6","1","B"," "
"64","7","1","B"," "
"64","8","R","W"," "
"64","9","R","B"," "
"64","10","R","T"," "
"64","11","R","W"," "
"64","12","R","B"," "
"64","13","R","B"," "
"64","14","R","W"," "
"64","15","R","B"," "
"64","16","R","W"," "
"64","17","R","B"," "
"64","18","R","B"," "
"64","19","R","B"," "
"64","20","r","W"," "
"64","21","r","B"," "
"64","22","r","B"," "
"64","23","r","W"," "
"64","24","r","B"," "
"64","25","r","B"," "
"64","26","r","B"," "
"64","27","r","B"," "
"64","28","r","B"," "
"64","29","r","B"," "
"64","30","r","B"," "
"64","31","r","B"," "
"64","32","r","B"," "
"64","33"," ","*"," "
"64","34"," ","."," "
"64","35"," ","."," "
"64","36"," ","."," "
"64","37"," ","."," "
"64","38"," ","*"," "
"64","39","t","H"," "
"64","40","t","H"," "
"64","41","t","H"," "
"64","42","t","W"," "
"64","43","t","H"," "
"64","44","t","W"," "
"64","45","t","B"," "
"64","46","t","W"," "
"64","47","t","H"," "
"64","48"," ","*"," "
"64","49"," ","."," "
"64","50"," ","."," "
"64","51"," ","."," "
"64","52"," ","."," "
"64","53"," ","."," "
"64","54"," ","."," "
"64","55"," ","."," "
"64","56"," ","."," "
"64","57"," ","."," "
"64","58"," ","."," "
"64","59"," ","*"," "
"64","60","5","B"," "
"64","61","5","B"," "
"64","62"," ","."," "
"64","63"," ","."," "
"64","64"," ","."," "
"64","65","5","H"," "
"64","70","?","G"," "
"64","71","?","H"," "
"64","72","?","W"," "
"64","73","?","B"," "
"64","74","?","H"," "
"64","75","?","H"," "
"64","76","?","W"," "
"64","77","?","W"," "
"64","78","?","H"," "
"64","79","?","H"," "
"64","80","?","B","n"
"64","81","?","B"," "
"64","82"," ","*"," "
"64","83"," ","."," "
"64","84"," ","."," "
"64","85"," ","."," "
"64","86"," ","."," "
"64","87"," ","."," "
"64","88"," ","."," "
"64","89"," ","."," "
"64","90"," ","."," "
"64","91"," ","."," "
"64","92"," ","."," "
"64","93"," ","."," "
"64","94"," ","."," "
"64","95"," ","."," "
"64","96"," ","."," "
"64","97"," ","."," "
"64","98"," ","."," "
"64","99"," ","."," "
"65","1","1","T"," "
"65","2","1","W"," "
"65","3","1","T"," "
"65","4","1","B"," "
"65","5","1","T"," "
"65","6","1","T"," "
"65","7","1","W"," "
"65","8","1","B"," "
"65","9","R","B"," "
"65","10","R","B"," "
"65","11","R","B"," "
"65","12","R","B"," "
"65","13","R","W"," "
"65","14","R","H"," "
"65","15","R","W"," "
"65","16","R","W"," "
"65","17","R","B"," "
"65","18","R","B"," "
"65","19","r","B"," "
"65","20","r","B"," "
"65","21","r","B"," "
"65","22","r","B"," "
"65","23","r","B"," "
"65","24","r","B"," "
"65","25","r","B"," "
"65","26","r","B"," "
"65","27","r","B"," "
"65","28","r","B"," "
"65","29","r","B"," "
"65","30"," ","*"," "
"65","31","r","W"," "
"65","32","r","G","w"
"65","33"," ","*"," "
"65","34"," ","."," "
"65","35"," ","."," "
"65","36"," ","."," "
"65","37"," ","."," "
"65","38"," ","*"," "
"65","39","t","H"," "
"65","40","t","H"," "
"65","41","t","B"," "
"65","42","t","H"," "
"65","43","t","H"," "
"65","44","t","H"," "
"65","45","t","H"," "
"65","46","t","H"," "
"65","47","t","H"," "
"65","48"," ","*"," "
"65","49"," ","."," "
"65","50","t","B"," "
"65","51"," ","."," "
"65","52"," ","."," "
"65","53"," ","."," "
"65","54"," ","."," "
"65","55"," ","."," "
"65","56"," ","."," "
"65","57"," ","."," "
"65","58"," ","."," "
"65","59"," ","*"," "
"65","60","5","B"," "
"65","61","5","B"," "
"65","62","5","K"," "
"65","63"," ","."," "
"65","64"," ","."," "
"65","65"," ","."," "
"65","70","?","G"," "
"65","71","?","H"," "
"65","72","?","B"," "
"65","73","?","B"," "
"65","74","?","B"," "
"65","75","?","H"," "
"65","76","?","W"," "
"65","77","?","W"," "
"65","78","?","B","n"
"65","79","?","B","n"
"65","80","?","S"," "
"65","81"," ","*"," "
"65","82"," ","."," "
"65","83"," ","."," "
"65","84"," ","."," "
"65","85"," ","."," "
"65","86"," ","."," "
"65","87"," ","."," "
"65","88"," ","."," "
"65","89"," ","."," "
"65","90"," ","."," "
"65","91"," ","."," "
"65","92"," ","."," "
"65","93"," ","."," "
"65","94"," ","."," "
"65","95"," ","."," "
"65","96"," ","."," "
"65","97"," ","."," "
"65","98"," ","."," "
"65","99"," ","."," "
"66","1","1","B"," "
"66","2","1","G"," "
"66","3","1","T"," "
"66","4","1","T"," "
"66","5","1","B"," "
"66","6","1","B"," "
"66","7","R","B"," "
"66","8","R","T"," "
"66","9","R","W"," "
"66","10","R","B"," "
"66","11","R","H"," "
"66","12","R","S"," "
"66","13","R","S"," "
"66","14","R","S"," "
"66","15","R","H"," "
"66","16","R","B"," "
"66","17","R","B"," "
"66","18","R","W"," "
"66","19","r","W"," "
"66","20","r","B"," "
"66","21","r","B"," "
"66","22","r","B"," "
"66","23","r","B"," "
"66","24","r","B"," "
"66","25","r","B"," "
"66","26","r","B"," "
"66","27","r","B"," "
"66","28","r","B"," "
"66","29"," ","*"," "
"66","30"," ","*"," "
"66","31","r","G","w"
"66","32"," ","*"," "
"66","33"," ","."," "
"66","34"," ","."," "
"66","35"," ","."," "
"66","36"," ","."," "
"66","37"," ","*"," "
"66","38","t","H"," "
"66","39","t","W"," "
"66","40","t","H"," "
"66","41","t","H"," "
"66","42","t","G"," "
"66","43","t","H"," "
"66","44","t","W"," "
"66","45","t","B"," "
"66","46","t","B"," "
"66","47","t","H"," "
"66","48"," ","*"," "
"66","49"," ","."," "
"66","50","t","G"," "
"66","51"," ","."," "
"66","52"," ","."," "
"66","53"," ","."," "
"66","54"," ","."," "
"66","55"," ","."," "
"66","56"," ","."," "
"66","57"," ","."," "
"66","58"," ","."," "
"66","59"," ","*"," "
"66","60","5","B"," "
"66","61","5","B"," "
"66","62","5","K"," "
"66","63","5","K"," "
"66","64","5","D"," "
"66","65"," ","."," "
"66","70","?","G"," "
"66","71","?","B"," "
"66","72","?","B"," "
"66","73","?","W"," "
"66","74","?","H"," "
"66","75","?","W"," "
"66","76","?","H"," "
"66","77","?","H"," "
"66","78"," ","*"," "
"66","79"," ","*"," "
"66","80"," ","*"," "
"66","81"," ","."," "
"66","82"," ","."," "
"66","83"," ","."," "
"66","84"," ","."," "
"66","85"," ","."," "
"66","86"," ","."," "
"66","87"," ","."," "
"66","88"," ","."," "
"66","89"," ","."," "
"66","90"," ","."," "
"66","91"," ","."," "
"66","92"," ","."," "
"66","93"," ","."," "
"66","94"," ","."," "
"66","95"," ","."," "
"66","96"," ","."," "
"66","97"," ","."," "
"66","98"," ","."," "
"66","99"," ","."," "
"67","1"," ","."," "
"67","2","1","T"," "
"67","3","1","W"," "
"67","4","1","T"," "
"67","5","1","T"," "
"67","6","1","W"," "
"67","7","R","T"," "
"67","8","R","T"," "
"67","9","R","W"," "
"67","10","R","W"," "
"67","11","R","S"," "
"67","12","R","B"," "
"67","13","R","S"," "
"67","14","R","S"," "
"67","15","R","H"," "
"67","16","R","H"," "
"67","17","R","H"," "
"67","18","R","W"," "
"67","19","R","W"," "
"67","20","r","H"," "
"67","21","r","B"," "
"67","22","r","B"," "
"67","23","r","B"," "
"67","24","r","B"," "
"67","25","r","B"," "
"67","26","r","B"," "
"67","27","r","B"," "
"67","28","r","B"," "
"67","29"," ","*"," "
"67","30"," ","."," "
"67","31"," ","+"," "
"67","32"," ","."," "
"67","33"," ","."," "
"67","34"," ","."," "
"67","35"," ","."," "
"67","36"," ","."," "
"67","37"," ","*"," "
"67","38","t","G"," "
"67","39","t","W"," "
"67","40","t","H"," "
"67","41","t","H"," "
"67","42","t","H"," "
"67","43"," ","."," "
"67","44","t","H"," "
"67","45","t","B"," "
"67","46","t","H"," "
"67","47","t","B"," "
"67","48"," ","*"," "
"67","49","t","H"," "
"67","50","t","G"," "
"67","51"," ","."," "
"67","52"," ","."," "
"67","53"," ","."," "
"67","54"," ","."," "
"67","55"," ","."," "
"67","56"," ","."," "
"67","57"," ","."," "
"67","58"," ","."," "
"67","59"," ","*"," "
"67","60","5","B"," "
"67","61","5","K"," "
"67","62","5","K"," "
"67","63","5","D"," "
"67","64","5","D"," "
"67","65","5","G","e"
"67","70","?","G"," "
"67","71","?","B"," "
"67","72","?","B"," "
"67","73","?","B"," "
"67","74","?","B"," "
"67","75","?","H"," "
"67","76","?","H"," "
"67","77"," ","*"," "
"67","78"," ","."," "
"67","79"," ","."," "
"67","80"," ","."," "
"67","81"," ","."," "
"67","82"," ","."," "
"67","83"," ","."," "
"67","84"," ","."," "
"67","85"," ","."," "
"67","86"," ","."," "
"67","87"," ","."," "
"67","88"," ","."," "
"67","89"," ","."," "
"67","90"," ","."," "
"67","91"," ","."," "
"67","92"," ","."," "
"67","93"," ","."," "
"67","94"," ","."," "
"67","95"," ","."," "
"67","96"," ","."," "
"67","97"," ","."," "
"67","98"," ","."," "
"67","99"," ","."," "
"68","1"," ","."," "
"68","2"," ","."," "
"68","3"," ","."," "
"68","4","1","T"," "
"68","5","1","W"," "
"68","6","R","T"," "
"68","7","R","W"," "
"68","8","R","T"," "
"68","9","R","B"," "
"68","10","R","T"," "
"68","11","R","W"," "
"68","12","R","S"," "
"68","13","R","B"," "
"68","14","R","B"," "
"68","15","R","B"," "
"68","16","R","W"," "
"68","17","R","W"," "
"68","18","R","B"," "
"68","19","R","H"," "
"68","20","r","W"," "
"68","21","r","B"," "
"68","22","r","B"," "
"68","23","r","B"," "
"68","24","r","B"," "
"68","25","r","B"," "
"68","26","r","B"," "
"68","27","r","B"," "
"68","28"," ","*"," "
"68","29"," ","+"," "
"68","30"," ","*"," "
"68","31","3","B"," "
"68","32"," ","*"," "
"68","33"," ","."," "
"68","34"," ","."," "
"68","35"," ","."," "
"68","36"," ","."," "
"68","37"," ","*"," "
"68","38","t","G"," "
"68","39","t","H"," "
"68","40","t","H"," "
"68","41","t","G"," "
"68","42","t","W"," "
"68","43","t","S"," "
"68","44","t","B"," "
"68","45","t","H"," "
"68","46","t","B"," "
"68","47"," ","*"," "
"68","48"," ","."," "
"68","49","t","H"," "
"68","50"," ","."," "
"68","51"," ","."," "
"68","52"," ","."," "
"68","53"," ","."," "
"68","54"," ","."," "
"68","55"," ","."," "
"68","56"," ","."," "
"68","57"," ","."," "
"68","58"," ","*"," "
"68","59"," ","*"," "
"68","60","5","B"," "
"68","61","5","B"," "
"68","62","5","K"," "
"68","63","5","B"," "
"68","64","5","K"," "
"68","65"," ","."," "
"68","70","?","G"," "
"68","71","?","B"," "
"68","72","?","B"," "
"68","73","?","B"," "
"68","74","?","B"," "
"68","75","?","H"," "
"68","76"," ","*"," "
"68","77"," ","."," "
"68","78"," ","."," "
"68","79"," ","."," "
"68","80"," ","."," "
"68","81"," ","."," "
"68","82"," ","."," "
"68","83"," ","."," "
"68","84"," ","."," "
"68","85"," ","."," "
"68","86"," ","."," "
"68","87"," ","."," "
"68","88"," ","."," "
"68","89"," ","."," "
"68","90"," ","."," "
"68","91"," ","."," "
"68","92"," ","."," "
"68","93"," ","."," "
"68","94"," ","."," "
"68","95"," ","."," "
"68","96"," ","."," "
"68","97"," ","."," "
"68","98"," ","."," "
"68","99"," ","."," "
"69","1","1","T"," "
"69","2"," ","."," "
"69","3"," ","."," "
"69","4","1","B"," "
"69","5","1","T"," "
"69","6","1","T"," "
"69","7","R","B"," "
"69","8","R","W"," "
"69","9","R","T"," "
"69","10","R","T"," "
"69","11","R","W"," "
"69","12","R","W"," "
"69","13","R","B"," "
"69","14","R","B"," "
"69","15","R","B"," "
"69","16","R","B"," "
"69","17","R","B"," "
"69","18","R","B"," "
"69","19","R","B"," "
"69","20","r","W"," "
"69","21","r","B"," "
"69","22","r","B"," "
"69","23","r","B"," "
"69","24","r","B"," "
"69","25","r","B"," "
"69","26","r","B"," "
"69","27","r","B"," "
"69","28"," ","*"," "
"69","29","r","B"," "
"69","30","3","B"," "
"69","31","3","B"," "
"69","32"," ","*"," "
"69","33"," ","."," "
"69","34"," ","."," "
"69","35"," ","."," "
"69","36"," ","."," "
"69","37"," ","."," "
"69","38"," ","*"," "
"69","39","t","H"," "
"69","40","t","B"," "
"69","41","t","G"," "
"69","42","t","W"," "
"69","43","t","W"," "
"69","44","t","B","n"
"69","45","t","B","n"
"69","46"," ","*"," "
"69","47"," ","."," "
"69","48"," ","."," "
"69","49"," ","."," "
"69","50"," ","."," "
"69","51"," ","."," "
"69","52"," ","."," "
"69","53"," ","."," "
"69","54"," ","."," "
"69","55"," ","*"," "
"69","56"," ","*"," "
"69","57"," ","*"," "
"69","58","5","B"," "
"69","59","5","B"," "
"69","60","5","B"," "
"69","61","5","B"," "
"69","62","5","H","p"
"69","63","5","H"," "
"69","64","5","D"," "
"69","65","5","K"," "
"69","70","?","G","z"
"69","71","?","B"," "
"69","72","?","B"," "
"69","73","?","B"," "
"69","74","?","B"," "
"69","75","?","B"," "
"69","76"," ","*"," "
"69","77"," ","."," "
"69","78"," ","."," "
"69","79"," ","."," "
"69","80"," ","."," "
"69","81"," ","."," "
"69","82"," ","."," "
"69","83"," ","."," "
"69","84"," ","."," "
"69","85"," ","."," "
"69","86"," ","."," "
"69","87"," ","."," "
"69","88"," ","."," "
"69","89"," ","."," "
"69","90"," ","."," "
"69","91"," ","."," "
"69","92"," ","."," "
"69","93"," ","."," "
"69","94"," ","."," "
"69","95"," ","."," "
"69","96"," ","."," "
"69","97"," ","."," "
"69","98"," ","."," "
"69","99"," ","."," "
"70","1"," ","."," "
"70","2","1","T"," "
"70","3","1","W"," "
"70","4","1","Q"," "
"70","5","1","T"," "
"70","6","1","W"," "
"70","7","1","T"," "
"70","8","R","B"," "
"70","9","R","W"," "
"70","10","R","W"," "
"70","11","R","T"," "
"70","12","R","T"," "
"70","13","R","B"," "
"70","14","R","B"," "
"70","15","R","B"," "
"70","16","R","B"," "
"70","17","R","S"," "
"70","18","R","S"," "
"70","19","R","B"," "
"70","20","r","W"," "
"70","21","r","B"," "
"70","22","r","B"," "
"70","23","r","B"," "
"70","24","r","B"," "
"70","25","r","B"," "
"70","26","r","B"," "
"70","27"," ","*"," "
"70","28","r","B"," "
"70","29","r","H"," "
"70","30","r","G"," "
"70","31","3","B"," "
"70","32"," ","*"," "
"70","33"," ","."," "
"70","34"," ","."," "
"70","35"," ","."," "
"70","36"," ","."," "
"70","37"," ","."," "
"70","38"," ","*"," "
"70","39","t","H"," "
"70","40","t","B"," "
"70","41","t","G"," "
"70","42","t","H"," "
"70","43","t","H"," "
"70","44","t","B","n"
"70","45","t","B","n"
"70","46"," ","*"," "
"70","47"," ","."," "
"70","48"," ","."," "
"70","49"," ","."," "
"70","50"," ","."," "
"70","51"," ","."," "
"70","52"," ","."," "
"70","53"," ","*"," "
"70","54"," ","*"," "
"70","55","5","B"," "
"70","56","5","B"," "
"70","57","5","B"," "
"70","58","5","B"," "
"70","59","5","B"," "
"70","60","5","K"," "
"70","61","5","G"," "
"70","62","5","H"," "
"70","63","5","G"," "
"70","64","5","S"," "
"70","65","5","G"," "
"70","70","?","G"," "
"70","71","?","B"," "
"70","72","?","H"," "
"70","73","?","B"," "
"70","74","?","B"," "
"70","75"," ","*"," "
"70","76"," ","."," "
"70","77"," ","."," "
"70","78"," ","."," "
"70","79"," ","."," "
"70","80"," ","."," "
"70","81"," ","."," "
"70","82"," ","."," "
"70","83"," ","."," "
"70","84"," ","."," "
"70","85"," ","."," "
"70","86"," ","."," "
"70","87"," ","."," "
"70","88"," ","."," "
"70","89"," ","."," "
"70","90"," ","."," "
"70","91"," ","."," "
"70","92"," ","."," "
"70","93"," ","."," "
"70","94"," ","."," "
"70","95"," ","."," "
"70","96"," ","."," "
"70","97"," ","."," "
"70","98"," ","."," "
"70","99"," ","."," "
"71","1","1","T"," "
"71","2","1","T"," "
"71","3","1","T"," "
"71","4","1","T"," "
"71","5","1","Q"," "
"71","6","1","T"," "
"71","7","1","W"," "
"71","8","1","T"," "
"71","9","R","W"," "
"71","10","R","T"," "
"71","11","R","H"," "
"71","12","R","W"," "
"71","13","R","W"," "
"71","14","R","B"," "
"71","15","R","B"," "
"71","16","R","B"," "
"71","17","R","B"," "
"71","18","R","S"," "
"71","19","r","B"," "
"71","20","r","B"," "
"71","21","r","B","e"
"71","22","r","W"," "
"71","23","r","B"," "
"71","24","r","B"," "
"71","25","r","B"," "
"71","26","r","B"," "
"71","27","r","B"," "
"71","28","r","B"," "
"71","29","r","H"," "
"71","30","3","H"," "
"71","31","3","G"," "
"71","32","3","H"," "
"71","33"," ","*"," "
"71","34"," ","."," "
"71","35"," ","."," "
"71","36"," ","."," "
"71","37"," ","."," "
"71","38"," ","*"," "
"71","39","t","B"," "
"71","40","t","B"," "
"71","41","t","G"," "
"71","42","t","G"," "
"71","43","t","H"," "
"71","44","t","H"," "
"71","45","t","B"," "
"71","46"," ","*"," "
"71","47"," ","*"," "
"71","48"," ","*"," "
"71","49"," ","*"," "
"71","50"," ","*"," "
"71","51"," ","*"," "
"71","52"," ","*"," "
"71","53","5","B"," "
"71","54","5","B"," "
"71","55","5","B"," "
"71","56","5","B"," "
"71","57","5","B"," "
"71","58","4","H"," "
"71","59","5","B"," "
"71","60","5","K"," "
"71","61","5","H"," "
"71","62","5","G"," "
"71","63","4","G"," "
"71","64","5","G"," "
"71","65","5","D"," "
"71","70","?","G","g"
"71","71","?","B"," "
"71","72","?","H"," "
"71","73","?","B","n"
"71","74","?","B","n"
"71","75"," ","*"," "
"71","76"," ","."," "
"71","77"," ","."," "
"71","78"," ","."," "
"71","79"," ","."," "
"71","80"," ","."," "
"71","81"," ","."," "
"71","82"," ","."," "
"71","83"," ","."," "
"71","84"," ","."," "
"71","85"," ","."," "
"71","86"," ","."," "
"71","87"," ","."," "
"71","88"," ","."," "
"71","89"," ","."," "
"71","90"," ","."," "
"71","91"," ","."," "
"71","92"," ","."," "
"71","93"," ","."," "
"71","94"," ","."," "
"71","95"," ","."," "
"71","96"," ","."," "
"71","97"," ","."," "
"71","98"," ","."," "
"71","99"," ","."," "
"72","1","1","T"," "
"72","2","1","W"," "
"72","3","1","T"," "
"72","4","1","Q"," "
"72","5","1","S"," "
"72","6","1","T"," "
"72","7","1","T"," "
"72","8","1","B"," "
"72","9","2","B"," "
"72","10","R","W"," "
"72","11","R","B"," "
"72","12","2","T"," "
"72","13","R","W"," "
"72","14","R","T"," "
"72","15","R","B"," "
"72","16","R","W"," "
"72","17","R","S"," "
"72","18","R","H"," "
"72","19","r","H"," "
"72","20","r","W"," "
"72","21","r","W"," "
"72","22","r","W"," "
"72","23","r","Q"," "
"72","24","r","W"," "
"72","25","r","B"," "
"72","26","r","B"," "
"72","27","r","B"," "
"72","28","r","H"," "
"72","29","r","B"," "
"72","30","r","W"," "
"72","31","3","G"," "
"72","32","3","H"," "
"72","33"," ","*"," "
"72","34"," ","."," "
"72","35"," ","."," "
"72","36"," ","."," "
"72","37"," ","."," "
"72","38"," ","*"," "
"72","39","t","H"," "
"72","40","t","H"," "
"72","41","t","G"," "
"72","42","t","G"," "
"72","43","t","H"," "
"72","44","t","H"," "
"72","45","t","H"," "
"72","46","t","B"," "
"72","47","t","B"," "
"72","48","t","B"," "
"72","49","t","B"," "
"72","50","t","B"," "
"72","51","t","B"," "
"72","52","4","B"," "
"72","53","4","B"," "
"72","54","4","B"," "
"72","55","5","B"," "
"72","56","5","H"," "
"72","57","4","B"," "
"72","58","4","B"," "
"72","59","5","H"," "
"72","60","5","H"," "
"72","61","4","G"," "
"72","62","4","G"," "
"72","63","4","D"," "
"72","64","4","H"," "
"72","65","5","K"," "
"72","70","?","W"," "
"72","71","?","W"," "
"72","72","?","B"," "
"72","73","?","B","n"
"72","74","?","W"," "
"72","75","?","B","n"
"72","76"," ","*"," "
"72","77"," ","*"," "
"72","78"," ","."," "
"72","79"," ","."," "
"72","80"," ","."," "
"72","81"," ","."," "
"72","82"," ","."," "
"72","83"," ","."," "
"72","84"," ","."," "
"72","85"," ","."," "
"72","86"," ","."," "
"72","87"," ","."," "
"72","88"," ","."," "
"72","89"," ","."," "
"72","90"," ","."," "
"72","91"," ","."," "
"72","92"," ","."," "
"72","93"," ","."," "
"72","94"," ","."," "
"72","95"," ","."," "
"72","96"," ","."," "
"72","97"," ","."," "
"72","98"," ","."," "
"72","99"," ","."," "
"73","1","1","W"," "
"73","2","1","T"," "
"73","3","1","T"," "
"73","4","1","Q"," "
"73","5","1","T"," "
"73","6","1","W"," "
"73","7","1","T"," "
"73","8","1","T"," "
"73","9","2","S"," "
"73","10","2","T"," "
"73","11","2","T"," "
"73","12","2","W"," "
"73","13","R","T"," "
"73","14","R","W"," "
"73","15","2","B"," "
"73","16","2","W"," "
"73","17","R","S"," "
"73","18","r","H"," "
"73","19","r","B"," "
"73","20","r","W"," "
"73","21","r","W"," "
"73","22","r","H"," "
"73","23","2","Q"," "
"73","24","2","Q"," "
"73","25","r","Q"," "
"73","26","r","G"," "
"73","27","3","G"," "
"73","28","3","G"," "
"73","29","3","W"," "
"73","30","r","B"," "
"73","31","3","Q"," "
"73","32","3","G"," "
"73","33"," ","*"," "
"73","34"," ","."," "
"73","35"," ","."," "
"73","36"," ","."," "
"73","37"," ","."," "
"73","38"," ","*"," "
"73","39","4","H"," "
"73","40","t","G"," "
"73","41","t","G","e"
"73","42","t","H"," "
"73","43","t","H"," "
"73","44","t","H"," "
"73","45","t","B"," "
"73","46","t","B"," "
"73","47","t","B"," "
"73","48","t","B"," "
"73","49","t","H"," "
"73","50","t","B"," "
"73","51","t","B"," "
"73","52","4","B"," "
"73","53","t","B"," "
"73","54","4","H"," "
"73","55","5","H"," "
"73","56"," ","."," "
"73","57","4","H"," "
"73","58","4","S"," "
"73","59","4","G"," "
"73","60","5","H"," "
"73","61","4","G"," "
"73","62","4","D"," "
"73","63","4","H"," "
"73","64","4","S"," "
"73","65","4","D"," "
"73","70","?","W"," "
"73","71","?","H"," "
"73","72","?","W"," "
"73","73","?","B","n"
"73","74","?","B","n"
"73","75","?","H"," "
"73","76","?","B"," "
"73","77","?","B"," "
"73","78"," ","*"," "
"73","79"," ","*"," "
"73","80"," ","*"," "
"73","81"," ","*"," "
"73","82"," ","*"," "
"73","83"," ","."," "
"73","84"," ","."," "
"73","85","?","B"," "
"73","86"," ","."," "
"73","87","?","H"," "
"73","88"," ","."," "
"73","89","?","H","w"
"73","90"," ","."," "
"73","91"," ","."," "
"73","92"," ","*"," "
"73","93"," ","*"," "
"73","94"," ","."," "
"73","95","?","B","w"
"73","96"," ","."," "
"73","97"," ","."," "
"73","98"," ","."," "
"73","99"," ","."," "
"74","1","1","W"," "
"74","2","1","H"," "
"74","3","1","W"," "
"74","4","1","T"," "
"74","5","1","Q"," "
"74","6","1","T"," "
"74","7","1","T"," "
"74","8","1","W"," "
"74","9","2","B"," "
"74","10","2","W"," "
"74","11","2","S"," "
"74","12","2","W"," "
"74","13","2","B"," "
"74","14","2","W"," "
"74","15","2","T"," "
"74","16","2","B"," "
"74","17","2","B"," "
"74","18","2","H"," "
"74","19","r","B"," "
"74","20","r","H"," "
"74","21","2","H"," "
"74","22","r","H"," "
"74","23","2","Q"," "
"74","24","2","D"," "
"74","25","2","Q"," "
"74","26","2","W"," "
"74","27","r","Q"," "
"74","28","3","Q"," "
"74","29","3","B"," "
"74","30","3","B"," "
"74","31","3","Q"," "
"74","32","3","G"," "
"74","33","3","H"," "
"74","34"," ","*"," "
"74","35"," ","."," "
"74","36"," ","."," "
"74","37"," ","*"," "
"74","38"," ","*"," "
"74","39","4","H"," "
"74","40","4","H"," "
"74","41","4","G"," "
"74","42","4","B"," "
"74","43","t","W"," "
"74","44","t","H"," "
"74","45","t","G"," "
"74","46","t","G"," "
"74","47","t","H"," "
"74","48","t","H"," "
"74","49","t","H"," "
"74","50","t","H"," "
"74","51","t","B"," "
"74","52","t","B"," "
"74","53","4","B"," "
"74","54","4","W"," "
"74","55","t","B"," "
"74","56","4","G","e"
"74","57","4","K"," "
"74","58","4","K"," "
"74","59","4","H"," "
"74","60","4","K"," "
"74","61","4","K"," "
"74","62","4","S"," "
"74","63","4","D"," "
"74","64","4","S"," "
"74","65","4","S"," "
"74","70","?","W"," "
"74","71","?","G"," "
"74","72","?","H"," "
"74","73","?","W"," "
"74","74","?","B","n"
"74","75","?","H"," "
"74","76","?","B"," "
"74","77","?","B"," "
"74","78","?","H"," "
"74","79","?","B"," "
"74","80","?","S"," "
"74","81","?","B"," "
"74","82","?","B"," "
"74","83"," ","*"," "
"74","84"," ","."," "
"74","85"," ","."," "
"74","86"," ","."," "
"74","87"," ","."," "
"74","88"," ","."," "
"74","89"," ","."," "
"74","90"," ","."," "
"74","91"," ","*"," "
"74","92","?","B"," "
"74","93","?","H","w"
"74","94"," ","*"," "
"74","95"," ","*"," "
"74","96"," ","."," "
"74","97","?","B","z"
"74","98"," ","."," "
"74","99"," ","."," "
"75","1","1","T"," "
"75","2","1","W"," "
"75","3","1","T"," "
"75","4","1","T"," "
"75","5","1","T"," "
"75","6","1","S"," "
"75","7","1","W"," "
"75","8","2","Q"," "
"75","9","2","Q"," "
"75","10","2","T"," "
"75","11","2","B"," "
"75","12","2","B"," "
"75","13","2","H"," "
"75","14","2","Q"," "
"75","15","2","T"," "
"75","16","2","B"," "
"75","17","2","B"," "
"75","18","2","B"," "
"75","19","2","Q"," "
"75","20","2","Q"," "
"75","21","2","H"," "
"75","22","2","H"," "
"75","23","2","Q"," "
"75","24","2","D"," "
"75","25","2","D"," "
"75","26","2","Q"," "
"75","27","3","Q"," "
"75","28","3","Q"," "
"75","29","3","Q"," "
"75","30","3","B"," "
"75","31","3","Q"," "
"75","32","3","H"," "
"75","33","3","G"," "
"75","34"," ","*"," "
"75","35"," ","*"," "
"75","36"," ","*"," "
"75","37","3","B"," "
"75","38","3","B"," "
"75","39","4","B"," "
"75","40","4","G"," "
"75","41","4","G"," "
"75","42","4","H"," "
"75","43","t","H"," "
"75","44","t","G"," "
"75","45","t","G"," "
"75","46","t","B"," "
"75","47","t","G"," "
"75","48","t","G"," "
"75","49","t","G"," "
"75","50","t","H"," "
"75","51","t","H"," "
"75","52","4","W"," "
"75","53","4","W"," "
"75","54","4","G"," "
"75","55","4","G"," "
"75","56","t","H"," "
"75","57","4","K"," "
"75","58","4","H"," "
"75","59","4","H"," "
"75","60","4","B"," "
"75","61","4","K"," "
"75","62","4","K"," "
"75","63","4","K"," "
"75","64","4","D"," "
"75","65","4","B"," "
"75","70","?","W"," "
"75","71","?","G"," "
"75","72","?","H"," "
"75","73","?","H"," "
"75","74","?","H"," "
"75","75","?","W"," "
"75","76","?","H"," "
"75","77","?","H"," "
"75","78","?","W"," "
"75","79","?","W"," "
"75","80","?","W"," "
"75","81","?","H"," "
"75","82","?","B"," "
"75","83"," ","*"," "
"75","84"," ","*"," "
"75","85"," ","*"," "
"75","86"," ","*"," "
"75","87"," ","*"," "
"75","88"," ","*"," "
"75","89"," ","*"," "
"75","90"," ","."," "
"75","91"," ","."," "
"75","92"," ","*"," "
"75","93","?","B"," "
"75","94","?","H"," "
"75","95","?","G"," "
"75","96"," ","*"," "
"75","97"," ","."," "
"75","98"," ","."," "
"75","99"," ","."," "
"76","1","1","G"," "
"76","2","1","Q"," "
"76","3","1","W"," "
"76","4","1","Q"," "
"76","5","2","W"," "
"76","6","2","T"," "
"76","7","2","T"," "
"76","8","2","B"," "
"76","9","2","Q"," "
"76","10","2","Q"," "
"76","11","2","B"," "
"76","12","2","W"," "
"76","13","2","H"," "
"76","14","2","B"," "
"76","15","2","B"," "
"76","16","2","W"," "
"76","17","2","T"," "
"76","18","2","Q"," "
"76","19","2","Q"," "
"76","20","2","Q"," "
"76","21","2","Q"," "
"76","22","2","Q"," "
"76","23","2","Q"," "
"76","24","2","Q"," "
"76","25","2","Q"," "
"76","26","2","Q"," "
"76","27","3","Q"," "
"76","28","3","Q"," "
"76","29","3","Q"," "
"76","30","3","Q"," "
"76","31","3","W"," "
"76","32","3","W"," "
"76","33","3","G"," "
"76","34","3","B"," "
"76","35","3","H"," "
"76","36","3","B"," "
"76","37","3","W"," "
"76","38","4","W"," "
"76","39","4","B"," "
"76","40","4","H"," "
"76","41","4","H"," "
"76","42","4","G"," "
"76","43","4","G"," "
"76","44","t","H"," "
"76","45","4","H"," "
"76","46","t","B"," "
"76","47","t","B"," "
"76","48","t","H"," "
"76","49","t","G"," "
"76","50","4","B"," "
"76","51","t","H"," "
"76","52","t","K"," "
"76","53","4","K"," "
"76","54","4","G"," "
"76","55","t","K"," "
"76","56","4","K"," "
"76","57","4","K"," "
"76","58","4","G"," "
"76","59","4","G"," "
"76","60","t","K"," "
"76","61","4","D"," "
"76","62","4","D"," "
"76","63","4","K"," "
"76","64","4","D"," "
"76","65","4","D"," "
"76","70","?","H"," "
"76","71","?","W"," "
"76","72","?","G"," "
"76","73","?","W"," "
"76","74","?","G"," "
"76","75","?","W"," "
"76","76","?","W"," "
"76","77","?","W"," "
"76","78","?","H"," "
"76","79","?","H"," "
"76","80","?","H"," "
"76","81","?","G"," "
"76","82","?","G"," "
"76","83","?","H"," "
"76","84","?","B"," "
"76","85","?","W"," "
"76","86","?","H","."
"76","87","?","H","z"
"76","88","?","H"," "
"76","89","?","H"," "
"76","90"," ","*"," "
"76","91"," ","."," "
"76","92"," ","."," "
"76","93"," ","*"," "
"76","94","?","S"," "
"76","95","?","H"," "
"76","96","?","G","e"
"76","97"," ","*"," "
"76","98"," ","."," "
"76","99"," ","."," "
"77","1","1","G"," "
"77","2","1","T"," "
"77","3","1","G"," "
"77","4","2","W"," "
"77","5","2","T"," "
"77","6","2","G"," "
"77","7","2","G"," "
"77","8","2","G"," "
"77","9","2","W"," "
"77","10","2","Q"," "
"77","11","2","T"," "
"77","12","2","W"," "
"77","13","2","B"," "
"77","14","2","B"," "
"77","15","2","T"," "
"77","16","2","W"," "
"77","17","2","W"," "
"77","18","2","Q"," "
"77","19","2","Q"," "
"77","20","2","Q"," "
"77","21","2","H"," "
"77","22","2","Q"," "
"77","23","2","W"," "
"77","24","2","W"," "
"77","25","2","Q"," "
"77","26","3","Q"," "
"77","27","3","G"," "
"77","28","3","Q"," "
"77","29","3","G"," "
"77","30","3","G"," "
"77","31","3","G"," "
"77","32","3","G"," "
"77","33","3","H"," "
"77","34","3","G"," "
"77","35","3","G"," "
"77","36","3","G"," "
"77","37","3","H"," "
"77","38","3","W"," "
"77","39","4","G"," "
"77","40","4","G"," "
"77","41","4","G"," "
"77","42","4","H"," "
"77","43"," ","."," "
"77","44","4","H"," "
"77","45","4","H"," "
"77","46","4","B"," "
"77","47","t","H"," "
"77","48","4","G"," "
"77","49","t","K"," "
"77","50","t","H"," "
"77","51","t","B"," "
"77","52","4","H"," "
"77","53","4","D"," "
"77","54","t","G"," "
"77","55","4","D"," "
"77","56","4","D"," "
"77","57","4","K"," "
"77","58","4","G"," "
"77","59","4","G"," "
"77","60","4","D"," "
"77","61","4","B"," "
"77","62","4","K"," "
"77","63","4","K"," "
"77","64","4","D"," "
"77","65","4","K"," "
"77","70","?","G","e"
"77","71","?","W"," "
"77","72","?","H"," "
"77","73","?","G"," "
"77","74","?","H"," "
"77","75","?","H"," "
"77","76","?","W"," "
"77","77","?","B"," "
"77","78","?","W"," "
"77","79","?","W"," "
"77","80","?","B"," "
"77","81","?","H"," "
"77","82","?","H"," "
"77","83","?","G"," "
"77","84","?","H"," "
"77","85","?","S"," "
"77","86"," ","*"," "
"77","87"," ","*"," "
"77","88"," ","*"," "
"77","89","?","W"," "
"77","90","?","H","e"
"77","91"," ","*"," "
"77","92"," ","*"," "
"77","93"," ","."," "
"77","94"," ","*"," "
"77","95","?","B"," "
"77","96","?","H"," "
"77","97","?","B"," "
"77","98"," ","*"," "
"77","99"," ","."," "
"78","1","1","T"," "
"78","2","1","Q"," "
"78","3","1","G"," "
"78","4","1","G"," "
"78","5","2","Q"," "
"78","6","2","G"," "
"78","7","2","G"," "
"78","8","2","G"," "
"78","9","2","H"," "
"78","10","2","G"," "
"78","11","2","G"," "
"78","12","2","Q"," "
"78","13","2","Q"," "
"78","14","2","Q"," "
"78","15","2","G"," "
"78","16","2","Q"," "
"78","17","2","H"," "
"78","18","2","Q"," "
"78","19","2","Q"," "
"78","20","2","Q"," "
"78","21","2","Q"," "
"78","22","2","Q"," "
"78","23","2","D"," "
"78","24","2","D"," "
"78","25","2","Q"," "
"78","26","2","G"," "
"78","27","3","Q"," "
"78","28","3","H"," "
"78","29","3","Q"," "
"78","30","3","G"," "
"78","31","3","G"," "
"78","32","3","Q"," "
"78","33","3","Q"," "
"78","34","3","G"," "
"78","35","3","G"," "
"78","36","3","Q"," "
"78","37","3","G"," "
"78","38"," ","."," "
"78","39","4","Q"," "
"78","40","4","G"," "
"78","41","4","G"," "
"78","42"," ","."," "
"78","43","4","Q"," "
"78","44","4","Q"," "
"78","45","4","G"," "
"78","46","t","G"," "
"78","47","4","G"," "
"78","48","4","G"," "
"78","49","t","K"," "
"78","50","4","K"," "
"78","51","4","Q"," "
"78","52","t","Q"," "
"78","53","t","Q"," "
"78","54","4","K"," "
"78","55","t","H"," "
"78","56","4","K"," "
"78","57","4","K"," "
"78","58","4","Q"," "
"78","59","4","Q"," "
"78","60","4","Q"," "
"78","61","4","Q"," "
"78","62","4","K"," "
"78","63","4","D"," "
"78","64","4","K"," "
"78","65","4","D"," "
"78","70","?","H"," "
"78","71","?","G"," "
"78","72","?","W"," "
"78","73","?","G","g"
"78","74","?","H"," "
"78","75","?","G"," "
"78","76","?","W"," "
"78","77","?","B"," "
"78","78","?","B"," "
"78","79","?","B"," "
"78","80","?","W"," "
"78","81","?","W"," "
"78","82","?","H"," "
"78","83","?","W"," "
"78","84","?","B"," "
"78","85","?","B"," "
"78","86","?","B"," "
"78","87"," ","*"," "
"78","88"," ","."," "
"78","89"," ","*"," "
"78","90","?","B"," "
"78","91","?","H"," "
"78","92","?","W"," "
"78","93"," ","*"," "
"78","94"," ","+"," "
"78","95","?","S"," "
"78","96","?","W"," "
"78","97","?","B"," "
"78","98","?","H"," "
"78","99"," ","*"," "
"79","1","1","T"," "
"79","2","1","G","e"
"79","3","2","Q"," "
"79","4","2","G"," "
"79","5","2","G"," "
"79","6","2","G"," "
"79","7","2","T"," "
"79","8","2","G"," "
"79","9","2","G"," "
"79","10","2","G"," "
"79","11","2","W"," "
"79","12","2","G"," "
"79","13","2","G"," "
"79","14","2","G"," "
"79","15","2","G"," "
"79","16","2","Q"," "
"79","17","2","Q"," "
"79","18","2","Q"," "
"79","19","2","Q"," "
"79","20","2","Q"," "
"79","21","2","Q"," "
"79","22","2","H"," "
"79","23","2","K"," "
"79","24","2","D"," "
"79","25","3","D"," "
"79","26","3","G"," "
"79","27","3","Q"," "
"79","28","3","G"," "
"79","29","3","H"," "
"79","30","3","Q"," "
"79","31","3","Q"," "
"79","32","3","G"," "
"79","33","3","G"," "
"79","34","3","Q"," "
"79","35","3","Q"," "
"79","36","3","W"," "
"79","37","3","Q"," "
"79","38","4","G"," "
"79","39","4","G"," "
"79","40","4","Q"," "
"79","41","4","G"," "
"79","42","4","Q"," "
"79","43","4","G"," "
"79","44","4","Q"," "
"79","45"," ","."," "
"79","46","4","K"," "
"79","47","4","G"," "
"79","48","4","G"," "
"79","49","4","Q"," "
"79","50","4","G"," "
"79","51","4","K"," "
"79","52","4","G"," "
"79","53","4","Q"," "
"79","54","4","G"," "
"79","55","4","K"," "
"79","56","4","K"," "
"79","57","4","K"," "
"79","58","4","Q"," "
"79","59","4","D"," "
"79","60","4","Q"," "
"79","61","4","D"," "
"79","62","4","D"," "
"79","63","4","K"," "
"79","64","4","K"," "
"79","65","4","D"," "
"79","70","?","W"," "
"79","71","?","G"," "
"79","72","?","H"," "
"79","73","?","G"," "
"79","74","?","W"," "
"79","75","?","G"," "
"79","76","?","W"," "
"79","77","?","B","w"
"79","78","?","B"," "
"79","79","?","B"," "
"79","80","?","B"," "
"79","81","?","B"," "
"79","82","?","B"," "
"79","83","?","B"," "
"79","84","?","B"," "
"79","85","?","B"," "
"79","86","?","B"," "
"79","87"," ","*"," "
"79","88"," ","."," "
"79","89"," ","."," "
"79","90"," ","*"," "
"79","91"," ","*"," "
"79","92","?","H"," "
"79","93","?","W"," "
"79","94"," ","+"," "
"79","95"," ","*"," "
"79","96"," ","*"," "
"79","97","?","H"," "
"79","98","?","W"," "
"79","99"," ","*"," "
"80","1","1","Q"," "
"80","2","1","H"," "
"80","3","1","Q"," "
"80","4","2","G"," "
"80","5","2","G"," "
"80","6","2","Q"," "
"80","7","2","G"," "
"80","8","2","G"," "
"80","9","2","G"," "
"80","10","2","G"," "
"80","11","2","Q"," "
"80","12","2","Q"," "
"80","13","2","G"," "
"80","14","2","Q"," "
"80","15","2","Q"," "
"80","16","2","W"," "
"80","17","2","Q"," "
"80","18","2","Q"," "
"80","19","2","H"," "
"80","20","2","Q"," "
"80","21","2","Q"," "
"80","22","2","Q"," "
"80","23","2","Q"," "
"80","24","2","K"," "
"80","25","2","D"," "
"80","26","3","G"," "
"80","27","3","Q"," "
"80","28","3","Q"," "
"80","29","3","Q"," "
"80","30","3","Q"," "
"80","31","3","G"," "
"80","32","3","G"," "
"80","33","3","G"," "
"80","34","3","Q"," "
"80","35","3","H"," "
"80","36","3","G"," "
"80","37","3","G"," "
"80","38","3","G"," "
"80","39","3","H"," "
"80","40","4","Q"," "
"80","41","4","G"," "
"80","42","4","G"," "
"80","43","4","Q"," "
"80","44","4","Q"," "
"80","45","4","G"," "
"80","46","4","G"," "
"80","47","4","K"," "
"80","48","4","G"," "
"80","49","4","K"," "
"80","50","4","Q"," "
"80","51","4","Q"," "
"80","52","4","G"," "
"80","53","4","K"," "
"80","54","4","Q"," "
"80","55","4","K"," "
"80","56","4","K"," "
"80","57","4","Q"," "
"80","58","4","D"," "
"80","59","4","K"," "
"80","60","4","Q"," "
"80","61","4","K"," "
"80","62","4","K"," "
"80","63","4","D"," "
"80","64","4","K"," "
"80","65","4","D"," "
"80","70","?","W"," "
"80","71","?","H"," "
"80","72","?","G"," "
"80","73","?","H"," "
"80","74","?","H"," "
"80","75","?","G","e"
"80","76","?","W"," "
"80","77","?","W"," "
"80","78","?","B"," "
"80","79","?","W"," "
"80","80","?","B"," "
"80","81","?","W"," "
"80","82","?","B","e"
"80","83","?","S"," "
"80","84","?","S"," "
"80","85","?","B"," "
"80","86","?","B"," "
"80","87","?","H"," "
"80","88"," ","*"," "
"80","89"," ","."," "
"80","90"," ","."," "
"80","91"," ","*"," "
"80","92","?","W"," "
"80","93","?","B"," "
"80","94"," ","*"," "
"80","95"," ","."," "
"80","96"," ","."," "
"80","97"," ","*"," "
"80","98","?","W"," "
"80","99"," ","*"," "
"81","70","?","B"," "
"81","71","?","H"," "
"81","72","?","G","z"
"81","73","?","W"," "
"81","74","?","H"," "
"81","75","?","G"," "
"81","76","?","H"," "
"81","77","?","W"," "
"81","78","?","W"," "
"81","79","?","B"," "
"81","80","?","B"," "
"81","81","?","B"," "
"81","82","?","W"," "
"81","83","?","B"," "
"81","84","?","B"," "
"81","85","?","W"," "
"81","86","?","W"," "
"81","87","?","B"," "
"81","88"," ","*"," "
"81","89"," ","."," "
"81","90"," ","."," "
"81","91"," ","."," "
"81","92"," ","*"," "
"81","93"," ","+"," "
"81","94"," ","."," "
"81","95"," ","."," "
"81","96"," ","."," "
"81","97"," ","."," "
"81","98"," ","*"," "
"81","99"," ","."," "
"82","70","?","B"," "
"82","71","?","B"," "
"82","72","?","W"," "
"82","73","?","B"," "
"82","74","?","W"," "
"82","75","?","H"," "
"82","76","?","H"," "
"82","77","?","H"," "
"82","78","?","W"," "
"82","79","?","W"," "
"82","80","?","W"," "
"82","81","?","B"," "
"82","82","?","B"," "
"82","83","?","B"," "
"82","84","?","S"," "
"82","85","?","S"," "
"82","86","?","B"," "
"82","87","?","B"," "
"82","88","?","B"," "
"82","89"," ","*"," "
"82","90"," ","."," "
"82","91"," ","."," "
"82","92"," ","."," "
"82","93"," ","+"," "
"82","94"," ","*"," "
"82","95"," ","."," "
"82","96"," ","."," "
"82","97","?","H","w"
"82","98"," ","."," "
"82","99","?","H","z"
"83","70","?","W"," "
"83","71","?","W"," "
"83","72","?","W"," "
"83","73","?","B"," "
"83","74","?","B","n"
"83","75","?","W"," "
"83","76","?","B","n"
"83","77","?","W"," "
"83","78","?","H"," "
"83","79","?","G"," "
"83","80","?","H","e"
"83","81","?","W"," "
"83","82","?","B"," "
"83","83","?","W"," "
"83","84","?","B"," "
"83","85","?","B"," "
"83","86","?","S"," "
"83","87"," ","*"," "
"83","88"," ","*"," "
"83","89"," ","."," "
"83","90"," ","."," "
"83","91"," ","."," "
"83","92"," ","*"," "
"83","93","?","S"," "
"83","94","?","W"," "
"83","95"," ","*"," "
"83","96"," ","."," "
"83","97"," ","."," "
"83","98"," ","."," "
"83","99"," ","."," "
"84","70","?","W"," "
"84","71","?","B"," "
"84","72","?","B"," "
"84","73","?","B","n"
"84","74"," ","*"," "
"84","75"," ","*"," "
"84","76"," ","*"," "
"84","77","?","B","n"
"84","78","?","W"," "
"84","79","?","H"," "
"84","80","?","H"," "
"84","81","?","H"," "
"84","82","?","H"," "
"84","83","?","W"," "
"84","84","?","B"," "
"84","85","?","S"," "
"84","86"," ","*"," "
"84","87"," ","."," "
"84","88"," ","."," "
"84","89"," ","."," "
"84","90"," ","."," "
"84","91"," ","*"," "
"84","92","?","W"," "
"84","93","?","W"," "
"84","94","?","H"," "
"84","95","?","B"," "
"84","96"," ","*"," "
"84","97"," ","."," "
"84","98"," ","."," "
"84","99","?","W"," "
"85","70","?","B"," "
"85","71","?","B"," "
"85","72","?","B","w"
"85","73"," ","*"," "
"85","74"," ","."," "
"85","75"," ","."," "
"85","76"," ","."," "
"85","77"," ","*"," "
"85","78","?","B","n"
"85","79","?","W"," "
"85","80","?","W"," "
"85","81","?","B"," "
"85","82","?","B"," "
"85","83","?","H"," "
"85","84","?","B"," "
"85","85"," ","*"," "
"85","86"," ","."," "
"85","87"," ","."," "
"85","88"," ","."," "
"85","89"," ","."," "
"85","90"," ","*"," "
"85","91","?","B"," "
"85","92","?","H"," "
"85","93","?","G","z"
"85","94","?","S"," "
"85","95","?","W"," "
"85","96"," ","*"," "
"85","97"," ","."," "
"85","98"," ","."," "
"85","99","?","B"," "
"86","70","?","W"," "
"86","71","?","W"," "
"86","72","?","B"," "
"86","73"," ","*"," "
"86","74"," ","."," "
"86","75"," ","."," "
"86","76","?","B"," "
"86","77"," ","."," "
"86","78"," ","*"," "
"86","79","?","B"," "
"86","80","?","W"," "
"86","81","?","B"," "
"86","82","?","B"," "
"86","83","?","B"," "
"86","84"," ","*"," "
"86","85"," ","."," "
"86","86"," ","."," "
"86","87"," ","."," "
"86","88"," ","."," "
"86","89"," ","*"," "
"86","90","?","B"," "
"86","91","?","H"," "
"86","92","?","W"," "
"86","93","?","W"," "
"86","94","?","H"," "
"86","95"," ","*"," "
"86","96"," ","."," "
"86","97"," ","."," "
"86","98"," ","."," "
"86","99"," ","."," "
"87","70","?","H"," "
"87","71","?","B"," "
"87","72","?","B"," "
"87","73","?","B"," "
"87","74"," ","*"," "
"87","75","?","H"," "
"87","76","?","W"," "
"87","77"," ","."," "
"87","78"," ","."," "
"87","79"," ","*"," "
"87","80","?","H"," "
"87","81","?","B"," "
"87","82","?","B"," "
"87","83"," ","*"," "
"87","84"," ","."," "
"87","85"," ","."," "
"87","86"," ","."," "
"87","87"," ","."," "
"87","88"," ","*"," "
"87","89","?","W"," "
"87","90","?","H"," "
"87","91","?","W"," "
"87","92","?","W"," "
"87","93","?","W"," "
"87","94"," ","*"," "
"87","95"," ","."," "
"87","96"," ","."," "
"87","97"," ","."," "
"87","98","?","B"," "
"87","99"," ","."," "
"88","70","?","H"," "
"88","71","?","B"," "
"88","72","?","B"," "
"88","73"," ","*"," "
"88","74"," ","."," "
"88","75","?","H"," "
"88","76"," ","."," "
"88","77"," ","."," "
"88","78"," ","."," "
"88","79"," ","."," "
"88","80"," ","*"," "
"88","81"," ","*"," "
"88","82"," ","*"," "
"88","83"," ","."," "
"88","84"," ","."," "
"88","85"," ","."," "
"88","86"," ","."," "
"88","87"," ","."," "
"88","88"," ","."," "
"88","89"," ","*"," "
"88","90"," ","*"," "
"88","91"," ","*"," "
"88","92"," ","*"," "
"88","93"," ","*"," "
"88","94"," ","."," "
"88","95"," ","."," "
"88","96"," ","."," "
"88","97"," ","."," "
"88","98"," ","."," "
"88","99"," ","."," "
"89","70","?","B"," "
"89","71"," ","*"," "
"89","72"," ","*"," "
"89","73"," ","."," "
"89","74"," ","."," "
"89","75"," ","."," "
"89","76"," ","."," "
"89","77"," ","."," "
"89","78"," ","."," "
"89","79"," ","."," "
"89","80"," ","."," "
"89","81"," ","."," "
"89","82"," ","."," "
"89","83"," ","."," "
"89","84"," ","."," "
"89","85"," ","."," "
"89","86"," ","."," "
"89","87"," ","."," "
"89","88"," ","."," "
"89","89"," ","."," "
"89","90","?","H"," "
"89","91"," ","."," "
"89","92"," ","."," "
"89","93"," ","."," "
"89","94"," ","."," "
"89","95"," ","."," "
"89","96"," ","."," "
"89","97"," ","."," "
"89","98"," ","."," "
"89","99"," ","."," "
"90","70"," ","*"," "
"90","71"," ","."," "
"90","72"," ",".","W"
"90","73"," ","."," "
"90","74"," ","."," "
"90","75"," ","."," "
"90","76"," ","."," "
"90","77"," ","."," "
"90","78"," ","."," "
"90","79"," ","."," "
"90","80"," ","."," "
"90","81"," ","."," "
"90","82"," ","."," "
"90","83","?","G"," "
"90","84","?","H"," "
"90","85","?","H","g"
"90","86"," ","."," "
"90","87"," ","."," "
"90","88"," ","."," "
"90","89"," ","."," "
"90","90"," ","."," "
"90","91"," ","."," "
"90","92"," ","."," "
"90","93"," ","."," "
"90","94"," ","."," "
"90","95","?","H","g"
"90","96"," ","."," "
"90","97","?","B"," "
"90","98","?","H"," "
"90","99"," ","."," "
