"ItemNo","TurnId","Name","X_OrState","Y_OrFleet","MP","Federation","Batt1Type","Batt1EF","Batt1Size","Batt2Type","Batt2EF","Batt2Size","Batt3Type","Batt3EF","Batt3Size","Batt4Type","Batt4EF","Batt4Size","Batt5Type","Batt5EF","Batt5Size","Batt6Type","Batt6EF","Batt6Size","Batt7Type","Batt7EF","Batt7Size"
"4081","306EAug1808","BRIGADE 1       ","13","41","28","61","Cu","8","800","Cu","8","800","Dr","7","800","Dr","7","800","Dr","7","800","Dr","7","800","Ma","7","800"
"4082","306EAug1808","BRIGADE 2       ","13","41","28","61","Cu","8","800","Cu","8","800","Dr","7","800","Dr","7","800","Hu","7","800","Hu","7","800","Ma","7","800"
"4083","306EAug1808","BRIGADE 3       ","13","41","28","61","GR","8","800","Ln","6","800","Ln","6","800","Ln","6","800","Li","6","800","Pi","6","800","Pi","6","800"
"4084","306EAug1808","BRIGADE 4       ","13","41","28","61","GR","8","800","Ln","6","800","Ln","6","800","Ln","6","800","Li","6","800","Pi","6","800","Pi","6","800"
"4085","306EAug1808","BRIGADE 5       "," 7","34","28","62","Cu","8","800","Cu","8","800","Uh","7","800","Uh","7","800","Dr","7","800","Hu","7","800","Ma","7","800"
"4086","306EAug1808","BRIGADE 6       "," 7","34","28","62","GR","8","800","Ln","6","800","Ln","6","800","Ln","6","800","Li","6","800","La","6","800","La","6","800"
"4087","306EAug1808","BRIGADE 7       "," 7","34","28","62","GR","8","800","Ln","6","800","Ln","6","800","Ln","6","800","Li","6","800","La","6","800","La","6","800"
"4088","306EAug1808","BRIGADE 8       "," 7","34","28","62","GR","8","800","Ln","6","800","Ln","6","800","Ln","6","800","Ln","6","800","Pi","6","800","Pi","6","800"
"4128","306EAug1808","MARINE-BRIG 4   ","80","76","32","0","Kt","6","782","Kt","6","782","Kt","6","782","Ca","4","782","Ca","4","782","Cc","4","782","Cc","4","782"
"4129","306EAug1808","COLONIAL-BRIG 5 ","79","70","32","72","Ca","4","786","Ca","4","786","Ca","4","786","Ca","4","786","Ca","4","786","Ca","4","786","Ca","4","786"
"4130","306EAug1808","COLONIAL-BRIG 6 ","90","84","32","0","Cc","4","800","Cc","4","800","Ca","4","800","Cc","4","800","Cc","4","800","Cc","4","800","Cc","4","800"
"4131","306EAug1808","MARINE-BRIG 1   ","30","96","32","0","Kt","6","789","Kt","6","789","Kt","6","789","Cc","4","789","Cc","4","789","Ca","4","789","Ca","4","789"
"4132","306EAug1808","COLONIAL-BRIG 1 ","26","92","32","0","Ca","4","800","Ca","4","800","Ca","4","800","Ca","4","800","Ca","4","800","Ca","4","800","Ca","4","800"
"4133","306EAug1808","COLONIAL-BRIG 2 ","25","95","32","0","Mc","4","775","Mc","4","775","Mc","4","775","Mc","4","775","Mc","4","775","Kt","4","797","Kt","4","797"
"4134","306EAug1808","MARINE-BRIG 2   ","17","90","32","0","Kt","6","786","Kt","6","786","Kt","6","786","Ca","4","786","Ca","4","786","Ca","4","786","Mc","4","786"
"4135","306EAug1808","COLONIAL-BRIG 3 "," 1","76","40","71","Mc","4","786","Mc","4","786","Mc","4","786","Mc","4","786","Mc","4","786","Mc","4","786","Mc","4","786"
"4136","306EAug1808","COLONIAL-BRIG 4 "," 4","84","32","0","Ca","4","793","Ca","4","793","Ca","4","793","Ca","4","793","Ca","4","793","--","","","--","",""
"4161","306EAug1808","MARINE-BRIG 3   ","17","88","32","0","Kt","6","785","Kt","6","785","Ca","4","785","Ca","4","785","Ca","4","785","Mc","4","785","Mc","4","785"
"4215","306EAug1808","COLONIALS 1     ","27","92","28","0","Kt","4","797","Kt","4","797","--","","","--","","","Mi","3","797","--","","","--","",""
"4229","306EAug1808","CORE 1          ","13","41","28","61","GR","3","800","GR","3","800","GR","3","800","Ln","3","800","Ln","3","800","Ln","3","800","Ln","3","800"
"4242","306EAug1808","CORE 2          ","13","41","28","61","GR","3","800","GR","3","800","GR","3","800","Ln","3","800","Ln","3","800","Ln","3","800","Ln","3","800"
"4256","306EAug1808","CORE 3          ","13","41","28","61","GR","3","800","GR","3","800","GR","3","800","Ln","3","800","Ln","3","800","--","","","--","",""
"4270","306EAug1808","MILITIA 1       ","18","41","28","64","Mi","4","797","Mi","4","797","Mi","4","797","Ln","4","797","Ln","4","797","--","","","--","",""
"4282","306EAug1808","MILITIA 2       ","18","41","28","64","Mi","4","797","Mi","4","797","Mi","4","797","Ln","4","797","Ln","4","797","--","","","--","",""
"4293","306EAug1808","MILITIA 3       ","E ","11","28","0","Mi","4","797","Mi","4","797","Mi","4","797","--","","","--","","","--","","","--","",""
"4304","306EAug1808","MILITIA 4       ","48","60","28","63","Mi","3","789","Mi","3","789","Mi","3","789","--","","","--","","","--","","","--","",""
"4312","306EAug1808","RIFLES 1        ","13","41","28","0","Rm","3","800","Rm","3","800","Rm","3","800","Rm","3","800","Rm","3","800","--","","","--","",""
"4322","306EAug1808","RIFLES 2        ","13","41","28","0","Rm","3","800","Rm","3","800","Rm","3","800","Rm","3","800","Rm","3","800","--","","","--","",""
"4332","306EAug1808","RIFLES 3        ","13","41","28","0","Rm","3","800","Rm","3","800","Rm","3","800","Rm","3","800","Rm","3","800","--","","","--","",""
"4341","306EAug1808","LINE 1          ","13","41","28","0","Ln","3","800","Ln","3","800","Ln","3","800","Ln","3","800","Ln","3","800","--","","","--","",""
"4350","306EAug1808","MILITIA 1       ","E ","11","28","0","Mi","4","797","Mi","4","797","Mi","4","797","Mi","4","797","Mi","4","797","--","","","--","",""
"4357","306EAug1808","MILITIA 2       ","18","41","28","64","Mi","4","797","Mi","4","797","Mi","4","797","Mi","4","797","Mi","4","797","--","","","--","",""
"4364","306EAug1808","MILITIA 3       ","18","41","28","64","Mi","4","797","Mi","4","797","Mi","4","797","Mi","4","797","Mi","4","797","--","","","--","",""
"4371","306EAug1808","MILITIA 6       ","E ","11","28","0","Mi","4","797","Mi","4","797","Mi","4","797","--","","","--","","","--","","","--","",""
"4383","306EAug1808","MILITIA 7       ","E ","11","28","0","Mi","4","797","Mi","4","797","Mi","4","797","--","","","Rm","4","797","--","","","--","",""
"4395","306EAug1808","RIFLES 4        ","13","41","28","0","Rm","3","800","Rm","3","800","Rm","3","800","Rm","3","800","Rm","3","800","Rm","3","800","Rm","3","800"
"4404","306EAug1808","RIFLES 5        ","13","41","28","0","Rm","3","800","Rm","3","800","Rm","3","800","Rm","3","800","Rm","3","800","Rm","3","800","--","",""
"4478","306EAug1808","MILITIA         ","18","41","28","64","Mi","4","797","Mi","4","797","Mi","4","797","Rm","4","797","Rm","4","797","--","","","--","",""
"4490","306EAug1808","MILITIA         ","18","41","28","64","Mi","4","797","Mi","4","797","Mi","4","797","Rm","4","797","Rm","4","797","--","","","--","",""
"4502","306EAug1808","MILITIA         ","13","41","28","65","Mi","3","800","Mi","3","800","Mi","3","800","Rm","3","800","Rm","3","800","--","","","--","",""
"4513","306EAug1808","MILITIA         ","13","41","28","65","Mi","3","800","Mi","3","800","Mi","3","800","Rm","3","800","Rm","3","800","--","","","--","",""
"4522","306EAug1808","RIFLES          ","13","41","28","0","Rm","3","800","Rm","3","800","Rm","3","800","Rm","3","800","Rm","3","800","--","","","--","",""
"4528","306EAug1808","RIFLES          ","13","41","28","0","Rm","3","800","Rm","3","800","Rm","3","800","Rm","3","800","Rm","3","800","--","","","--","",""
"4539","306EAug1808","MILITIA         ","E ","11","28","0","Mi","4","797","Mi","4","797","Mi","4","797","Mi","4","797","Mi","4","797","--","","","--","",""
"4552","306EAug1808","MILITIA         ","E ","11","28","0","Mi","4","797","Mi","4","797","Mi","4","797","Mi","4","797","Mi","4","797","--","","","--","",""
"4581","306EAug1808","MILITIA         ","E ","11","28","0","Mi","4","797","Mi","4","797","Mi","4","797","Rm","4","797","Rm","4","797","--","","","--","",""
"4588","306EAug1808","MILITIA         ","13","41","28","0","Mi","4","800","Mi","4","800","Mi","4","800","Rm","4","800","Rm","4","800","--","","","--","",""
"4591","306EAug1808","RIFLES          ","13","41","28","0","Rm","3","800","Rm","3","800","Rm","3","800","Rm","3","800","Rm","3","800","--","","","--","",""
"4594","306EAug1808","RIFLES          ","13","41","28","0","Rm","3","800","Rm","3","800","Rm","3","800","Rm","3","800","Rm","3","800","--","","","--","",""
"4081","306EDec1808","BRIGADE 1       ","18","41","28","61","Cu","8","797","Cu","8","797","Dr","7","797","Dr","7","797","Dr","7","797","Dr","7","797","Ma","7","797"
"4082","306EDec1808","BRIGADE 2       ","18","41","28","61","Cu","8","797","Cu","8","797","Dr","7","797","Dr","7","797","Hu","7","797","Hu","7","797","Ma","7","797"
"4083","306EDec1808","BRIGADE 3       ","18","41","28","61","GR","8","797","Ln","6","797","Ln","6","797","Ln","6","797","Li","6","797","Pi","6","797","Pi","6","797"
"4084","306EDec1808","BRIGADE 4       ","18","41","28","61","GR","8","797","Ln","6","797","Ln","6","797","Ln","6","797","Li","6","797","Pi","6","797","Pi","6","797"
"4085","306EDec1808","BRIGADE 5       "," 7","34","28","62","Cu","8","800","Cu","8","800","Uh","7","800","Uh","7","800","Dr","7","800","Hu","7","800","Ma","7","800"
"4086","306EDec1808","BRIGADE 6       "," 7","34","28","62","GR","8","800","Ln","6","800","Ln","6","800","Ln","6","800","Li","6","800","La","6","800","La","6","800"
"4087","306EDec1808","BRIGADE 7       "," 7","34","28","62","GR","8","800","Ln","6","800","Ln","6","800","Ln","6","800","Li","6","800","La","6","800","La","6","800"
"4088","306EDec1808","BRIGADE 8       "," 7","34","28","62","GR","8","800","Ln","6","800","Ln","6","800","Ln","6","800","Ln","6","800","Pi","6","800","Pi","6","800"
"4120","306EDec1808","LIGHT           ","18","41","28","61","Li","4","797","Li","4","797","Li","4","797","Li","4","797","Li","4","797","--","","","--","",""
"4128","306EDec1808","MARINE-BRIG 4   ","80","78","32","0","Kt","6","779","Kt","6","779","Kt","6","779","Ca","4","779","Ca","4","779","Cc","4","779","Cc","4","779"
"4129","306EDec1808","COLONIAL-BRIG 5 ","81","71","32","72","Ca","4","774","Ca","4","774","Ca","4","774","Ca","4","774","Ca","4","774","Ca","4","774","Ca","4","774"
"4130","306EDec1808","COLONIAL-BRIG 6 ","E ","31","32","0","Cc","4","800","Cc","4","800","Ca","4","800","Cc","4","800","Cc","4","800","Cc","4","800","Cc","4","800"
"4131","306EDec1808","MARINE-BRIG 1   ","29","98","32","0","Kt","6","784","Kt","6","784","Kt","6","784","Cc","4","784","Cc","4","784","Ca","4","784","Ca","4","784"
"4132","306EDec1808","COLONIAL-BRIG 1 ","26","92","32","0","Ca","4","800","Ca","4","800","Ca","4","800","Ca","4","800","Ca","4","800","Ca","4","800","Ca","4","800"
"4133","306EDec1808","COLONIAL-BRIG 2 ","24","96","32","0","Mc","4","767","Mc","4","767","Mc","4","767","Mc","4","767","Mc","4","767","Kt","4","789","Kt","4","789"
"4134","306EDec1808","MARINE-BRIG 2   ","E ","21","32","0","Kt","6","784","Kt","6","784","Kt","6","784","Ca","4","784","Ca","4","784","Ca","4","784","Mc","4","784"
"4135","306EDec1808","COLONIAL-BRIG 3 "," 3","79","40","71","Mc","4","766","Mc","4","766","Mc","4","766","Mc","4","766","Mc","4","766","Mc","4","766","Mc","4","766"
"4136","306EDec1808","COLONIAL-BRIG 4 "," 5","84","32","0","Ca","4","790","Ca","4","790","Ca","4","790","Ca","4","790","Ca","4","790","--","","","--","",""
"4161","306EDec1808","MARINE-BRIG 3   ","15","88","32","0","Kt","6","782","Kt","6","782","Ca","4","782","Ca","4","782","Ca","4","782","Mc","4","782","Mc","4","782"
"4215","306EDec1808","COLONIALS 1     ","27","97","28","0","Kt","4","786","Kt","4","786","--","","","--","","","Mi","3","786","--","","","--","",""
"4229","306EDec1808","CORE 1          ","18","41","28","61","GR","5","797","GR","5","797","GR","5","797","Ln","5","797","Ln","5","797","Ln","5","797","Ln","5","797"
"4242","306EDec1808","CORE 2          ","18","41","28","61","GR","5","797","GR","5","797","GR","5","797","Ln","5","797","Ln","5","797","Ln","5","797","Ln","5","797"
"4256","306EDec1808","CORE 3          ","18","41","28","61","GR","5","797","GR","5","797","GR","5","797","Ln","5","797","Ln","5","797","--","","","--","",""
"4268","306EDec1808","LIGHT           ","18","41","28","66","Li","3","800","Li","3","800","Li","3","800","Li","3","800","Li","3","800","--","","","--","",""
"4270","306EDec1808","MILITIA 1       ","E ","11","28","0","Mi","5","797","Mi","5","797","Mi","5","797","Ln","5","797","Ln","5","797","--","","","--","",""
"4282","306EDec1808","MILITIA 2       ","E ","11","28","0","Mi","5","797","Mi","5","797","Mi","5","797","Ln","5","797","Ln","5","797","--","","","--","",""
"4293","306EDec1808","MILITIA 3       ","29","43","28","67","Mi","4","748","Mi","4","748","Mi","4","748","--","","","--","","","--","","","--","",""
"4304","306EDec1808","MILITIA 4       ","48","62","28","63","Mi","3","770","Mi","3","770","Mi","3","770","--","","","--","","","--","","","--","",""
"4312","306EDec1808","RIFLES 1        ","18","41","28","66","Rm","5","797","Rm","5","797","Rm","5","797","Rm","5","797","Rm","5","797","--","","","--","",""
"4322","306EDec1808","RIFLES 2        ","18","41","28","66","Rm","5","797","Rm","5","797","Rm","5","797","Rm","5","797","Rm","5","797","--","","","--","",""
"4332","306EDec1808","RIFLES 3        ","18","41","28","66","Rm","5","797","Rm","5","797","Rm","5","797","Rm","5","797","Rm","5","797","--","","","--","",""
"4341","306EDec1808","LINE 1          ","18","41","28","66","Ln","5","797","Ln","5","797","Ln","5","797","Ln","5","797","Ln","5","797","--","","","--","",""
"4350","306EDec1808","MILITIA 1       ","29","43","28","67","Mi","4","748","Mi","4","748","Mi","4","748","Mi","4","748","Mi","4","748","--","","","--","",""
"4357","306EDec1808","MILITIA 2       ","E ","11","28","0","Mi","5","797","Mi","5","797","Mi","5","797","Mi","5","797","Mi","5","797","--","","","--","",""
"4364","306EDec1808","MILITIA 3       ","E ","11","28","0","Mi","5","797","Mi","5","797","Mi","5","797","Mi","5","797","Mi","5","797","--","","","--","",""
"4371","306EDec1808","MILITIA 6       ","29","43","28","67","Mi","4","748","Mi","4","748","Mi","4","748","--","","","--","","","--","","","--","",""
"4383","306EDec1808","MILITIA 7       ","29","43","28","67","Mi","4","748","Mi","4","748","Mi","4","748","--","","","Rm","4","748","--","","","--","",""
"4395","306EDec1808","RIFLES 4        ","18","41","28","66","Rm","5","797","Rm","5","797","Rm","5","797","Rm","5","797","Rm","5","797","Rm","5","797","Rm","5","797"
"4403","306EDec1808","LIGHT           ","18","41","28","66","Li","3","800","Li","3","800","Li","3","800","Li","3","800","Li","3","800","--","","","--","",""
"4404","306EDec1808","RIFLES 5        ","18","41","28","66","Rm","5","797","Rm","5","797","Rm","5","797","Rm","5","797","Rm","5","797","Rm","5","797","--","",""
"4478","306EDec1808","MILITIA         ","E ","11","28","0","Mi","5","797","Mi","5","797","Mi","5","797","Rm","5","797","Rm","5","797","--","","","--","",""
"4490","306EDec1808","MILITIA         ","E ","11","28","0","Mi","5","797","Mi","5","797","Mi","5","797","Rm","5","797","Rm","5","797","--","","","--","",""
"4502","306EDec1808","MILITIA         ","18","41","28","65","Mi","5","797","Mi","5","797","Mi","5","797","Rm","5","797","Rm","5","797","--","","","--","",""
"4513","306EDec1808","MILITIA         ","E ","14","28","0","Mi","5","797","Mi","5","797","Mi","5","797","Rm","5","797","Rm","5","797","--","","","--","",""
"4522","306EDec1808","RIFLES          ","18","41","28","66","Rm","5","797","Rm","5","797","Rm","5","797","Rm","5","797","Rm","5","797","--","","","--","",""
"4528","306EDec1808","RIFLES          ","18","41","28","66","Rm","5","797","Rm","5","797","Rm","5","797","Rm","5","797","Rm","5","797","--","","","--","",""
"4539","306EDec1808","MILITIA         ","29","43","28","67","Mi","4","748","Mi","4","748","Mi","4","748","Mi","4","748","Mi","4","748","--","","","--","",""
"4552","306EDec1808","MILITIA         ","29","43","28","67","Mi","4","748","Mi","4","748","Mi","4","748","Mi","4","748","Mi","4","748","--","","","--","",""
"4581","306EDec1808","MILITIA         ","29","43","28","67","Mi","4","748","Mi","4","748","Mi","4","748","Rm","4","748","Rm","4","748","--","","","--","",""
"4588","306EDec1808","MILITIA         ","18","41","28","66","Mi","5","797","Mi","5","797","Mi","5","797","Rm","6","797","Rm","6","797","--","","","--","",""
"4591","306EDec1808","RIFLES          ","18","41","28","66","Rm","5","797","Rm","5","797","Rm","5","797","Rm","5","797","Rm","5","797","--","","","--","",""
"4594","306EDec1808","RIFLES          ","18","41","28","66","Rm","5","797","Rm","5","797","Rm","5","797","Rm","5","797","Rm","5","797","--","","","--","",""
"4670","306EDec1808","LIGHT           ","18","41","28","61","Li","4","797","Li","4","797","Li","4","797","Li","4","797","Li","4","797","--","","","--","",""
"4681","306EDec1808","LIGHT           ","18","41","28","61","Li","4","797","Li","4","797","Li","4","797","Li","4","797","Li","4","797","--","","","--","",""
"4691","306EDec1808","LIGHT           ","18","41","28","61","Li","4","797","Li","4","797","Li","4","797","Li","4","797","Li","4","797","--","","","--","",""
"4698","306EDec1808","LIGHT           ","18","41","28","61","Li","4","797","Li","4","797","Li","4","797","Li","4","797","Li","4","797","--","","","--","",""
"4740","306EDec1808","LIGHT           ","18","41","28","0","Li","3","800","Li","3","800","Li","3","800","Li","3","800","Li","3","800","--","","","--","",""
"4751","306EDec1808","LIGHT           ","18","41","28","0","Li","3","800","Li","3","800","Li","3","800","Li","3","800","Li","3","800","--","","","--","",""
"4761","306EDec1808","LIGHT           ","18","41","28","0","Li","3","800","Li","3","800","Li","3","800","Li","3","800","Li","3","800","--","","","--","",""
"4081","306EFeb1808","BRIGADE 1       ","13","41","28","61","Cu","8","800","Cu","8","800","Dr","7","800","Dr","7","800","Dr","7","800","Dr","7","800","Ma","7","800"
"4082","306EFeb1808","BRIGADE 2       ","13","41","28","61","Cu","8","800","Cu","8","800","Dr","7","800","Dr","7","800","Hu","7","800","Hu","7","800","Ma","7","800"
"4083","306EFeb1808","BRIGADE 3       ","13","41","28","61","GR","8","800","Ln","6","800","Ln","6","800","Ln","6","800","Li","6","800","Pi","6","800","Pi","6","800"
"4084","306EFeb1808","BRIGADE 4       ","13","41","28","61","GR","8","800","Ln","6","800","Ln","6","800","Ln","6","800","Li","6","800","Pi","6","800","Pi","6","800"
"4085","306EFeb1808","BRIGADE 5       "," 7","34","28","0","Cu","8","800","Cu","8","800","Uh","7","800","Uh","7","800","Dr","7","800","Hu","7","800","Ma","7","800"
"4086","306EFeb1808","BRIGADE 6       "," 7","34","28","0","GR","8","800","Ln","6","800","Ln","6","800","Ln","6","800","Li","6","800","La","6","800","La","6","800"
"4087","306EFeb1808","BRIGADE 7       "," 7","34","28","0","GR","8","800","Ln","6","800","Ln","6","800","Ln","6","800","Li","6","800","La","6","800","La","6","800"
"4088","306EFeb1808","BRIGADE 8       "," 7","34","28","0","GR","8","800","Ln","6","800","Ln","6","800","Ln","6","800","Ln","6","800","Pi","6","800","Pi","6","800"
"4128","306EFeb1808","MARINE-BRIG 4   ","E ","31","32","0","Kt","6","800","Kt","6","800","Kt","6","800","Ca","4","800","Ca","4","800","Cc","4","800","Cc","4","800"
"4129","306EFeb1808","COLONIAL-BRIG 5 ","90","84","32","0","Ca","4","800","Ca","4","800","Ca","4","800","Ca","4","800","Ca","4","800","Cc","4","800","Cc","4","800"
"4130","306EFeb1808","COLONIAL-BRIG 6 ","90","84","32","0","Ca","4","800","Ca","4","800","Ca","4","800","Cc","4","800","Cc","4","800","Cc","4","800","Cc","4","800"
"4131","306EFeb1808","MARINE-BRIG 1   ","27","95","32","0","Kt","6","798","Kt","6","798","Kt","6","798","Cc","4","798","Cc","4","798","Ca","4","798","Ca","4","798"
"4132","306EFeb1808","COLONIAL-BRIG 1 ","26","92","32","0","Ca","4","800","Ca","4","800","Ca","4","800","Ca","4","800","Ca","4","800","Ca","4","800","Ca","4","800"
"4133","306EFeb1808","COLONIAL-BRIG 2 ","23","94","40","0","Mc","4","798","Mc","4","798","Mc","4","798","Mc","4","798","Mc","4","798","--","","","--","",""
"4134","306EFeb1808","MARINE-BRIG 2   ","11","87","32","0","Kt","6","798","Kt","6","798","Kt","6","798","Ca","4","798","Ca","4","798","Ca","4","798","Mc","4","798"
"4135","306EFeb1808","COLONIAL-BRIG 3 "," 6","81","40","71","Mc","4","797","Mc","4","797","Mc","4","797","Mc","4","797","Mc","4","797","Mc","4","797","Mc","4","797"
"4136","306EFeb1808","COLONIAL-BRIG 4 "," 9","84","32","0","Ca","4","800","Ca","4","800","Ca","4","800","Ca","4","800","Ca","4","800","--","","","--","",""
"4161","306EFeb1808","MARINE-BRIG 3   ","E ","21","32","0","Kt","6","800","Kt","6","800","Ca","4","800","Ca","4","800","Ca","4","800","Mc","4","800","Mc","4","800"
"4215","306EFeb1808","COLONIALS 1     "," 7","34","28","0","Kt","3","800","Kt","3","800","Kt","3","800","Kt","3","800","Mi","3","800","--","","","--","",""
"4229","306EFeb1808","CORE 1          ","13","41","28","0","GR","3","800","GR","3","800","GR","3","800","Ln","3","800","Ln","3","800","--","","","--","",""
"4242","306EFeb1808","CORE 2          ","13","41","28","0","GR","3","800","GR","3","800","GR","3","800","Ln","3","800","Ln","3","800","--","","","--","",""
"4256","306EFeb1808","CORE 3          ","13","41","28","0","GR","3","800","GR","3","800","GR","3","800","Ln","3","800","Ln","3","800","--","","","--","",""
"4270","306EFeb1808","MILITIA 1       ","13","41","28","0","Mi","3","800","Mi","3","800","Mi","3","800","Ln","3","800","Ln","3","800","--","","","--","",""
"4282","306EFeb1808","MILITIA 2       ","13","41","28","0","Mi","3","800","Mi","3","800","Mi","3","800","Ln","3","800","Ln","3","800","--","","","--","",""
"4293","306EFeb1808","MILITIA 3       ","13","41","28","0","Mi","3","800","Mi","3","800","Mi","3","800","Ln","3","800","Ln","3","800","--","","","--","",""
"4304","306EFeb1808","MILITIA 4       ","13","41","28","0","Mi","3","800","Mi","3","800","Mi","3","800","Ln","3","800","Ln","3","800","--","","","--","",""
"4081","306EFeb1809","BRIGADE 1       ","18","41","28","61","Cu","8","797","Cu","8","797","Dr","7","797","Dr","7","797","Dr","7","797","Dr","7","797","Ma","7","797"
"4082","306EFeb1809","BRIGADE 2       ","18","41","28","61","Cu","8","797","Cu","8","797","Dr","7","797","Dr","7","797","Hu","7","797","Hu","7","797","Ma","7","797"
"4083","306EFeb1809","BRIGADE 3       ","18","41","28","61","GR","8","797","Ln","6","797","Ln","6","797","Ln","6","797","Li","6","797","Pi","6","797","Pi","6","797"
"4084","306EFeb1809","BRIGADE 4       ","18","41","28","61","GR","8","797","Ln","6","797","Ln","6","797","Ln","6","797","Li","6","797","Pi","6","797","Pi","6","797"
"4085","306EFeb1809","BRIGADE 5       ","11","34","28","62","Cu","8","797","Cu","8","797","Uh","7","797","Uh","7","797","Dr","7","797","Hu","7","797","Ma","7","797"
"4086","306EFeb1809","BRIGADE 6       ","11","34","28","62","GR","8","797","Ln","6","797","Ln","6","797","Ln","6","797","Li","6","797","La","6","797","La","6","797"
"4087","306EFeb1809","BRIGADE 7       ","11","34","28","62","GR","8","797","Ln","6","797","Ln","6","797","Ln","6","797","Li","6","797","La","6","797","La","6","797"
"4088","306EFeb1809","BRIGADE 8       ","11","34","28","62","GR","8","797","Ln","6","797","Ln","6","797","Ln","6","797","Ln","6","797","Pi","6","797","Pi","6","797"
"4120","306EFeb1809","LIGHT           ","18","41","28","61","Li","5","797","Li","5","797","Li","5","797","Li","5","797","Li","5","797","--","","","--","",""
"4128","306EFeb1809","MARINE-BRIG 4   ","81","76","32","0","Kt","6","775","Kt","6","775","Kt","6","775","Ca","4","775","Ca","4","775","Cc","4","775","Cc","4","775"
"4129","306EFeb1809","COLONIAL-BRIG 5 ","83","71","32","72","Ca","4","766","Ca","4","766","Ca","4","766","Ca","4","766","Ca","4","766","Ca","4","766","Ca","4","766"
"4130","306EFeb1809","COLONIAL-BRIG 6 ","83","75","32","0","Cc","4","798","Cc","4","798","Ca","4","798","Cc","4","798","Cc","4","798","Cc","4","798","Cc","4","798"
"4131","306EFeb1809","MARINE-BRIG 1   ","30","99","32","0","Kt","6","782","Kt","6","782","Kt","6","782","Cc","4","782","Cc","4","782","Ca","4","782","Ca","4","782"
"4132","306EFeb1809","COLONIAL-BRIG 1 ","26","92","32","0","Ca","4","800","Ca","4","800","Ca","4","800","Ca","4","800","Ca","4","800","Ca","4","800","Ca","4","800"
"4133","306EFeb1809","COLONIAL-BRIG 2 ","23","96","32","0","Mc","4","765","Mc","4","765","Mc","4","765","Mc","4","765","Mc","4","765","Kt","4","787","Kt","4","787"
"4134","306EFeb1809","MARINE-BRIG 2   ","E ","21","32","0","Kt","6","784","Kt","6","784","Kt","6","784","Ca","4","784","Ca","4","784","Ca","4","784","Mc","4","784"
"4135","306EFeb1809","COLONIAL-BRIG 3 "," 5","83","40","71","Mc","4","760","Mc","4","760","Mc","4","760","Mc","4","760","Mc","4","760","Mc","4","760","Mc","4","760"
"4136","306EFeb1809","COLONIAL-BRIG 4 "," 6","84","32","0","Ca","4","787","Ca","4","787","Ca","4","787","Ca","4","787","Ca","4","787","--","","","--","",""
"4161","306EFeb1809","MARINE-BRIG 3   ","13","87","32","0","Kt","6","780","Kt","6","780","Ca","4","780","Ca","4","780","Ca","4","780","Mc","4","780","Mc","4","780"
"4215","306EFeb1809","COLONIALS 1     ","28","98","28","0","Kt","4","782","Kt","4","782","--","","","--","","","Mi","3","782","--","","","--","",""
"4229","306EFeb1809","CORE 1          ","18","41","28","61","GR","6","797","GR","6","797","GR","6","797","Ln","6","797","Ln","6","797","Ln","6","797","Ln","6","797"
"4242","306EFeb1809","CORE 2          ","18","41","28","61","GR","6","797","GR","6","797","GR","6","797","Ln","6","797","Ln","6","797","Ln","6","797","Ln","6","797"
"4256","306EFeb1809","CORE 3          ","18","41","28","61","GR","6","797","GR","6","797","GR","6","797","Ln","6","797","Ln","6","797","--","","","--","",""
"4268","306EFeb1809","LIGHT           ","18","41","28","66","Li","4","800","Li","4","800","Li","4","800","Li","4","800","Li","4","800","--","","","--","",""
"4270","306EFeb1809","MILITIA 1       ","37","49","28","64","Mi","5","794","Mi","5","794","Mi","5","794","Ln","5","794","Ln","5","794","--","","","--","",""
"4282","306EFeb1809","MILITIA 2       ","37","49","28","64","Mi","5","794","Mi","5","794","Mi","5","794","Ln","5","794","Ln","5","794","--","","","--","",""
"4293","306EFeb1809","MILITIA 3       ","30","42","28","67","Mi","4","745","Mi","4","745","Mi","4","745","--","","","--","","","--","","","--","",""
"4304","306EFeb1809","MILITIA 4       ","50","61","28","63","Mi","3","767","Mi","3","767","Mi","3","767","--","","","--","","","--","","","--","",""
"4312","306EFeb1809","RIFLES 1        ","18","41","28","66","Rm","6","797","Rm","6","797","Rm","6","797","Rm","6","797","Rm","6","797","--","","","--","",""
"4322","306EFeb1809","RIFLES 2        ","18","41","28","66","Rm","6","797","Rm","6","797","Rm","6","797","Rm","6","797","Rm","6","797","--","","","--","",""
"4332","306EFeb1809","RIFLES 3        ","18","41","28","66","Rm","6","797","Rm","6","797","Rm","6","797","Rm","6","797","Rm","6","797","--","","","--","",""
"4341","306EFeb1809","LINE 1          ","18","41","28","66","Ln","6","797","Ln","6","797","Ln","6","797","Ln","6","797","Ln","6","797","--","","","--","",""
"4350","306EFeb1809","MILITIA 1       ","30","42","28","67","Mi","4","745","Mi","4","745","Mi","4","745","Mi","4","745","Mi","4","745","--","","","--","",""
"4357","306EFeb1809","MILITIA 2       ","37","49","28","64","Mi","5","794","Mi","5","794","Mi","5","794","Mi","5","794","Mi","5","794","--","","","--","",""
"4364","306EFeb1809","MILITIA 3       ","37","49","28","64","Mi","5","794","Mi","5","794","Mi","5","794","Mi","5","794","Mi","5","794","--","","","--","",""
"4371","306EFeb1809","MILITIA 6       ","30","42","28","67","Mi","4","745","Mi","4","745","Mi","4","745","--","","","--","","","--","","","--","",""
"4383","306EFeb1809","MILITIA 7       ","30","42","28","67","Mi","4","745","Mi","4","745","Mi","4","745","--","","","Rm","4","745","--","","","--","",""
"4395","306EFeb1809","RIFLES 4        ","18","41","28","66","Rm","6","797","Rm","6","797","Rm","6","797","Rm","6","797","Rm","6","797","Rm","6","797","Rm","6","797"
"4403","306EFeb1809","LIGHT           ","18","41","28","66","Li","4","800","Li","4","800","Li","4","800","Li","4","800","Li","4","800","--","","","--","",""
"4404","306EFeb1809","RIFLES 5        ","18","41","28","66","Rm","6","797","Rm","6","797","Rm","6","797","Rm","6","797","Rm","6","797","Rm","6","797","--","",""
"4478","306EFeb1809","MILITIA         ","37","49","28","64","Mi","5","794","Mi","5","794","Mi","5","794","Rm","5","794","Rm","5","794","--","","","--","",""
"4490","306EFeb1809","MILITIA         ","37","49","28","64","Mi","5","794","Mi","5","794","Mi","5","794","Rm","5","794","Rm","5","794","--","","","--","",""
"4502","306EFeb1809","MILITIA         ","18","41","28","61","Mi","5","797","Mi","5","797","Mi","5","797","Rm","5","797","Rm","5","797","--","","","--","",""
"4513","306EFeb1809","MILITIA         ","37","49","28","64","Mi","5","794","Mi","5","794","Mi","5","794","Rm","5","794","Rm","5","794","--","","","--","",""
"4522","306EFeb1809","RIFLES          ","18","41","28","66","Rm","6","797","Rm","6","797","Rm","6","797","Rm","6","797","Rm","6","797","--","","","--","",""
"4528","306EFeb1809","RIFLES          ","18","41","28","66","Rm","6","797","Rm","6","797","Rm","6","797","Rm","6","797","Rm","6","797","--","","","--","",""
"4539","306EFeb1809","MILITIA         ","30","42","28","67","Mi","4","745","Mi","4","745","Mi","4","745","Mi","4","745","Mi","4","745","--","","","--","",""
"4552","306EFeb1809","MILITIA         ","30","42","28","67","Mi","4","745","Mi","4","745","Mi","4","745","Mi","4","745","Mi","4","745","--","","","--","",""
"4581","306EFeb1809","MILITIA         ","30","42","28","67","Mi","4","745","Mi","4","745","Mi","4","745","Rm","4","745","Rm","4","745","--","","","--","",""
"4588","306EFeb1809","MILITIA         ","18","41","28","66","Mi","5","797","Mi","5","797","Mi","5","797","Rm","7","797","Rm","7","797","--","","","--","",""
"4591","306EFeb1809","RIFLES          ","18","41","28","66","Rm","6","797","Rm","6","797","Rm","6","797","Rm","6","797","Rm","6","797","--","","","--","",""
"4594","306EFeb1809","RIFLES          ","18","41","28","66","Rm","6","797","Rm","6","797","Rm","6","797","Rm","6","797","Rm","6","797","--","","","--","",""
"4670","306EFeb1809","LIGHT           ","18","41","28","61","Li","5","797","Li","5","797","Li","5","797","Li","5","797","Li","5","797","--","","","--","",""
"4681","306EFeb1809","LIGHT           ","18","41","28","61","Li","5","797","Li","5","797","Li","5","797","Li","4","797","Li","4","797","--","","","--","",""
"4691","306EFeb1809","LIGHT           ","18","41","28","61","Li","4","797","Li","4","797","Li","4","797","Li","4","797","Li","4","797","--","","","--","",""
"4698","306EFeb1809","LIGHT           ","18","41","28","61","Li","4","797","Li","4","797","Li","4","797","Li","4","797","Li","4","797","--","","","--","",""
"4740","306EFeb1809","LIGHT           ","18","41","28","61","Li","3","800","Li","3","800","Li","3","800","Li","3","800","Li","3","800","--","","","--","",""
"4751","306EFeb1809","LIGHT           ","18","41","28","61","Li","3","800","Li","3","800","Li","3","800","Li","3","800","Li","3","800","--","","","--","",""
"4761","306EFeb1809","LIGHT           ","18","41","28","61","Li","3","800","Li","3","800","Li","3","800","Li","3","800","Li","3","800","--","","","--","",""
"4081","306EJan1808","BRIGADE 1       ","13","41","28","0","Cu","8","800","Cu","8","800","Dr","7","800","Dr","7","800","Dr","7","800","Dr","7","800","Ma","7","800"
"4082","306EJan1808","BRIGADE 2       ","13","41","28","0","Cu","8","800","Cu","8","800","Dr","7","800","Dr","7","800","Hu","7","800","Hu","7","800","Ma","7","800"
"4083","306EJan1808","BRIGADE 3       ","13","41","28","0","GR","8","800","Ln","6","800","Ln","6","800","Ln","6","800","Li","6","800","Pi","6","800","Pi","6","800"
"4084","306EJan1808","BRIGADE 4       ","13","41","28","0","GR","8","800","Ln","6","800","Ln","6","800","Ln","6","800","Li","6","800","Pi","6","800","Pi","6","800"
"4085","306EJan1808","BRIGADE 5       "," 7","34","28","0","Cu","8","800","Cu","8","800","Uh","7","800","Uh","7","800","Dr","7","800","Hu","7","800","Ma","7","800"
"4086","306EJan1808","BRIGADE 6       "," 7","34","28","0","GR","8","800","Ln","6","800","Ln","6","800","Ln","6","800","Li","6","800","La","6","800","La","6","800"
"4087","306EJan1808","BRIGADE 7       "," 7","34","28","0","GR","8","800","Ln","6","800","Ln","6","800","Ln","6","800","Li","6","800","La","6","800","La","6","800"
"4088","306EJan1808","BRIGADE 8       "," 7","34","28","0","GR","8","800","Ln","6","800","Ln","6","800","Ln","6","800","Ln","6","800","Pi","6","800","Pi","6","800"
"4128","306EJan1808","MARINE-BRIG 4   ","90","84","32","0","Kt","6","800","Kt","6","800","Kt","6","800","Ca","4","800","Ca","4","800","Cc","4","800","Cc","4","800"
"4129","306EJan1808","COLONIAL-BRIG 5 ","90","84","32","0","Ca","4","800","Ca","4","800","Ca","4","800","Ca","4","800","Ca","4","800","Cc","4","800","Cc","4","800"
"4130","306EJan1808","COLONIAL-BRIG 6 ","90","84","32","0","Ca","4","800","Ca","4","800","Ca","4","800","Cc","4","800","Cc","4","800","Cc","4","800","Cc","4","800"
"4131","306EJan1808","MARINE-BRIG 1   ","26","92","32","0","Kt","6","800","Kt","6","800","Kt","6","800","Cc","4","800","Cc","4","800","Ca","4","800","Ca","4","800"
"4132","306EJan1808","COLONIAL-BRIG 1 ","26","92","32","0","Ca","4","800","Ca","4","800","Ca","4","800","Ca","4","800","Ca","4","800","Ca","4","800","Ca","4","800"
"4133","306EJan1808","COLONIAL-BRIG 2 ","26","92","40","0","Mc","4","800","Mc","4","800","Mc","4","800","Mc","4","800","Mc","4","800","--","","","--","",""
"4134","306EJan1808","MARINE-BRIG 2   "," 9","84","32","0","Kt","6","800","Kt","6","800","Kt","6","800","Ca","4","800","Ca","4","800","Ca","4","800","Mc","4","800"
"4135","306EJan1808","COLONIAL-BRIG 3 "," 9","84","32","0","Ca","4","800","Ca","4","800","Ca","4","800","Mc","4","800","Mc","4","800","Mc","4","800","Mc","4","800"
"4136","306EJan1808","COLONIAL-BRIG 4 "," 9","84","32","0","Ca","4","800","Ca","4","800","Mc","4","800","Mc","4","800","Mc","4","800","--","","","--","",""
"4161","306EJan1808","MARINE-BRIG 3   ","22","80","32","0","Kt","6","800","Kt","6","800","Ca","4","800","Ca","4","800","Ca","4","800","Mc","4","800","Mc","4","800"
"4081","306EJan1809","BRIGADE 1       ","18","41","28","61","Cu","8","797","Cu","8","797","Dr","7","797","Dr","7","797","Dr","7","797","Dr","7","797","Ma","7","797"
"4082","306EJan1809","BRIGADE 2       ","18","41","28","61","Cu","8","797","Cu","8","797","Dr","7","797","Dr","7","797","Hu","7","797","Hu","7","797","Ma","7","797"
"4083","306EJan1809","BRIGADE 3       ","18","41","28","61","GR","8","797","Ln","6","797","Ln","6","797","Ln","6","797","Li","6","797","Pi","6","797","Pi","6","797"
"4084","306EJan1809","BRIGADE 4       ","18","41","28","61","GR","8","797","Ln","6","797","Ln","6","797","Ln","6","797","Li","6","797","Pi","6","797","Pi","6","797"
"4085","306EJan1809","BRIGADE 5       "," 7","34","28","62","Cu","8","800","Cu","8","800","Uh","7","800","Uh","7","800","Dr","7","800","Hu","7","800","Ma","7","800"
"4086","306EJan1809","BRIGADE 6       "," 7","34","28","62","GR","8","800","Ln","6","800","Ln","6","800","Ln","6","800","Li","6","800","La","6","800","La","6","800"
"4087","306EJan1809","BRIGADE 7       "," 7","34","28","62","GR","8","800","Ln","6","800","Ln","6","800","Ln","6","800","Li","6","800","La","6","800","La","6","800"
"4088","306EJan1809","BRIGADE 8       "," 7","34","28","62","GR","8","800","Ln","6","800","Ln","6","800","Ln","6","800","Ln","6","800","Pi","6","800","Pi","6","800"
"4120","306EJan1809","LIGHT           ","18","41","28","61","Li","4","797","Li","4","797","Li","4","797","Li","4","797","Li","4","797","--","","","--","",""
"4128","306EJan1809","MARINE-BRIG 4   ","81","77","32","0","Kt","6","777","Kt","6","777","Kt","6","777","Ca","4","777","Ca","4","777","Cc","4","777","Cc","4","777"
"4129","306EJan1809","COLONIAL-BRIG 5 ","83","73","32","72","Ca","4","771","Ca","4","771","Ca","4","771","Ca","4","771","Ca","4","771","Ca","4","771","Ca","4","771"
"4130","306EJan1809","COLONIAL-BRIG 6 ","83","74","32","0","Cc","4","800","Cc","4","800","Ca","4","800","Cc","4","800","Cc","4","800","Cc","4","800","Cc","4","800"
"4131","306EJan1809","MARINE-BRIG 1   ","30","99","32","0","Kt","6","782","Kt","6","782","Kt","6","782","Cc","4","782","Cc","4","782","Ca","4","782","Ca","4","782"
"4132","306EJan1809","COLONIAL-BRIG 1 ","26","92","32","0","Ca","4","800","Ca","4","800","Ca","4","800","Ca","4","800","Ca","4","800","Ca","4","800","Ca","4","800"
"4133","306EJan1809","COLONIAL-BRIG 2 ","23","97","32","0","Mc","4","766","Mc","4","766","Mc","4","766","Mc","4","766","Mc","4","766","Kt","4","788","Kt","4","788"
"4134","306EJan1809","MARINE-BRIG 2   ","E ","21","32","0","Kt","6","784","Kt","6","784","Kt","6","784","Ca","4","784","Ca","4","784","Ca","4","784","Mc","4","784"
"4135","306EJan1809","COLONIAL-BRIG 3 "," 5","81","40","71","Mc","4","762","Mc","4","762","Mc","4","762","Mc","4","762","Mc","4","762","Mc","4","762","Mc","4","762"
"4136","306EJan1809","COLONIAL-BRIG 4 "," 5","84","32","0","Ca","4","790","Ca","4","790","Ca","4","790","Ca","4","790","Ca","4","790","--","","","--","",""
"4161","306EJan1809","MARINE-BRIG 3   ","14","88","32","0","Kt","6","781","Kt","6","781","Ca","4","781","Ca","4","781","Ca","4","781","Mc","4","781","Mc","4","781"
"4215","306EJan1809","COLONIALS 1     ","27","98","28","0","Kt","4","784","Kt","4","784","--","","","--","","","Mi","3","784","--","","","--","",""
"4229","306EJan1809","CORE 1          ","18","41","28","61","GR","5","797","GR","5","797","GR","5","797","Ln","5","797","Ln","5","797","Ln","5","797","Ln","5","797"
"4242","306EJan1809","CORE 2          ","18","41","28","61","GR","5","797","GR","5","797","GR","5","797","Ln","5","797","Ln","5","797","Ln","5","797","Ln","5","797"
"4256","306EJan1809","CORE 3          ","18","41","28","61","GR","5","797","GR","5","797","GR","5","797","Ln","5","797","Ln","5","797","--","","","--","",""
"4268","306EJan1809","LIGHT           ","18","41","28","66","Li","3","800","Li","3","800","Li","3","800","Li","3","800","Li","3","800","--","","","--","",""
"4270","306EJan1809","MILITIA 1       ","36","48","28","0","Mi","5","797","Mi","5","797","Mi","5","797","Ln","5","797","Ln","5","797","--","","","--","",""
"4282","306EJan1809","MILITIA 2       ","36","48","28","0","Mi","5","797","Mi","5","797","Mi","5","797","Ln","5","797","Ln","5","797","--","","","--","",""
"4293","306EJan1809","MILITIA 3       ","29","43","28","67","Mi","4","748","Mi","4","748","Mi","4","748","--","","","--","","","--","","","--","",""
"4304","306EJan1809","MILITIA 4       ","48","62","28","63","Mi","3","770","Mi","3","770","Mi","3","770","--","","","--","","","--","","","--","",""
"4312","306EJan1809","RIFLES 1        ","18","41","28","66","Rm","5","797","Rm","5","797","Rm","5","797","Rm","5","797","Rm","5","797","--","","","--","",""
"4322","306EJan1809","RIFLES 2        ","18","41","28","66","Rm","5","797","Rm","5","797","Rm","5","797","Rm","5","797","Rm","5","797","--","","","--","",""
"4332","306EJan1809","RIFLES 3        ","18","41","28","66","Rm","5","797","Rm","5","797","Rm","5","797","Rm","5","797","Rm","5","797","--","","","--","",""
"4341","306EJan1809","LINE 1          ","18","41","28","66","Ln","5","797","Ln","5","797","Ln","5","797","Ln","5","797","Ln","5","797","--","","","--","",""
"4350","306EJan1809","MILITIA 1       ","29","43","28","67","Mi","4","748","Mi","4","748","Mi","4","748","Mi","4","748","Mi","4","748","--","","","--","",""
"4357","306EJan1809","MILITIA 2       ","36","48","28","0","Mi","5","797","Mi","5","797","Mi","5","797","Mi","5","797","Mi","5","797","--","","","--","",""
"4364","306EJan1809","MILITIA 3       ","36","48","28","0","Mi","5","797","Mi","5","797","Mi","5","797","Mi","5","797","Mi","5","797","--","","","--","",""
"4371","306EJan1809","MILITIA 6       ","29","43","28","67","Mi","4","748","Mi","4","748","Mi","4","748","--","","","--","","","--","","","--","",""
"4383","306EJan1809","MILITIA 7       ","29","43","28","67","Mi","4","748","Mi","4","748","Mi","4","748","--","","","Rm","4","748","--","","","--","",""
"4395","306EJan1809","RIFLES 4        ","18","41","28","66","Rm","5","797","Rm","5","797","Rm","5","797","Rm","5","797","Rm","5","797","Rm","5","797","Rm","5","797"
"4403","306EJan1809","LIGHT           ","18","41","28","66","Li","3","800","Li","3","800","Li","3","800","Li","3","800","Li","3","800","--","","","--","",""
"4404","306EJan1809","RIFLES 5        ","18","41","28","66","Rm","5","797","Rm","5","797","Rm","5","797","Rm","5","797","Rm","5","797","Rm","5","797","--","",""
"4478","306EJan1809","MILITIA         ","36","48","28","0","Mi","5","797","Mi","5","797","Mi","5","797","Rm","5","797","Rm","5","797","--","","","--","",""
"4490","306EJan1809","MILITIA         ","36","48","28","0","Mi","5","797","Mi","5","797","Mi","5","797","Rm","5","797","Rm","5","797","--","","","--","",""
"4502","306EJan1809","MILITIA         ","18","41","28","65","Mi","5","797","Mi","5","797","Mi","5","797","Rm","5","797","Rm","5","797","--","","","--","",""
"4513","306EJan1809","MILITIA         ","36","48","28","0","Mi","5","797","Mi","5","797","Mi","5","797","Rm","5","797","Rm","5","797","--","","","--","",""
"4522","306EJan1809","RIFLES          ","18","41","28","66","Rm","5","797","Rm","5","797","Rm","5","797","Rm","5","797","Rm","5","797","--","","","--","",""
"4528","306EJan1809","RIFLES          ","18","41","28","66","Rm","5","797","Rm","5","797","Rm","5","797","Rm","5","797","Rm","5","797","--","","","--","",""
"4539","306EJan1809","MILITIA         ","29","43","28","67","Mi","4","748","Mi","4","748","Mi","4","748","Mi","4","748","Mi","4","748","--","","","--","",""
"4552","306EJan1809","MILITIA         ","29","43","28","67","Mi","4","748","Mi","4","748","Mi","4","748","Mi","4","748","Mi","4","748","--","","","--","",""
"4581","306EJan1809","MILITIA         ","29","43","28","67","Mi","4","748","Mi","4","748","Mi","4","748","Rm","4","748","Rm","4","748","--","","","--","",""
"4588","306EJan1809","MILITIA         ","18","41","28","66","Mi","5","797","Mi","5","797","Mi","5","797","Rm","6","797","Rm","6","797","--","","","--","",""
"4591","306EJan1809","RIFLES          ","18","41","28","66","Rm","5","797","Rm","5","797","Rm","5","797","Rm","5","797","Rm","5","797","--","","","--","",""
"4594","306EJan1809","RIFLES          ","18","41","28","66","Rm","5","797","Rm","5","797","Rm","5","797","Rm","5","797","Rm","5","797","--","","","--","",""
"4670","306EJan1809","LIGHT           ","18","41","28","61","Li","4","797","Li","4","797","Li","4","797","Li","4","797","Li","4","797","--","","","--","",""
"4681","306EJan1809","LIGHT           ","18","41","28","61","Li","4","797","Li","4","797","Li","4","797","Li","4","797","Li","4","797","--","","","--","",""
"4691","306EJan1809","LIGHT           ","18","41","28","61","Li","4","797","Li","4","797","Li","4","797","Li","4","797","Li","4","797","--","","","--","",""
"4698","306EJan1809","LIGHT           ","18","41","28","61","Li","4","797","Li","4","797","Li","4","797","Li","4","797","Li","4","797","--","","","--","",""
"4740","306EJan1809","LIGHT           ","18","41","28","0","Li","3","800","Li","3","800","Li","3","800","Li","3","800","Li","3","800","--","","","--","",""
"4751","306EJan1809","LIGHT           ","18","41","28","0","Li","3","800","Li","3","800","Li","3","800","Li","3","800","Li","3","800","--","","","--","",""
"4761","306EJan1809","LIGHT           ","18","41","28","0","Li","3","800","Li","3","800","Li","3","800","Li","3","800","Li","3","800","--","","","--","",""
"4081","306EJul1808","BRIGADE 1       ","13","41","28","61","Cu","8","800","Cu","8","800","Dr","7","800","Dr","7","800","Dr","7","800","Dr","7","800","Ma","7","800"
"4082","306EJul1808","BRIGADE 2       ","13","41","28","61","Cu","8","800","Cu","8","800","Dr","7","800","Dr","7","800","Hu","7","800","Hu","7","800","Ma","7","800"
"4083","306EJul1808","BRIGADE 3       ","13","41","28","61","GR","8","800","Ln","6","800","Ln","6","800","Ln","6","800","Li","6","800","Pi","6","800","Pi","6","800"
"4084","306EJul1808","BRIGADE 4       ","13","41","28","61","GR","8","800","Ln","6","800","Ln","6","800","Ln","6","800","Li","6","800","Pi","6","800","Pi","6","800"
"4085","306EJul1808","BRIGADE 5       "," 7","34","28","62","Cu","8","800","Cu","8","800","Uh","7","800","Uh","7","800","Dr","7","800","Hu","7","800","Ma","7","800"
"4086","306EJul1808","BRIGADE 6       "," 7","34","28","62","GR","8","800","Ln","6","800","Ln","6","800","Ln","6","800","Li","6","800","La","6","800","La","6","800"
"4087","306EJul1808","BRIGADE 7       "," 7","34","28","62","GR","8","800","Ln","6","800","Ln","6","800","Ln","6","800","Li","6","800","La","6","800","La","6","800"
"4088","306EJul1808","BRIGADE 8       "," 7","34","28","62","GR","8","800","Ln","6","800","Ln","6","800","Ln","6","800","Ln","6","800","Pi","6","800","Pi","6","800"
"4128","306EJul1808","MARINE-BRIG 4   ","80","75","32","0","Kt","6","784","Kt","6","784","Kt","6","784","Ca","4","784","Ca","4","784","Cc","4","784","Cc","4","784"
"4129","306EJul1808","COLONIAL-BRIG 5 ","81","72","32","72","Ca","4","790","Ca","4","790","Ca","4","790","Ca","4","790","Ca","4","790","Ca","4","790","Ca","4","790"
"4130","306EJul1808","COLONIAL-BRIG 6 ","90","84","32","0","Cc","4","800","Cc","4","800","Ca","4","800","Cc","4","800","Cc","4","800","Cc","4","800","Cc","4","800"
"4131","306EJul1808","MARINE-BRIG 1   ","31","97","32","0","Kt","6","790","Kt","6","790","Kt","6","790","Cc","4","790","Cc","4","790","Ca","4","790","Ca","4","790"
"4132","306EJul1808","COLONIAL-BRIG 1 ","26","92","32","0","Ca","4","800","Ca","4","800","Ca","4","800","Ca","4","800","Ca","4","800","Ca","4","800","Ca","4","800"
"4133","306EJul1808","COLONIAL-BRIG 2 ","26","92","40","0","Mc","4","777","Mc","4","777","Mc","4","777","Mc","4","777","Mc","4","777","--","","","--","",""
"4134","306EJul1808","MARINE-BRIG 2   ","16","90","32","0","Kt","6","788","Kt","6","788","Kt","6","788","Ca","4","788","Ca","4","788","Ca","4","788","Mc","4","788"
"4135","306EJul1808","COLONIAL-BRIG 3 "," 3","76","40","71","Mc","4","788","Mc","4","788","Mc","4","788","Mc","4","788","Mc","4","788","Mc","4","788","Mc","4","788"
"4136","306EJul1808","COLONIAL-BRIG 4 "," 7","83","32","0","Ca","4","796","Ca","4","796","Ca","4","796","Ca","4","796","Ca","4","796","--","","","--","",""
"4161","306EJul1808","MARINE-BRIG 3   ","17","89","32","0","Kt","6","787","Kt","6","787","Ca","4","787","Ca","4","787","Ca","4","787","Mc","4","787","Mc","4","787"
"4215","306EJul1808","COLONIALS 1     ","26","92","28","0","Kt","4","799","Kt","4","799","Kt","4","799","Kt","4","799","Mi","3","799","--","","","--","",""
"4229","306EJul1808","CORE 1          ","13","41","28","61","GR","3","800","GR","3","800","GR","3","800","Ln","3","800","Ln","3","800","Ln","3","800","Ln","3","800"
"4242","306EJul1808","CORE 2          ","13","41","28","61","GR","3","800","GR","3","800","GR","3","800","Ln","3","800","Ln","3","800","Ln","3","800","Ln","3","800"
"4256","306EJul1808","CORE 3          ","13","41","28","61","GR","3","800","GR","3","800","GR","3","800","Ln","3","800","Ln","3","800","--","","","--","",""
"4270","306EJul1808","MILITIA 1       ","13","41","28","64","Mi","3","800","Mi","3","800","Mi","3","800","Ln","3","800","Ln","3","800","--","","","--","",""
"4282","306EJul1808","MILITIA 2       ","13","41","28","64","Mi","3","800","Mi","3","800","Mi","3","800","Ln","3","800","Ln","3","800","--","","","--","",""
"4293","306EJul1808","MILITIA 3       ","13","41","28","64","Mi","3","800","Mi","3","800","Mi","3","800","--","","","--","","","--","","","--","",""
"4304","306EJul1808","MILITIA 4       ","48","60","28","63","Mi","3","789","Mi","3","789","Mi","3","789","--","","","--","","","--","","","--","",""
"4312","306EJul1808","RIFLES 1        ","13","41","28","0","Rm","3","800","Rm","3","800","Rm","3","800","Rm","3","800","Rm","3","800","--","","","--","",""
"4322","306EJul1808","RIFLES 2        ","13","41","28","0","Rm","3","800","Rm","3","800","Rm","3","800","Rm","3","800","Rm","3","800","--","","","--","",""
"4332","306EJul1808","RIFLES 3        ","13","41","28","0","Rm","3","800","Rm","3","800","Rm","3","800","Rm","3","800","Rm","3","800","--","","","--","",""
"4341","306EJul1808","LINE 1          ","13","41","28","0","Ln","3","800","Ln","3","800","Ln","3","800","Ln","3","800","Ln","3","800","--","","","--","",""
"4350","306EJul1808","MILITIA 1       ","13","41","28","64","Mi","3","800","Mi","3","800","Mi","3","800","Mi","3","800","Mi","3","800","--","","","--","",""
"4357","306EJul1808","MILITIA 2       ","13","41","28","64","Mi","3","800","Mi","3","800","Mi","3","800","Mi","3","800","Mi","3","800","--","","","--","",""
"4364","306EJul1808","MILITIA 3       ","13","41","28","64","Mi","3","800","Mi","3","800","Mi","3","800","Mi","3","800","Mi","3","800","--","","","--","",""
"4371","306EJul1808","MILITIA 6       ","13","41","28","64","Mi","3","800","Mi","3","800","Mi","3","800","--","","","--","","","--","","","--","",""
"4383","306EJul1808","MILITIA 7       ","13","41","28","64","Mi","3","800","Mi","3","800","Mi","3","800","--","","","Rm","3","800","--","","","--","",""
"4395","306EJul1808","RIFLES 4        ","13","41","28","0","Rm","3","800","Rm","3","800","Rm","3","800","Rm","3","800","Rm","3","800","Rm","3","800","Rm","3","800"
"4404","306EJul1808","RIFLES 5        ","13","41","28","0","Rm","3","800","Rm","3","800","Rm","3","800","Rm","3","800","Rm","3","800","Rm","3","800","--","",""
"4478","306EJul1808","MILITIA         ","13","41","28","64","Mi","3","800","Mi","3","800","Mi","3","800","Rm","3","800","Rm","3","800","--","","","--","",""
"4490","306EJul1808","MILITIA         ","13","41","28","64","Mi","3","800","Mi","3","800","Mi","3","800","Rm","3","800","Rm","3","800","--","","","--","",""
"4502","306EJul1808","MILITIA         ","13","41","28","65","Mi","3","800","Mi","3","800","Mi","3","800","Rm","3","800","Rm","3","800","--","","","--","",""
"4513","306EJul1808","MILITIA         ","13","41","28","65","Mi","3","800","Mi","3","800","Mi","3","800","Rm","3","800","Rm","3","800","--","","","--","",""
"4522","306EJul1808","RIFLES          ","13","41","28","0","Rm","3","800","Rm","3","800","Rm","3","800","Rm","3","800","Rm","3","800","--","","","--","",""
"4528","306EJul1808","RIFLES          ","13","41","28","0","Rm","3","800","Rm","3","800","Rm","3","800","Rm","3","800","Rm","3","800","--","","","--","",""
"4539","306EJul1808","MILITIA         ","13","41","28","0","Mi","3","800","Mi","3","800","Mi","3","800","Mi","3","800","Mi","3","800","--","","","--","",""
"4552","306EJul1808","MILITIA         ","13","41","28","0","Mi","3","800","Mi","3","800","Mi","3","800","Mi","3","800","Mi","3","800","--","","","--","",""
"4581","306EJul1808","MILITIA         ","13","41","28","0","Mi","3","800","Mi","3","800","Mi","3","800","Rm","3","800","Rm","3","800","--","","","--","",""
"4588","306EJul1808","MILITIA         ","13","41","28","0","Mi","3","800","Mi","3","800","Mi","3","800","Rm","3","800","Rm","3","800","--","","","--","",""
"4591","306EJul1808","RIFLES          ","13","41","28","0","Rm","3","800","Rm","3","800","Rm","3","800","Rm","3","800","Rm","3","800","--","","","--","",""
"4594","306EJul1808","RIFLES          ","13","41","28","0","Rm","3","800","Rm","3","800","Rm","3","800","Rm","3","800","Rm","3","800","--","","","--","",""
"4081","306EJun1808","BRIGADE 1       ","13","41","28","61","Cu","8","800","Cu","8","800","Dr","7","800","Dr","7","800","Dr","7","800","Dr","7","800","Ma","7","800"
"4082","306EJun1808","BRIGADE 2       ","13","41","28","61","Cu","8","800","Cu","8","800","Dr","7","800","Dr","7","800","Hu","7","800","Hu","7","800","Ma","7","800"
"4083","306EJun1808","BRIGADE 3       ","13","41","28","61","GR","8","800","Ln","6","800","Ln","6","800","Ln","6","800","Li","6","800","Pi","6","800","Pi","6","800"
"4084","306EJun1808","BRIGADE 4       ","13","41","28","61","GR","8","800","Ln","6","800","Ln","6","800","Ln","6","800","Li","6","800","Pi","6","800","Pi","6","800"
"4085","306EJun1808","BRIGADE 5       "," 7","34","28","62","Cu","8","800","Cu","8","800","Uh","7","800","Uh","7","800","Dr","7","800","Hu","7","800","Ma","7","800"
"4086","306EJun1808","BRIGADE 6       "," 7","34","28","62","GR","8","800","Ln","6","800","Ln","6","800","Ln","6","800","Li","6","800","La","6","800","La","6","800"
"4087","306EJun1808","BRIGADE 7       "," 7","34","28","62","GR","8","800","Ln","6","800","Ln","6","800","Ln","6","800","Li","6","800","La","6","800","La","6","800"
"4088","306EJun1808","BRIGADE 8       "," 7","34","28","62","GR","8","800","Ln","6","800","Ln","6","800","Ln","6","800","Ln","6","800","Pi","6","800","Pi","6","800"
"4128","306EJun1808","MARINE-BRIG 4   ","81","75","32","0","Kt","6","790","Kt","6","790","Kt","6","790","Ca","4","790","Ca","4","790","Cc","4","790","Cc","4","790"
"4129","306EJun1808","COLONIAL-BRIG 5 ","81","73","32","72","Ca","4","796","Ca","4","796","Ca","4","796","Ca","4","796","Ca","4","796","Ca","4","796","Ca","4","796"
"4130","306EJun1808","COLONIAL-BRIG 6 ","90","84","32","0","Cc","4","800","Cc","4","800","Ca","4","800","Cc","4","800","Cc","4","800","Cc","4","800","Cc","4","800"
"4131","306EJun1808","MARINE-BRIG 1   ","30","98","32","0","Kt","6","792","Kt","6","792","Kt","6","792","Cc","4","792","Cc","4","792","Ca","4","792","Ca","4","792"
"4132","306EJun1808","COLONIAL-BRIG 1 ","26","92","32","0","Ca","4","800","Ca","4","800","Ca","4","800","Ca","4","800","Ca","4","800","Ca","4","800","Ca","4","800"
"4133","306EJun1808","COLONIAL-BRIG 2 ","26","92","40","0","Mc","4","777","Mc","4","777","Mc","4","777","Mc","4","777","Mc","4","777","--","","","--","",""
"4134","306EJun1808","MARINE-BRIG 2   ","15","90","32","0","Kt","6","790","Kt","6","790","Kt","6","790","Ca","4","790","Ca","4","790","Ca","4","790","Mc","4","790"
"4135","306EJun1808","COLONIAL-BRIG 3 "," 5","76","40","71","Mc","4","790","Mc","4","790","Mc","4","790","Mc","4","790","Mc","4","790","Mc","4","790","Mc","4","790"
"4136","306EJun1808","COLONIAL-BRIG 4 "," 9","84","32","0","Ca","4","797","Ca","4","797","Ca","4","797","Ca","4","797","Ca","4","797","--","","","--","",""
"4161","306EJun1808","MARINE-BRIG 3   ","16","89","32","0","Kt","6","789","Kt","6","789","Ca","4","789","Ca","4","789","Ca","4","789","Mc","4","789","Mc","4","789"
"4215","306EJun1808","COLONIALS 1     ","E ","12","28","0","Kt","4","799","Kt","4","799","Kt","4","799","Kt","4","799","Mi","3","799","--","","","--","",""
"4229","306EJun1808","CORE 1          ","13","41","28","61","GR","3","800","GR","3","800","GR","3","800","Ln","3","800","Ln","3","800","Ln","3","800","Ln","3","800"
"4242","306EJun1808","CORE 2          ","13","41","28","61","GR","3","800","GR","3","800","GR","3","800","Ln","3","800","Ln","3","800","Ln","3","800","Ln","3","800"
"4256","306EJun1808","CORE 3          ","13","41","28","61","GR","3","800","GR","3","800","GR","3","800","Ln","3","800","Ln","3","800","--","","","--","",""
"4270","306EJun1808","MILITIA 1       ","13","41","28","0","Mi","3","800","Mi","3","800","Mi","3","800","Ln","3","800","Ln","3","800","--","","","--","",""
"4282","306EJun1808","MILITIA 2       ","13","41","28","0","Mi","3","800","Mi","3","800","Mi","3","800","Ln","3","800","Ln","3","800","--","","","--","",""
"4293","306EJun1808","MILITIA 3       ","13","41","28","0","Mi","3","800","Mi","3","800","Mi","3","800","--","","","--","","","--","","","--","",""
"4304","306EJun1808","MILITIA 4       ","52","61","28","63","Mi","3","793","Mi","3","793","Mi","3","793","--","","","--","","","--","","","--","",""
"4312","306EJun1808","RIFLES 1        ","13","41","28","0","Rm","3","800","Rm","3","800","Rm","3","800","Rm","3","800","Rm","3","800","--","","","--","",""
"4322","306EJun1808","RIFLES 2        ","13","41","28","0","Rm","3","800","Rm","3","800","Rm","3","800","Rm","3","800","Rm","3","800","--","","","--","",""
"4332","306EJun1808","RIFLES 3        ","13","41","28","0","Rm","3","800","Rm","3","800","Rm","3","800","Rm","3","800","Rm","3","800","--","","","--","",""
"4341","306EJun1808","LINE 1          ","13","41","28","0","Ln","3","800","Ln","3","800","Ln","3","800","Ln","3","800","Ln","3","800","--","","","--","",""
"4350","306EJun1808","MILITIA 1       ","13","41","28","0","Mi","3","800","Mi","3","800","Mi","3","800","Mi","3","800","Mi","3","800","--","","","--","",""
"4357","306EJun1808","MILITIA 2       ","13","41","28","0","Mi","3","800","Mi","3","800","Mi","3","800","Mi","3","800","Mi","3","800","--","","","--","",""
"4364","306EJun1808","MILITIA 3       ","13","41","28","0","Mi","3","800","Mi","3","800","Mi","3","800","Mi","3","800","Mi","3","800","--","","","--","",""
"4371","306EJun1808","MILITIA 6       ","13","41","28","0","Mi","3","800","Mi","3","800","Mi","3","800","Rm","3","800","Rm","3","800","--","","","--","",""
"4383","306EJun1808","MILITIA 7       ","13","41","28","0","Mi","3","800","Mi","3","800","Mi","3","800","Rm","3","800","Rm","3","800","--","","","--","",""
"4395","306EJun1808","RIFLES 4        ","13","41","28","0","Rm","3","800","Rm","3","800","Rm","3","800","Rm","3","800","Rm","3","800","--","","","--","",""
"4404","306EJun1808","RIFLES 5        ","13","41","28","0","Rm","3","800","Rm","3","800","Rm","3","800","Rm","3","800","Rm","3","800","--","","","--","",""
"4478","306EJun1808","MILITIA         ","13","41","28","0","Mi","3","800","Mi","3","800","Mi","3","800","Rm","3","800","Rm","3","800","--","","","--","",""
"4490","306EJun1808","MILITIA         ","13","41","28","0","Mi","3","800","Mi","3","800","Mi","3","800","Rm","3","800","Rm","3","800","--","","","--","",""
"4502","306EJun1808","MILITIA         ","13","41","28","0","Mi","3","800","Mi","3","800","Mi","3","800","Rm","3","800","Rm","3","800","--","","","--","",""
"4513","306EJun1808","MILITIA         ","13","41","28","0","Mi","3","800","Mi","3","800","Mi","3","800","Rm","3","800","Rm","3","800","--","","","--","",""
"4522","306EJun1808","RIFLES          ","13","41","28","0","Rm","3","800","Rm","3","800","Rm","3","800","Rm","3","800","Rm","3","800","--","","","--","",""
"4528","306EJun1808","RIFLES          ","13","41","28","0","Rm","3","800","Rm","3","800","Rm","3","800","Rm","3","800","Rm","3","800","--","","","--","",""
"4081","306EMar1808","BRIGADE 1       ","13","41","28","61","Cu","8","800","Cu","8","800","Dr","7","800","Dr","7","800","Dr","7","800","Dr","7","800","Ma","7","800"
"4082","306EMar1808","BRIGADE 2       ","13","41","28","61","Cu","8","800","Cu","8","800","Dr","7","800","Dr","7","800","Hu","7","800","Hu","7","800","Ma","7","800"
"4083","306EMar1808","BRIGADE 3       ","13","41","28","61","GR","8","800","Ln","6","800","Ln","6","800","Ln","6","800","Li","6","800","Pi","6","800","Pi","6","800"
"4084","306EMar1808","BRIGADE 4       ","13","41","28","61","GR","8","800","Ln","6","800","Ln","6","800","Ln","6","800","Li","6","800","Pi","6","800","Pi","6","800"
"4085","306EMar1808","BRIGADE 5       "," 7","34","28","62","Cu","8","800","Cu","8","800","Uh","7","800","Uh","7","800","Dr","7","800","Hu","7","800","Ma","7","800"
"4086","306EMar1808","BRIGADE 6       "," 7","34","28","62","GR","8","800","Ln","6","800","Ln","6","800","Ln","6","800","Li","6","800","La","6","800","La","6","800"
"4087","306EMar1808","BRIGADE 7       "," 7","34","28","62","GR","8","800","Ln","6","800","Ln","6","800","Ln","6","800","Li","6","800","La","6","800","La","6","800"
"4088","306EMar1808","BRIGADE 8       "," 7","34","28","62","GR","8","800","Ln","6","800","Ln","6","800","Ln","6","800","Ln","6","800","Pi","6","800","Pi","6","800"
"4128","306EMar1808","MARINE-BRIG 4   ","83","75","32","0","Kt","6","800","Kt","6","800","Kt","6","800","Ca","4","800","Ca","4","800","Cc","4","800","Cc","4","800"
"4129","306EMar1808","COLONIAL-BRIG 5 ","90","84","32","0","Ca","4","800","Ca","4","800","Ca","4","800","Ca","4","800","Ca","4","800","Cc","4","800","Cc","4","800"
"4130","306EMar1808","COLONIAL-BRIG 6 ","90","84","32","0","Ca","4","800","Ca","4","800","Ca","4","800","Cc","4","800","Cc","4","800","Cc","4","800","Cc","4","800"
"4131","306EMar1808","MARINE-BRIG 1   ","28","96","32","0","Kt","6","796","Kt","6","796","Kt","6","796","Cc","4","796","Cc","4","796","Ca","4","796","Ca","4","796"
"4132","306EMar1808","COLONIAL-BRIG 1 ","26","92","32","0","Ca","4","800","Ca","4","800","Ca","4","800","Ca","4","800","Ca","4","800","Ca","4","800","Ca","4","800"
"4133","306EMar1808","COLONIAL-BRIG 2 ","26","97","40","0","Mc","4","794","Mc","4","794","Mc","4","794","Mc","4","794","Mc","4","794","--","","","--","",""
"4134","306EMar1808","MARINE-BRIG 2   ","12","88","32","0","Kt","6","796","Kt","6","796","Kt","6","796","Ca","4","796","Ca","4","796","Ca","4","796","Mc","4","796"
"4135","306EMar1808","COLONIAL-BRIG 3 "," 5","79","40","71","Mc","4","795","Mc","4","795","Mc","4","795","Mc","4","795","Mc","4","795","Mc","4","795","Mc","4","795"
"4136","306EMar1808","COLONIAL-BRIG 4 ","10","86","32","0","Ca","4","798","Ca","4","798","Ca","4","798","Ca","4","798","Ca","4","798","--","","","--","",""
"4161","306EMar1808","MARINE-BRIG 3   ","16","88","32","0","Kt","6","800","Kt","6","800","Ca","4","800","Ca","4","800","Ca","4","800","Mc","4","800","Mc","4","800"
"4215","306EMar1808","COLONIALS 1     ","E ","12","28","0","Kt","4","800","Kt","4","800","Kt","4","800","Kt","4","800","Mi","3","800","--","","","--","",""
"4229","306EMar1808","CORE 1          ","13","41","28","61","GR","3","800","GR","3","800","GR","3","800","Ln","3","800","Ln","3","800","Ln","3","800","Ln","3","800"
"4242","306EMar1808","CORE 2          ","13","41","28","61","GR","3","800","GR","3","800","GR","3","800","Ln","3","800","Ln","3","800","Ln","3","800","Ln","3","800"
"4256","306EMar1808","CORE 3          ","13","41","28","61","GR","3","800","GR","3","800","GR","3","800","Ln","3","800","Ln","3","800","--","","","--","",""
"4270","306EMar1808","MILITIA 1       ","13","41","28","0","Mi","3","800","Mi","3","800","Mi","3","800","Ln","3","800","Ln","3","800","--","","","--","",""
"4282","306EMar1808","MILITIA 2       ","13","41","28","0","Mi","3","800","Mi","3","800","Mi","3","800","Ln","3","800","Ln","3","800","--","","","--","",""
"4293","306EMar1808","MILITIA 3       ","13","41","28","0","Mi","3","800","Mi","3","800","Mi","3","800","--","","","--","","","--","","","--","",""
"4304","306EMar1808","MILITIA 4       ","E ","11","28","0","Mi","3","797","Mi","3","797","Mi","3","797","--","","","--","","","--","","","--","",""
"4312","306EMar1808","RIFLES 1        ","13","41","28","0","Rm","3","800","Rm","3","800","Rm","3","800","Rm","3","800","Rm","3","800","--","","","--","",""
"4322","306EMar1808","RIFLES 2        ","13","41","28","0","Rm","3","800","Rm","3","800","Rm","3","800","Rm","3","800","Rm","3","800","--","","","--","",""
"4332","306EMar1808","RIFLES 3        ","13","41","28","0","Rm","3","800","Rm","3","800","Rm","3","800","Rm","3","800","Rm","3","800","--","","","--","",""
"4341","306EMar1808","LINE 1          ","13","41","28","0","Ln","3","800","Ln","3","800","Ln","3","800","Ln","3","800","Ln","3","800","--","","","--","",""
"4350","306EMar1808","MILITIA 1       ","13","41","28","0","Mi","3","800","Mi","3","800","Mi","3","800","Mi","3","800","Mi","3","800","--","","","--","",""
"4357","306EMar1808","MILITIA 2       ","13","41","28","0","Mi","3","800","Mi","3","800","Mi","3","800","Mi","3","800","Mi","3","800","--","","","--","",""
"4364","306EMar1808","MILITIA 3       ","13","41","28","0","Mi","3","800","Mi","3","800","Mi","3","800","Mi","3","800","Mi","3","800","--","","","--","",""
"4081","306ENov1808","BRIGADE 1       ","18","41","28","61","Cu","8","797","Cu","8","797","Dr","7","797","Dr","7","797","Dr","7","797","Dr","7","797","Ma","7","797"
"4082","306ENov1808","BRIGADE 2       ","18","41","28","61","Cu","8","797","Cu","8","797","Dr","7","797","Dr","7","797","Hu","7","797","Hu","7","797","Ma","7","797"
"4083","306ENov1808","BRIGADE 3       ","18","41","28","61","GR","8","797","Ln","6","797","Ln","6","797","Ln","6","797","Li","6","797","Pi","6","797","Pi","6","797"
"4084","306ENov1808","BRIGADE 4       ","18","41","28","61","GR","8","797","Ln","6","797","Ln","6","797","Ln","6","797","Li","6","797","Pi","6","797","Pi","6","797"
"4085","306ENov1808","BRIGADE 5       "," 7","34","28","62","Cu","8","800","Cu","8","800","Uh","7","800","Uh","7","800","Dr","7","800","Hu","7","800","Ma","7","800"
"4086","306ENov1808","BRIGADE 6       "," 7","34","28","62","GR","8","800","Ln","6","800","Ln","6","800","Ln","6","800","Li","6","800","La","6","800","La","6","800"
"4087","306ENov1808","BRIGADE 7       "," 7","34","28","62","GR","8","800","Ln","6","800","Ln","6","800","Ln","6","800","Li","6","800","La","6","800","La","6","800"
"4088","306ENov1808","BRIGADE 8       "," 7","34","28","62","GR","8","800","Ln","6","800","Ln","6","800","Ln","6","800","Ln","6","800","Pi","6","800","Pi","6","800"
"4120","306ENov1808","LIGHT           ","18","41","28","61","Li","3","797","Li","3","797","Li","3","797","Li","3","797","Li","3","797","--","","","--","",""
"4128","306ENov1808","MARINE-BRIG 4   ","79","78","32","0","Kt","6","780","Kt","6","780","Kt","6","780","Ca","4","780","Ca","4","780","Cc","4","780","Cc","4","780"
"4129","306ENov1808","COLONIAL-BRIG 5 ","79","71","32","72","Ca","4","778","Ca","4","778","Ca","4","778","Ca","4","778","Ca","4","778","Ca","4","778","Ca","4","778"
"4130","306ENov1808","COLONIAL-BRIG 6 ","E ","31","32","0","Cc","4","800","Cc","4","800","Ca","4","800","Cc","4","800","Cc","4","800","Cc","4","800","Cc","4","800"
"4131","306ENov1808","MARINE-BRIG 1   ","28","97","32","0","Kt","6","785","Kt","6","785","Kt","6","785","Cc","4","785","Cc","4","785","Ca","4","785","Ca","4","785"
"4132","306ENov1808","COLONIAL-BRIG 1 ","26","92","32","0","Ca","4","800","Ca","4","800","Ca","4","800","Ca","4","800","Ca","4","800","Ca","4","800","Ca","4","800"
"4133","306ENov1808","COLONIAL-BRIG 2 ","25","96","32","0","Mc","4","773","Mc","4","773","Mc","4","773","Mc","4","773","Mc","4","773","Kt","4","795","Kt","4","795"
"4134","306ENov1808","MARINE-BRIG 2   ","20","98","32","0","Kt","6","786","Kt","6","786","Kt","6","786","Ca","4","786","Ca","4","786","Ca","4","786","Mc","4","786"
"4135","306ENov1808","COLONIAL-BRIG 3 "," 4","77","40","71","Mc","4","774","Mc","4","774","Mc","4","774","Mc","4","774","Mc","4","774","Mc","4","774","Mc","4","774"
"4136","306ENov1808","COLONIAL-BRIG 4 "," 4","84","32","0","Ca","4","793","Ca","4","793","Ca","4","793","Ca","4","793","Ca","4","793","--","","","--","",""
"4161","306ENov1808","MARINE-BRIG 3   ","16","88","32","0","Kt","6","784","Kt","6","784","Ca","4","784","Ca","4","784","Ca","4","784","Mc","4","784","Mc","4","784"
"4215","306ENov1808","COLONIALS 1     ","27","96","28","0","Kt","4","792","Kt","4","792","--","","","--","","","Mi","3","792","--","","","--","",""
"4229","306ENov1808","CORE 1          ","18","41","28","61","GR","4","797","GR","4","797","GR","4","797","Ln","4","797","Ln","4","797","Ln","4","797","Ln","4","797"
"4242","306ENov1808","CORE 2          ","18","41","28","61","GR","4","797","GR","4","797","GR","4","797","Ln","4","797","Ln","4","797","Ln","4","797","Ln","4","797"
"4256","306ENov1808","CORE 3          ","18","41","28","61","GR","4","797","GR","4","797","GR","4","797","Ln","4","797","Ln","4","797","--","","","--","",""
"4268","306ENov1808","LIGHT           ","18","41","28","0","Li","3","800","Li","3","800","Li","3","800","Li","3","800","Li","3","800","--","","","--","",""
"4270","306ENov1808","MILITIA 1       ","18","41","28","64","Mi","5","797","Mi","5","797","Mi","5","797","Ln","5","797","Ln","5","797","--","","","--","",""
"4282","306ENov1808","MILITIA 2       ","18","41","28","64","Mi","5","797","Mi","5","797","Mi","5","797","Ln","5","797","Ln","5","797","--","","","--","",""
"4293","306ENov1808","MILITIA 3       ","29","43","28","0","Mi","4","797","Mi","4","797","Mi","4","797","--","","","--","","","--","","","--","",""
"4304","306ENov1808","MILITIA 4       ","48","65","28","63","Mi","3","779","Mi","3","779","Mi","3","779","--","","","--","","","--","","","--","",""
"4312","306ENov1808","RIFLES 1        ","18","41","28","66","Rm","4","797","Rm","4","797","Rm","4","797","Rm","4","797","Rm","4","797","--","","","--","",""
"4322","306ENov1808","RIFLES 2        ","18","41","28","66","Rm","4","797","Rm","4","797","Rm","4","797","Rm","4","797","Rm","4","797","--","","","--","",""
"4332","306ENov1808","RIFLES 3        ","18","41","28","66","Rm","4","797","Rm","4","797","Rm","4","797","Rm","4","797","Rm","4","797","--","","","--","",""
"4341","306ENov1808","LINE 1          ","18","41","28","66","Ln","4","797","Ln","4","797","Ln","4","797","Ln","4","797","Ln","4","797","--","","","--","",""
"4350","306ENov1808","MILITIA 1       ","29","43","28","0","Mi","4","797","Mi","4","797","Mi","4","797","Mi","4","797","Mi","4","797","--","","","--","",""
"4357","306ENov1808","MILITIA 2       ","18","41","28","64","Mi","5","797","Mi","5","797","Mi","5","797","Mi","5","797","Mi","5","797","--","","","--","",""
"4364","306ENov1808","MILITIA 3       ","18","41","28","64","Mi","5","797","Mi","5","797","Mi","5","797","Mi","5","797","Mi","5","797","--","","","--","",""
"4371","306ENov1808","MILITIA 6       ","29","43","28","0","Mi","4","797","Mi","4","797","Mi","4","797","--","","","--","","","--","","","--","",""
"4383","306ENov1808","MILITIA 7       ","29","43","28","0","Mi","4","797","Mi","4","797","Mi","4","797","--","","","Rm","4","797","--","","","--","",""
"4395","306ENov1808","RIFLES 4        ","18","41","28","66","Rm","4","797","Rm","4","797","Rm","4","797","Rm","4","797","Rm","4","797","Rm","4","797","Rm","4","797"
"4403","306ENov1808","LIGHT           ","18","41","28","0","Li","3","800","Li","3","800","Li","3","800","Li","3","800","Li","3","800","--","","","--","",""
"4404","306ENov1808","RIFLES 5        ","18","41","28","66","Rm","4","797","Rm","4","797","Rm","4","797","Rm","4","797","Rm","4","797","Rm","4","797","--","",""
"4478","306ENov1808","MILITIA         ","18","41","28","64","Mi","5","797","Mi","5","797","Mi","5","797","Rm","5","797","Rm","5","797","--","","","--","",""
"4490","306ENov1808","MILITIA         ","18","41","28","64","Mi","5","797","Mi","5","797","Mi","5","797","Rm","5","797","Rm","5","797","--","","","--","",""
"4502","306ENov1808","MILITIA         ","18","41","28","65","Mi","5","797","Mi","5","797","Mi","5","797","Rm","5","797","Rm","5","797","--","","","--","",""
"4513","306ENov1808","MILITIA         ","18","41","28","65","Mi","5","797","Mi","5","797","Mi","5","797","Rm","5","797","Rm","5","797","--","","","--","",""
"4522","306ENov1808","RIFLES          ","18","41","28","66","Rm","4","797","Rm","4","797","Rm","4","797","Rm","4","797","Rm","4","797","--","","","--","",""
"4528","306ENov1808","RIFLES          ","18","41","28","66","Rm","4","797","Rm","4","797","Rm","4","797","Rm","4","797","Rm","4","797","--","","","--","",""
"4539","306ENov1808","MILITIA         ","29","43","28","0","Mi","4","797","Mi","4","797","Mi","4","797","Mi","4","797","Mi","4","797","--","","","--","",""
"4552","306ENov1808","MILITIA         ","29","43","28","0","Mi","4","797","Mi","4","797","Mi","4","797","Mi","4","797","Mi","4","797","--","","","--","",""
"4581","306ENov1808","MILITIA         ","29","43","28","0","Mi","4","797","Mi","4","797","Mi","4","797","Rm","4","797","Rm","4","797","--","","","--","",""
"4588","306ENov1808","MILITIA         ","18","41","28","66","Mi","5","797","Mi","5","797","Mi","5","797","Rm","5","797","Rm","5","797","--","","","--","",""
"4591","306ENov1808","RIFLES          ","18","41","28","66","Rm","4","797","Rm","4","797","Rm","4","797","Rm","4","797","Rm","4","797","--","","","--","",""
"4594","306ENov1808","RIFLES          ","18","41","28","66","Rm","4","797","Rm","4","797","Rm","4","797","Rm","4","797","Rm","4","797","--","","","--","",""
"4670","306ENov1808","LIGHT           ","18","41","28","61","Li","3","797","Li","3","797","Li","3","797","Li","3","797","Li","3","797","--","","","--","",""
"4681","306ENov1808","LIGHT           ","18","41","28","61","Li","3","797","Li","3","797","Li","3","797","Li","3","797","Li","3","797","--","","","--","",""
"4691","306ENov1808","LIGHT           ","18","41","28","61","Li","3","797","Li","3","797","Li","3","797","Li","3","797","Li","3","797","--","","","--","",""
"4698","306ENov1808","LIGHT           ","18","41","28","61","Li","3","797","Li","3","797","Li","3","797","Li","3","797","Li","3","797","--","","","--","",""
"4740","306ENov1808","LIGHT           ","18","41","28","0","Li","3","800","Li","3","800","Li","3","800","Li","3","800","Li","3","800","--","","","--","",""
"4751","306ENov1808","LIGHT           ","18","41","28","0","Li","3","800","Li","3","800","Li","3","800","Li","3","800","Li","3","800","--","","","--","",""
"4761","306ENov1808","LIGHT           ","18","41","28","0","Li","3","800","Li","3","800","Li","3","800","Li","3","800","Li","3","800","--","","","--","",""
"4081","306EOct1808","BRIGADE 1       ","13","41","28","61","Cu","8","800","Cu","8","800","Dr","7","800","Dr","7","800","Dr","7","800","Dr","7","800","Ma","7","800"
"4082","306EOct1808","BRIGADE 2       ","13","41","28","61","Cu","8","800","Cu","8","800","Dr","7","800","Dr","7","800","Hu","7","800","Hu","7","800","Ma","7","800"
"4083","306EOct1808","BRIGADE 3       ","13","41","28","61","GR","8","800","Ln","6","800","Ln","6","800","Ln","6","800","Li","6","800","Pi","6","800","Pi","6","800"
"4084","306EOct1808","BRIGADE 4       ","13","41","28","61","GR","8","800","Ln","6","800","Ln","6","800","Ln","6","800","Li","6","800","Pi","6","800","Pi","6","800"
"4085","306EOct1808","BRIGADE 5       "," 7","34","28","62","Cu","8","800","Cu","8","800","Uh","7","800","Uh","7","800","Dr","7","800","Hu","7","800","Ma","7","800"
"4086","306EOct1808","BRIGADE 6       "," 7","34","28","62","GR","8","800","Ln","6","800","Ln","6","800","Ln","6","800","Li","6","800","La","6","800","La","6","800"
"4087","306EOct1808","BRIGADE 7       "," 7","34","28","62","GR","8","800","Ln","6","800","Ln","6","800","Ln","6","800","Li","6","800","La","6","800","La","6","800"
"4088","306EOct1808","BRIGADE 8       "," 7","34","28","62","GR","8","800","Ln","6","800","Ln","6","800","Ln","6","800","Ln","6","800","Pi","6","800","Pi","6","800"
"4120","306EOct1808","LIGHT           ","13","41","28","0","Li","3","800","Li","3","800","Li","3","800","Li","3","800","Li","3","800","--","","","--","",""
"4128","306EOct1808","MARINE-BRIG 4   ","79","77","32","0","Kt","6","781","Kt","6","781","Kt","6","781","Ca","4","781","Ca","4","781","Cc","4","781","Cc","4","781"
"4129","306EOct1808","COLONIAL-BRIG 5 ","78","70","32","72","Ca","4","784","Ca","4","784","Ca","4","784","Ca","4","784","Ca","4","784","Ca","4","784","Ca","4","784"
"4130","306EOct1808","COLONIAL-BRIG 6 ","90","84","32","0","Cc","4","800","Cc","4","800","Ca","4","800","Cc","4","800","Cc","4","800","Cc","4","800","Cc","4","800"
"4131","306EOct1808","MARINE-BRIG 1   ","29","96","32","0","Kt","6","787","Kt","6","787","Kt","6","787","Cc","4","787","Cc","4","787","Ca","4","787","Ca","4","787"
"4132","306EOct1808","COLONIAL-BRIG 1 ","26","92","32","0","Ca","4","800","Ca","4","800","Ca","4","800","Ca","4","800","Ca","4","800","Ca","4","800","Ca","4","800"
"4133","306EOct1808","COLONIAL-BRIG 2 ","25","95","32","0","Mc","4","775","Mc","4","775","Mc","4","775","Mc","4","775","Mc","4","775","Kt","4","797","Kt","4","797"
"4134","306EOct1808","MARINE-BRIG 2   ","E ","21","32","0","Kt","6","786","Kt","6","786","Kt","6","786","Ca","4","786","Ca","4","786","Ca","4","786","Mc","4","786"
"4135","306EOct1808","COLONIAL-BRIG 3 "," 2","78","40","71","Mc","4","778","Mc","4","778","Mc","4","778","Mc","4","778","Mc","4","778","Mc","4","778","Mc","4","778"
"4136","306EOct1808","COLONIAL-BRIG 4 "," 4","84","32","0","Ca","4","793","Ca","4","793","Ca","4","793","Ca","4","793","Ca","4","793","--","","","--","",""
"4161","306EOct1808","MARINE-BRIG 3   ","17","88","32","0","Kt","6","785","Kt","6","785","Ca","4","785","Ca","4","785","Ca","4","785","Mc","4","785","Mc","4","785"
"4215","306EOct1808","COLONIALS 1     ","27","94","28","0","Kt","4","795","Kt","4","795","--","","","--","","","Mi","3","795","--","","","--","",""
"4229","306EOct1808","CORE 1          ","13","41","28","61","GR","3","800","GR","3","800","GR","3","800","Ln","3","800","Ln","3","800","Ln","3","800","Ln","3","800"
"4242","306EOct1808","CORE 2          ","13","41","28","61","GR","3","800","GR","3","800","GR","3","800","Ln","3","800","Ln","3","800","Ln","3","800","Ln","3","800"
"4256","306EOct1808","CORE 3          ","13","41","28","61","GR","3","800","GR","3","800","GR","3","800","Ln","3","800","Ln","3","800","--","","","--","",""
"4270","306EOct1808","MILITIA 1       ","18","41","28","64","Mi","4","797","Mi","4","797","Mi","4","797","Ln","4","797","Ln","4","797","--","","","--","",""
"4282","306EOct1808","MILITIA 2       ","18","41","28","64","Mi","4","797","Mi","4","797","Mi","4","797","Ln","4","797","Ln","4","797","--","","","--","",""
"4293","306EOct1808","MILITIA 3       ","E ","11","28","0","Mi","4","797","Mi","4","797","Mi","4","797","--","","","--","","","--","","","--","",""
"4304","306EOct1808","MILITIA 4       ","47","63","28","63","Mi","3","785","Mi","3","785","Mi","3","785","--","","","--","","","--","","","--","",""
"4312","306EOct1808","RIFLES 1        ","13","41","28","66","Rm","3","800","Rm","3","800","Rm","3","800","Rm","3","800","Rm","3","800","--","","","--","",""
"4322","306EOct1808","RIFLES 2        ","13","41","28","66","Rm","3","800","Rm","3","800","Rm","3","800","Rm","3","800","Rm","3","800","--","","","--","",""
"4332","306EOct1808","RIFLES 3        ","13","41","28","66","Rm","3","800","Rm","3","800","Rm","3","800","Rm","3","800","Rm","3","800","--","","","--","",""
"4341","306EOct1808","LINE 1          ","13","41","28","66","Ln","3","800","Ln","3","800","Ln","3","800","Ln","3","800","Ln","3","800","--","","","--","",""
"4350","306EOct1808","MILITIA 1       ","E ","11","28","0","Mi","4","797","Mi","4","797","Mi","4","797","Mi","4","797","Mi","4","797","--","","","--","",""
"4357","306EOct1808","MILITIA 2       ","18","41","28","64","Mi","4","797","Mi","4","797","Mi","4","797","Mi","4","797","Mi","4","797","--","","","--","",""
"4364","306EOct1808","MILITIA 3       ","18","41","28","64","Mi","4","797","Mi","4","797","Mi","4","797","Mi","4","797","Mi","4","797","--","","","--","",""
"4371","306EOct1808","MILITIA 6       ","E ","11","28","0","Mi","4","797","Mi","4","797","Mi","4","797","--","","","--","","","--","","","--","",""
"4383","306EOct1808","MILITIA 7       ","E ","11","28","0","Mi","4","797","Mi","4","797","Mi","4","797","--","","","Rm","4","797","--","","","--","",""
"4395","306EOct1808","RIFLES 4        ","13","41","28","66","Rm","3","800","Rm","3","800","Rm","3","800","Rm","3","800","Rm","3","800","Rm","3","800","Rm","3","800"
"4404","306EOct1808","RIFLES 5        ","13","41","28","66","Rm","3","800","Rm","3","800","Rm","3","800","Rm","3","800","Rm","3","800","Rm","3","800","--","",""
"4478","306EOct1808","MILITIA         ","18","41","28","64","Mi","4","797","Mi","4","797","Mi","4","797","Rm","4","797","Rm","4","797","--","","","--","",""
"4490","306EOct1808","MILITIA         ","18","41","28","64","Mi","4","797","Mi","4","797","Mi","4","797","Rm","4","797","Rm","4","797","--","","","--","",""
"4502","306EOct1808","MILITIA         ","13","41","28","65","Mi","4","800","Mi","4","800","Mi","4","800","Rm","4","800","Rm","4","800","--","","","--","",""
"4513","306EOct1808","MILITIA         ","13","41","28","65","Mi","4","800","Mi","4","800","Mi","4","800","Rm","4","800","Rm","4","800","--","","","--","",""
"4522","306EOct1808","RIFLES          ","13","41","28","66","Rm","3","800","Rm","3","800","Rm","3","800","Rm","3","800","Rm","3","800","--","","","--","",""
"4528","306EOct1808","RIFLES          ","13","41","28","66","Rm","3","800","Rm","3","800","Rm","3","800","Rm","3","800","Rm","3","800","--","","","--","",""
"4539","306EOct1808","MILITIA         ","E ","11","28","0","Mi","4","797","Mi","4","797","Mi","4","797","Mi","4","797","Mi","4","797","--","","","--","",""
"4552","306EOct1808","MILITIA         ","E ","11","28","0","Mi","4","797","Mi","4","797","Mi","4","797","Mi","4","797","Mi","4","797","--","","","--","",""
"4581","306EOct1808","MILITIA         ","E ","11","28","0","Mi","4","797","Mi","4","797","Mi","4","797","Rm","4","797","Rm","4","797","--","","","--","",""
"4588","306EOct1808","MILITIA         ","13","41","28","66","Mi","4","800","Mi","4","800","Mi","4","800","Rm","4","800","Rm","4","800","--","","","--","",""
"4591","306EOct1808","RIFLES          ","13","41","28","66","Rm","3","800","Rm","3","800","Rm","3","800","Rm","3","800","Rm","3","800","--","","","--","",""
"4594","306EOct1808","RIFLES          ","13","41","28","66","Rm","3","800","Rm","3","800","Rm","3","800","Rm","3","800","Rm","3","800","--","","","--","",""
"4670","306EOct1808","LIGHT           ","13","41","28","0","Li","3","800","Li","3","800","Li","3","800","Li","3","800","Li","3","800","--","","","--","",""
"4681","306EOct1808","LIGHT           ","13","41","28","0","Li","3","800","Li","3","800","Li","3","800","Li","3","800","Li","3","800","--","","","--","",""
"4691","306EOct1808","LIGHT           ","13","41","28","0","Li","3","800","Li","3","800","Li","3","800","Li","3","800","Li","3","800","--","","","--","",""
"4698","306EOct1808","LIGHT           ","13","41","28","0","Li","3","800","Li","3","800","Li","3","800","Li","3","800","Li","3","800","--","","","--","",""
"4001","307EApr1808","BRIGADE 1       ","23","20","26","0","Fg","0","800","Fg","0","800","Fg","0","800","Fg","0","800","Fg","0","800","La","7","800","La","7","800"
"4002","307EApr1808","BRIGADE 2       ","23","20","26","0","Fg","0","800","Fg","0","800","Fg","0","800","Fg","0","800","Fg","0","800","La","7","800","La","7","800"
"4003","307EApr1808","BRIGADE 3       ","23","20","26","0","Fg","0","800","Fg","0","800","Fg","0","800","Dr","8","800","Dr","8","800","La","7","800","La","7","800"
"4004","307EApr1808","BRIGADE 4       ","23","20","24","0","KL","7","800","KL","7","800","KL","7","800","KL","7","800","Pi","8","800","Mi","6","800","Mi","6","800"
"4005","307EApr1808","BRIGADE 5       ","23","20","24","0","Be","8","800","Ln","7","800","Ln","7","800","Ln","7","800","Ln","7","800","Pi","8","800","Mi","6","800"
"4006","307EApr1808","BRIGADE 6       ","13","19","32","0","Hh","0","800","Hh","0","800","Dr","8","800","lD","7","800","lD","7","800","lD","7","800","lD","7","800"
"4007","307EApr1808","BRIGADE 7       ","13","19","24","0","Be","8","800","Ln","7","800","Ln","7","800","Ln","7","800","Ln","7","800","Pi","8","800","Mi","6","800"
"4008","307EApr1808","GIBRALTAR GARDE "," 9","46","24","0","Be","8","800","Ln","7","800","Ln","7","800","Ln","7","800","Ln","7","800","Pi","8","800","Mi","6","800"
"4144","307EApr1808","MARINE-BRIG 1   ","G ","12","32","0","Kt","6","800","Kt","6","800","Kt","6","800","Ca","4","800","Ca","4","800","Ca","4","800","Ca","4","800"
"4145","307EApr1808","COLONIAL-BRIG 1 ","G ","12","32","0","Ca","4","800","Ca","4","800","Ca","4","800","Mc","4","800","Mc","4","800","--","","","--","",""
"4146","307EApr1808","MARINE-BRIG 2   ","58","79","32","0","Kt","6","797","Kt","6","797","--","","","Ca","4","797","Ca","4","797","Ca","4","797","Ca","4","797"
"4147","307EApr1808","COLONIAL-BRIG 2 ","56","79","32","0","Ca","4","800","Ca","4","800","Ca","4","800","Cc","4","800","Cc","4","800","Kt","6","800","--","",""
"4148","307EApr1808","MARINE-BRIG 3   ","70","74","32","0","Kt","6","800","Kt","6","800","Ca","4","800","Ca","4","800","Ca","4","800","--","","","--","",""
"4149","307EApr1808","COLONIAL-BRIG 3 ","62","88","32","0","Ca","4","800","Ca","4","800","Cc","4","800","Cc","4","800","--","","","--","","","--","",""
"4150","307EApr1808","COLONIAL-BRIG 4 ","75","74","32","81","Ca","4","796","Ca","4","796","Kt","6","796","Mc","4","796","Kt","6","796","Ca","4","796","Ca","4","796"
"4151","307EApr1808","COLONIAL-BRIG 5 ","71","74","32","0","Ca","4","800","Ca","4","800","Ca","4","800","Ca","4","800","Ca","4","800","Cc","4","800","Cc","4","800"
"4152","307EApr1808","COLONIAL-BRIG 6 ","75","74","40","0","Mc","4","797","Cc","4","797","Cc","4","797","Cc","4","797","Cc","4","797","Cc","4","797","Cc","4","797"
"4216","307EApr1808","COLONIALS 1     ","13","19","32","0","Kt","3","800","Kt","3","800","Kt","3","800","Kt","3","800","Kt","3","800","--","","","--","",""
"4230","307EApr1808","COLONIALS 2     ","G ","15","24","0","Kt","3","800","Mi","3","800","Mi","3","800","Mi","3","800","Mi","3","800","--","","","--","",""
"4245","307EApr1808","COLONIALS 3     ","13","19","24","0","Kt","3","800","Kt","3","800","Kt","3","800","Kt","3","800","Mi","3","800","--","","","--","",""
"4415","307EApr1808","COLONIALS       ","13","19","32","0","Kt","3","800","Kt","3","800","Kt","3","800","Kt","3","800","Kt","3","800","--","","","--","",""
"4427","307EApr1808","COLONIALS       ","13","19","32","0","Kt","3","800","Kt","3","800","Kt","3","800","Kt","3","800","Kt","3","800","--","","","--","",""
"4438","307EApr1808","COLONIALS       ","13","19","32","0","Kt","3","800","Kt","3","800","Kt","3","800","Kt","3","800","Kt","3","800","--","","","--","",""
"4001","307EApr1809","BRIGADE 1       ","13","19","26","63","Fg","1","797","Fg","0","797","Fg","1","797","Fg","0","797","Fg","0","797","La","7","797","La","7","797"
"4002","307EApr1809","BRIGADE 2       ","23","20","26","61","Fg","0","794","Fg","0","794","Fg","0","794","Fg","0","794","Fg","0","794","La","7","794","La","7","794"
"4003","307EApr1809","BRIGADE 3       ","23","20","26","61","Fg","0","800","Fg","0","800","Fg","0","800","Dr","8","800","Dr","8","800","La","7","800","La","7","800"
"4004","307EApr1809","BRIGADE 4       ","13","19","24","63","KL","7","797","KL","7","797","KL","7","797","KL","7","797","Pi","8","797","Mi","6","797","Mi","6","797"
"4005","307EApr1809","BRIGADE 5       ","13","19","24","63","Be","8","797","Ln","7","797","Ln","7","797","Ln","7","797","Ln","7","797","Pi","8","797","Mi","6","797"
"4006","307EApr1809","BRIGADE 6       ","13","19","32","62","Hh","0","52","Hh","0","52","Dr","8","0","lD","7","0","lD","7","0","lD","7","0","lD","7","0"
"4008","307EApr1809","GIBRALTAR GARDE ","13","19","24","62","Be","8","798","Ln","7","798","Ln","7","798","Ln","7","798","Ln","7","798","Pi","8","798","Mi","6","798"
"4015","307EApr1809","HIGHLANDER      ","23","20","32","0","Hi","3","800","Hi","3","800","Hi","3","800","Hi","3","800","Hi","3","800","Hi","3","800","Hi","3","800"
"4048","307EApr1809","HIGHLANDER      ","23","20","32","61","Hi","3","800","Hi","3","800","Hi","3","800","Hi","3","800","Hi","3","800","Hi","3","800","Hi","3","800"
"4144","307EApr1809","MARINE-BRIG 1   ","G ","12","32","0","Kt","6","791","Kt","6","791","Kt","6","791","Ca","4","791","Ca","4","791","Ca","4","791","Ca","4","791"
"4145","307EApr1809","COLONIAL-BRIG 1 ","31","93","32","72","Ca","4","789","Ca","4","789","Ca","4","789","Mc","4","789","Mc","4","789","--","","","--","",""
"4146","307EApr1809","MARINE-BRIG 2   ","63","70","32","0","Kt","6","766","Kt","6","766","--","","","Ca","4","766","Ca","4","766","Ca","4","766","Ca","4","766"
"4147","307EApr1809","COLONIAL-BRIG 2 ","59","82","32","0","Kt","3","788","Ca","4","788","Ca","4","788","Cc","4","788","Cc","4","788","Kt","6","788","--","",""
"4148","307EApr1809","MARINE-BRIG 3   ","68","75","32","0","Kt","6","765","Kt","6","765","Ca","4","765","Ca","4","765","Ca","4","765","--","","","--","",""
"4149","307EApr1809","COLONIAL-BRIG 3 ","62","88","32","0","Ca","4","800","Ca","4","800","Cc","4","800","Cc","4","800","--","","","--","","","--","",""
"4150","307EApr1809","COLONIAL-BRIG 4 ","77","75","32","0","Ca","4","752","Ca","4","752","Kt","6","752","Mc","4","752","Kt","6","752","Ca","4","752","Ca","4","752"
"4151","307EApr1809","COLONIAL-BRIG 5 ","78","80","32","73","Ca","4","766","Ca","4","766","Ca","4","766","Ca","4","766","Ca","4","766","Cc","4","766","Cc","4","766"
"4152","307EApr1809","COLONIAL-BRIG 6 ","78","74","40","81","Mc","4","738","Cc","4","738","Cc","4","738","Cc","4","738","Cc","4","738","Cc","4","738","Cc","4","738"
"4216","307EApr1809","COLONIALS 1     ","G ","25","32","0","Kt","3","792","Kt","3","792","Kt","3","792","Kt","3","792","Kt","3","792","--","","","--","",""
"4217","307EApr1809","HIGHLANDER      ","23","20","32","0","Hi","3","800","Hi","3","800","Hi","3","800","Hi","3","800","Hi","3","800","Hi","3","800","Hi","3","800"
"4230","307EApr1809","COLONIALS 2     ","56","79","24","0","Ca","4","800","Mi","3","800","Mi","3","800","Mi","3","800","Mi","3","800","--","","","--","",""
"4231","307EApr1809","HIGHLANDER MTD  ","13","19","32","63","Hi","5","797","Hi","5","797","Hi","6","797","Hi","5","797","Hi","5","797","Ma","6","797","Ma","5","797"
"4234","307EApr1809","HIGHLANDER      ","23","20","32","61","Hi","3","800","Hi","3","800","Hi","3","800","Hi","3","800","Hi","3","800","Hi","3","800","Hi","3","800"
"4245","307EApr1809","COLONIALS 3     ","80","79","32","0","Kt","4","789","Kt","4","789","Kt","4","789","Kt","4","789","--","","","--","","","--","",""
"4395","307EApr1809","HIGHLANDER      ","23","20","32","0","Hi","3","800","Hi","3","800","Hi","3","800","Hi","3","800","Hi","3","800","Hi","3","800","Hi","3","800"
"4415","307EApr1809","COLONIALS       ","62","81","32","0","Kt","3","777","Kt","3","777","Kt","3","777","Kt","3","777","Kt","3","777","--","","","--","",""
"4427","307EApr1809","COLONIALS       ","60","78","32","0","Kt","4","778","Kt","4","778","Kt","4","778","Kt","4","778","Kt","4","778","--","","","--","",""
"4438","307EApr1809","COLONIALS       ","80","79","32","0","Kt","3","771","Kt","3","771","Kt","3","771","Kt","3","771","Kt","3","771","--","","","--","",""
"4494","307EApr1809","COLONIALS       ","83","86","24","0","Kt","4","770","Kt","4","770","Mi","4","770","--","","","--","","","--","","","--","",""
"4508","307EApr1809","COLONIALS       ","G ","16","24","0","Kt","4","788","Kt","4","788","--","","","--","","","Mi","4","788","--","","","--","",""
"4522","307EApr1809","MILITIA         ","37","13","24","65","Mi","4","757","Mi","4","755","Mi","4","757","Mi","4","753","Mi","4","756","Mi","4","753","Mi","4","756"
"4523","307EApr1809","BRAVEHEARTS     ","13","19","32","62","Hi","6","798","Hi","6","798","Hi","6","798","Hi","6","798","Hi","6","798","--","","","--","",""
"4536","307EApr1809","MILITIA         ","37","13","24","65","Mi","4","756","Mi","4","760","Mi","4","758","Mi","4","756","Mi","3","748","Mi","4","753","Mi","4","757"
"4583","307EApr1809","BRAVEHEARTS     ","23","20","32","0","Hi","5","754","Hi","4","755","Hi","4","760","Hi","4","750","Hi","4","752","--","","","--","",""
"4593","307EApr1809","BRAVEHEARTS     ","23","20","32","0","Hi","4","762","Hi","4","753","Hi","4","753","Hi","4","757","Hi","4","762","--","","","--","",""
"4602","307EApr1809","BRAVEHEARTS     ","23","20","32","0","Hi","4","757","Hi","4","758","Hi","4","758","Hi","4","756","Hi","4","755","--","","","--","",""
"4611","307EApr1809","BRAVEHEARTS     ","23","20","32","0","Hi","4","757","Hi","4","754","Hi","4","754","Hi","4","757","Hi","4","754","--","","","--","",""
"4620","307EApr1809","BRAVEHEARTS     ","13","19","32","62","Hi","6","795","Hi","6","795","Hi","6","795","Hi","6","795","Hi","6","795","--","","","--","",""
"4647","307EApr1809","BRAVEHEARTS     ","37","13","32","65","Hi","4","752","Hi","4","757","Hi","4","753","Hi","4","759","Hi","4","753","--","","","--","",""
"4656","307EApr1809","BRAVEHEARTS     ","37","13","32","65","Hi","4","755","Hi","4","752","Hi","4","758","Hi","4","750","Hi","4","750","--","","","--","",""
"4665","307EApr1809","BRAVEHEARTS     ","37","13","32","65","Hi","4","751","Hi","4","755","Hi","4","749","Hi","4","759","Hi","4","756","--","","","--","",""
"4674","307EApr1809","BRAVEHEARTS     ","37","13","32","65","Hi","4","755","Hi","4","753","Hi","4","755","Hi","4","756","Hi","4","751","--","","","--","",""
"4701","307EApr1809","BRAVEHEARTS     ","23","20","32","61","Hi","5","794","Hi","5","794","Hi","5","794","Hi","5","794","Hi","5","794","--","","","--","",""
"4702","307EApr1809","DUE RUSSIANS!   ","13","19","24","63","Mi","3","797","Mi","3","797","Mi","3","797","Mi","3","797","Mi","3","797","--","","","--","",""
"4713","307EApr1809","BRAVEHEARTS     ","23","20","32","61","Hi","5","794","Hi","5","794","Hi","5","794","Hi","5","794","Hi","5","794","--","","","--","",""
"4778","307EApr1809","BRAVEHEARTS     ","13","19","32","62","Hi","6","798","Hi","6","798","Hi","6","798","Hi","6","798","Hi","6","798","--","","","--","",""
"4788","307EApr1809","BRAVEHEARTS     ","13","19","32","62","Hi","6","798","Hi","6","798","Hi","6","798","Hi","6","798","Hi","6","798","--","","","--","",""
"4797","307EApr1809","BRAVEHEARTS     ","13","19","32","62","Hi","6","798","Hi","6","798","Hi","6","798","Hi","6","798","Hi","6","798","--","","","--","",""
"4822","307EApr1809","BRAVEHEARTS     ","13","19","32","62","Hi","6","798","Hi","6","798","Hi","6","798","Hi","6","798","Hi","6","798","--","","","--","",""
"4833","307EApr1809","BRAVEHEARTS     ","13","19","32","62","Hi","6","800","Hi","6","800","Hi","6","800","Hi","6","800","Hi","6","800","--","","","--","",""
"4843","307EApr1809","BRAVEHEARTS     ","13","19","32","62","Hi","6","800","Hi","6","800","Hi","6","800","Hi","6","800","Hi","6","800","--","","","--","",""
"4852","307EApr1809","BRAVEHEARTS     ","13","19","32","62","Hi","6","800","Hi","6","800","Hi","6","800","Hi","6","800","Hi","6","800","--","","","--","",""
"4881","307EApr1809","HIGHLANDER      ","23","20","32","0","Hi","3","800","Hi","3","800","Hi","3","800","Hi","3","800","Hi","3","800","Hi","3","800","Hi","3","800"
"4917","307EApr1809","HIGHLANDER MTD  ","13","19","32","63","Hi","5","797","Hi","6","797","Hi","5","797","Hi","5","797","Hi","5","797","Ma","5","797","Ma","5","797"
"4927","307EApr1809","BRAVEHEARTS     ","13","19","32","63","Hi","5","797","Hi","5","797","Hi","6","797","Hi","5","797","Hi","5","797","Hi","7","797","Hi","5","797"
"4935","307EApr1809","BRAVEHEARTS     ","13","19","32","63","Hi","5","797","Hi","5","797","Hi","5","797","Hi","5","797","Hi","5","797","Hi","5","797","Hi","5","797"
"4943","307EApr1809","BRAVEHEARTS     ","13","19","32","63","Hi","5","797","Hi","5","797","Hi","5","797","Hi","5","797","Hi","5","797","Hi","5","797","Hi","5","797"
"4951","307EApr1809","BRAVEHEARTS     ","13","19","32","63","Hi","7","797","Hi","5","797","Hi","5","797","Hi","5","797","Hi","5","797","Hi","5","797","Hi","5","797"
"4958","307EApr1809","BRAVEHEARTS     ","13","19","32","63","Hi","5","797","Hi","5","797","Hi","5","797","Hi","6","797","Hi","5","797","Hi","5","797","Hi","5","797"
"4964","307EApr1809","BRAVEHEARTS     ","13","19","32","63","Hi","5","797","Hi","6","797","Hi","5","797","Hi","5","797","Hi","5","797","Hi","5","797","Hi","5","797"
"4974","307EApr1809","DUE RUSSIANS!   ","13","19","24","63","Mi","3","797","Mi","3","797","Mi","3","797","Mi","3","797","Mi","3","797","--","","","--","",""
"4983","307EApr1809","DUE RUSSIANS!   ","13","19","24","63","Mi","3","797","Mi","3","797","Mi","3","797","Mi","3","797","Mi","3","797","--","","","--","",""
"4992","307EApr1809","DUE RUSSIANS!   ","13","19","24","63","Mi","3","797","Mi","3","797","Mi","3","797","Mi","3","797","Mi","3","797","--","","","--","",""
"5001","307EApr1809","DUE RUSSIANS!   ","13","19","24","63","Mi","3","797","Mi","3","797","Mi","3","797","Mi","3","797","Mi","3","797","--","","","--","",""
"5010","307EApr1809","DUE RUSSIANS!   ","13","19","24","63","Mi","3","797","Mi","3","797","Mi","3","797","Mi","3","797","Mi","4","797","--","","","--","",""
"5018","307EApr1809","DUE RUSSIANS!   ","13","19","24","63","Mi","4","797","Mi","5","797","Mi","4","797","Mi","4","797","Mi","4","797","--","","","--","",""
"5025","307EApr1809","DUE RUSSIANS!   ","13","19","24","63","Mi","4","797","Mi","4","797","Mi","4","797","Mi","4","797","Mi","5","797","--","","","--","",""
"5035","307EApr1809","HIGHLANDER      ","23","20","32","61","Hi","4","800","Hi","4","800","Hi","4","800","Hi","4","800","Hi","4","800","Hi","4","800","Hi","4","800"
"5046","307EApr1809","HIGHLANDER      ","23","20","32","61","Hi","4","800","Hi","4","800","Hi","4","800","Hi","4","800","Hi","4","800","Hi","4","800","Hi","4","800"
"5054","307EApr1809","HIGHLANDER      ","23","20","32","61","Hi","4","800","Hi","4","800","Hi","4","800","Hi","4","800","Hi","4","800","Hi","4","800","Hi","4","800"
"5062","307EApr1809","HIGHLANDER      ","23","20","32","61","Hi","4","800","Hi","4","800","Hi","4","800","Hi","4","800","Hi","4","800","Hi","4","800","Hi","4","800"
"4001","307EAug1808","BRIGADE 1       ","23","20","26","0","Fg","0","800","Fg","0","800","Fg","0","800","Fg","0","800","Fg","0","800","La","7","800","La","7","800"
"4002","307EAug1808","BRIGADE 2       ","23","20","26","0","Fg","0","800","Fg","0","800","Fg","0","800","Fg","0","800","Fg","0","800","La","7","800","La","7","800"
"4003","307EAug1808","BRIGADE 3       ","23","20","26","0","Fg","0","800","Fg","0","800","Fg","0","800","Dr","8","800","Dr","8","800","La","7","800","La","7","800"
"4004","307EAug1808","BRIGADE 4       ","23","20","24","0","KL","7","800","KL","7","800","KL","7","800","KL","7","800","Pi","8","800","Mi","6","800","Mi","6","800"
"4005","307EAug1808","BRIGADE 5       ","23","20","24","0","Be","8","800","Ln","7","800","Ln","7","800","Ln","7","800","Ln","7","800","Pi","8","800","Mi","6","800"
"4006","307EAug1808","BRIGADE 6       ","13","19","32","0","Hh","0","800","Hh","0","800","Dr","8","800","lD","7","800","lD","7","800","lD","7","800","lD","7","800"
"4007","307EAug1808","BRIGADE 7       ","13","19","24","0","Be","8","800","Ln","7","800","Ln","7","800","Ln","7","800","Ln","7","800","Pi","8","800","Mi","6","800"
"4008","307EAug1808","GIBRALTAR GARDE ","G ","18","24","0","Be","8","800","Ln","7","800","Ln","7","800","Ln","7","800","Ln","7","800","Pi","8","800","Mi","6","800"
"4144","307EAug1808","MARINE-BRIG 1   ","G ","12","32","0","Kt","6","797","Kt","6","797","Kt","6","797","Ca","4","797","Ca","4","797","Ca","4","797","Ca","4","797"
"4145","307EAug1808","COLONIAL-BRIG 1 ","31","93","32","0","Ca","4","797","Ca","4","797","Ca","4","797","Mc","4","797","Mc","4","797","--","","","--","",""
"4146","307EAug1808","MARINE-BRIG 2   ","61","75","32","0","Kt","6","790","Kt","6","790","--","","","Ca","4","790","Ca","4","790","Ca","4","790","Ca","4","790"
"4147","307EAug1808","COLONIAL-BRIG 2 ","56","78","32","0","Kt","3","799","Ca","4","799","Ca","4","799","Cc","4","799","Cc","4","799","Kt","6","799","--","",""
"4148","307EAug1808","MARINE-BRIG 3   ","71","70","32","0","Kt","6","780","Kt","6","780","Ca","4","780","Ca","4","780","Ca","4","780","--","","","--","",""
"4149","307EAug1808","COLONIAL-BRIG 3 ","62","88","32","0","Ca","4","800","Ca","4","800","Cc","4","800","Cc","4","800","--","","","--","","","--","",""
"4150","307EAug1808","COLONIAL-BRIG 4 ","78","72","32","0","Ca","4","784","Ca","4","784","Kt","6","784","Mc","4","784","Kt","6","784","Ca","4","784","Ca","4","784"
"4151","307EAug1808","COLONIAL-BRIG 5 ","73","76","32","73","Ca","4","793","Ca","4","793","Ca","4","793","Ca","4","793","Ca","4","793","Cc","4","793","Cc","4","793"
"4152","307EAug1808","COLONIAL-BRIG 6 ","82","72","40","81","Mc","4","770","Cc","4","770","Cc","4","770","Cc","4","770","Cc","4","770","Cc","4","770","Cc","4","770"
"4216","307EAug1808","COLONIALS 1     ","31","93","32","0","Kt","3","800","Kt","3","800","Kt","3","800","Kt","3","800","Kt","3","800","--","","","--","",""
"4230","307EAug1808","COLONIALS 2     ","56","79","24","0","Ca","4","800","Mi","3","800","Mi","3","800","Mi","3","800","Mi","3","800","--","","","--","",""
"4245","307EAug1808","COLONIALS 3     ","G ","27","32","0","Kt","4","800","Kt","4","800","Kt","4","800","Kt","4","800","--","","","--","","","--","",""
"4415","307EAug1808","COLONIALS       ","58","85","32","0","Kt","3","797","Kt","3","797","Kt","3","797","Kt","3","797","Kt","3","797","--","","","--","",""
"4427","307EAug1808","COLONIALS       ","G ","21","32","0","Kt","4","800","Kt","4","800","Kt","4","800","Kt","4","800","Kt","4","800","--","","","--","",""
"4438","307EAug1808","COLONIALS       ","76","78","32","0","Kt","3","796","Kt","3","796","Kt","3","796","Kt","3","796","Kt","3","796","--","","","--","",""
"4494","307EAug1808","COLONIALS       ","G ","27","24","0","Kt","4","800","Kt","4","800","Mi","4","800","--","","","--","","","--","","","--","",""
"4508","307EAug1808","COLONIALS       ","14","83","24","0","Kt","4","800","Kt","4","800","--","","","--","","","Mi","4","800","--","","","--","",""
"4522","307EAug1808","MILITIA         ","G ","29","24","0","Mi","4","800","Mi","4","800","Mi","4","800","Mi","4","800","Mi","4","800","Mi","4","800","Mi","4","800"
"4536","307EAug1808","MILITIA         ","G ","29","24","0","Mi","4","800","Mi","4","800","Mi","4","800","Mi","4","800","Mi","3","800","Mi","4","800","Mi","4","800"
"4583","307EAug1808","BRAVEHEARTS     ","G ","19","32","0","Hi","5","800","Hi","4","800","Hi","4","800","Hi","4","800","Hi","4","800","--","","","--","",""
"4593","307EAug1808","BRAVEHEARTS     ","G ","19","32","0","Hi","4","800","Hi","4","800","Hi","4","800","Hi","4","800","Hi","4","800","--","","","--","",""
"4602","307EAug1808","BRAVEHEARTS     ","G ","19","32","0","Hi","4","800","Hi","4","800","Hi","4","800","Hi","4","800","Hi","4","800","--","","","--","",""
"4611","307EAug1808","BRAVEHEARTS     ","G ","19","32","0","Hi","4","800","Hi","4","800","Hi","4","800","Hi","4","800","Hi","4","800","--","","","--","",""
"4620","307EAug1808","BRAVEHEARTS     ","23","20","32","72","Hi","4","800","Hi","4","800","Hi","4","800","Hi","4","800","Hi","4","800","--","","","--","",""
"4647","307EAug1808","BRAVEHEARTS     ","G ","20","32","0","Hi","4","800","Hi","4","800","Hi","4","800","Hi","4","800","Hi","4","800","--","","","--","",""
"4656","307EAug1808","BRAVEHEARTS     ","G ","20","32","0","Hi","4","800","Hi","4","800","Hi","4","800","Hi","4","800","Hi","4","800","--","","","--","",""
"4665","307EAug1808","BRAVEHEARTS     ","G ","20","32","0","Hi","4","800","Hi","4","800","Hi","4","800","Hi","4","800","Hi","4","800","--","","","--","",""
"4674","307EAug1808","BRAVEHEARTS     ","G ","19","32","0","Hi","4","800","Hi","4","800","Hi","4","800","Hi","4","800","Hi","4","800","--","","","--","",""
"4683","307EAug1808","SIEGE MASTERS   ","13","19","24","0","Mi","4","800","Mi","4","800","Mi","4","800","Ha","4","800","Ha","4","800","--","","","--","",""
"4701","307EAug1808","BRAVEHEARTS     ","23","20","32","0","Hi","3","800","Hi","3","800","Hi","3","800","Hi","3","800","Hi","3","800","--","","","--","",""
"4713","307EAug1808","BRAVEHEARTS     ","23","20","32","0","Hi","3","800","Hi","3","800","Hi","3","800","Hi","3","800","Hi","3","800","--","","","--","",""
"4725","307EAug1808","BRAVEHEARTS     ","13","19","32","0","Hi","3","800","Hi","3","800","Hi","3","800","Hi","3","800","Hi","3","800","--","","","--","",""
"4737","307EAug1808","BRAVEHEARTS     ","13","19","32","0","Hi","3","800","Hi","3","800","Hi","3","800","Hi","3","800","Hi","3","800","--","","","--","",""
"4749","307EAug1808","BRAVEHEARTS     ","13","19","32","0","Hi","3","800","Hi","3","800","Hi","3","800","Hi","3","800","Hi","3","800","--","","","--","",""
"4001","307EDec1808","BRIGADE 1       ","15","14","26","0","Fg","0","797","Fg","0","797","Fg","0","797","Fg","0","797","Fg","0","797","La","7","797","La","7","797"
"4002","307EDec1808","BRIGADE 2       ","18","21","26","61","Fg","0","797","Fg","0","797","Fg","0","797","Fg","0","797","Fg","0","797","La","7","797","La","7","797"
"4003","307EDec1808","BRIGADE 3       ","23","20","26","0","Fg","0","800","Fg","0","800","Fg","0","800","Dr","8","800","Dr","8","800","La","7","800","La","7","800"
"4004","307EDec1808","BRIGADE 4       ","15","14","24","0","KL","7","797","KL","7","797","KL","7","797","KL","7","797","Pi","8","797","Mi","6","797","Mi","6","797"
"4005","307EDec1808","BRIGADE 5       ","15","14","24","0","Be","8","797","Ln","7","797","Ln","7","797","Ln","7","797","Ln","7","797","Pi","8","797","Mi","6","797"
"4006","307EDec1808","BRIGADE 6       ","13","19","32","62","Hh","0","52","Hh","0","52","Dr","8","0","lD","7","0","lD","7","0","lD","7","0","lD","7","0"
"4008","307EDec1808","GIBRALTAR GARDE ","18","21","24","0","Be","8","800","Ln","7","800","Ln","7","800","Ln","7","800","Ln","7","800","Pi","8","800","Mi","6","800"
"4144","307EDec1808","MARINE-BRIG 1   ","17","71","32","0","Kt","6","792","Kt","6","792","Kt","6","792","Ca","4","792","Ca","4","792","Ca","4","792","Ca","4","792"
"4145","307EDec1808","COLONIAL-BRIG 1 ","31","95","32","72","Ca","4","791","Ca","4","791","Ca","4","791","Mc","4","791","Mc","4","791","--","","","--","",""
"4146","307EDec1808","MARINE-BRIG 2   ","62","73","32","0","Kt","6","782","Kt","6","782","--","","","Ca","4","782","Ca","4","782","Ca","4","782","Ca","4","782"
"4147","307EDec1808","COLONIAL-BRIG 2 ","57","81","32","0","Kt","3","794","Ca","4","794","Ca","4","794","Cc","4","794","Cc","4","794","Kt","6","794","--","",""
"4148","307EDec1808","MARINE-BRIG 3   ","71","72","32","0","Kt","6","772","Kt","6","772","Ca","4","772","Ca","4","772","Ca","4","772","--","","","--","",""
"4149","307EDec1808","COLONIAL-BRIG 3 ","62","88","32","0","Ca","4","800","Ca","4","800","Cc","4","800","Cc","4","800","--","","","--","","","--","",""
"4150","307EDec1808","COLONIAL-BRIG 4 ","76","71","32","0","Ca","4","768","Ca","4","768","Kt","6","768","Mc","4","768","Kt","6","768","Ca","4","768","Ca","4","768"
"4151","307EDec1808","COLONIAL-BRIG 5 ","76","81","32","73","Ca","4","774","Ca","4","774","Ca","4","774","Ca","4","774","Ca","4","774","Cc","4","774","Cc","4","774"
"4152","307EDec1808","COLONIAL-BRIG 6 ","83","71","40","81","Mc","4","758","Cc","4","758","Cc","4","758","Cc","4","758","Cc","4","758","Cc","4","758","Cc","4","758"
"4216","307EDec1808","COLONIALS 1     ","31","95","32","72","Kt","3","794","Kt","3","794","Kt","3","794","Kt","3","794","Kt","3","794","--","","","--","",""
"4230","307EDec1808","COLONIALS 2     ","56","79","24","0","Ca","4","800","Mi","3","800","Mi","3","800","Mi","3","800","Mi","3","800","--","","","--","",""
"4231","307EDec1808","HIGHLANDER MTD  ","15","14","32","0","Hi","3","800","Hi","3","800","Hi","3","800","Hi","3","800","Hi","3","800","Ma","3","800","Ma","3","800"
"4245","307EDec1808","COLONIALS 3     ","82","76","32","0","Kt","4","796","Kt","4","796","Kt","4","796","Kt","4","796","--","","","--","","","--","",""
"4415","307EDec1808","COLONIALS       ","57","84","32","0","Kt","3","785","Kt","3","785","Kt","3","785","Kt","3","785","Kt","3","785","--","","","--","",""
"4427","307EDec1808","COLONIALS       ","64","79","32","0","Kt","4","793","Kt","4","793","Kt","4","793","Kt","4","793","Kt","4","793","--","","","--","",""
"4438","307EDec1808","COLONIALS       ","81","75","32","0","Kt","3","780","Kt","3","780","Kt","3","780","Kt","3","780","Kt","3","780","--","","","--","",""
"4494","307EDec1808","COLONIALS       ","82","86","24","0","Kt","4","791","Kt","4","791","Mi","4","791","--","","","--","","","--","","","--","",""
"4508","307EDec1808","COLONIALS       ","14","84","24","0","Kt","4","788","Kt","4","788","--","","","--","","","Mi","4","788","--","","","--","",""
"4522","307EDec1808","MILITIA         ","38","14","24","65","Mi","4","779","Mi","4","775","Mi","4","778","Mi","4","774","Mi","4","779","Mi","4","776","Mi","4","777"
"4523","307EDec1808","BRAVEHEARTS     ","18","21","32","0","Hi","5","800","Hi","5","800","Hi","5","800","Hi","5","800","Hi","5","800","--","","","--","",""
"4536","307EDec1808","MILITIA         ","38","14","24","65","Mi","4","772","Mi","4","776","Mi","4","776","Mi","4","776","Mi","3","771","Mi","4","776","Mi","4","774"
"4583","307EDec1808","BRAVEHEARTS     ","38","14","32","65","Hi","5","776","Hi","4","777","Hi","4","779","Hi","4","772","Hi","4","773","--","","","--","",""
"4593","307EDec1808","BRAVEHEARTS     ","38","14","32","65","Hi","4","779","Hi","4","776","Hi","4","772","Hi","4","778","Hi","4","779","--","","","--","",""
"4602","307EDec1808","BRAVEHEARTS     ","38","14","32","65","Hi","4","773","Hi","4","774","Hi","4","778","Hi","4","773","Hi","4","775","--","","","--","",""
"4611","307EDec1808","BRAVEHEARTS     ","38","14","32","65","Hi","4","773","Hi","4","776","Hi","4","774","Hi","4","775","Hi","4","772","--","","","--","",""
"4620","307EDec1808","BRAVEHEARTS     ","G ","29","32","0","Hi","6","797","Hi","6","797","Hi","6","797","Hi","6","797","Hi","6","797","--","","","--","",""
"4647","307EDec1808","BRAVEHEARTS     ","38","14","32","65","Hi","4","774","Hi","4","778","Hi","4","772","Hi","4","777","Hi","4","773","--","","","--","",""
"4656","307EDec1808","BRAVEHEARTS     ","38","14","32","65","Hi","4","773","Hi","4","774","Hi","4","774","Hi","4","773","Hi","4","771","--","","","--","",""
"4665","307EDec1808","BRAVEHEARTS     ","38","14","32","65","Hi","4","774","Hi","4","776","Hi","4","772","Hi","4","777","Hi","4","776","--","","","--","",""
"4674","307EDec1808","BRAVEHEARTS     ","38","14","32","65","Hi","4","772","Hi","4","772","Hi","4","778","Hi","4","772","Hi","4","772","--","","","--","",""
"4701","307EDec1808","BRAVEHEARTS     ","18","21","32","64","Hi","5","797","Hi","5","797","Hi","5","797","Hi","5","797","Hi","5","797","--","","","--","",""
"4713","307EDec1808","BRAVEHEARTS     ","18","21","32","64","Hi","5","797","Hi","5","797","Hi","5","797","Hi","5","797","Hi","5","797","--","","","--","",""
"4778","307EDec1808","BRAVEHEARTS     ","18","21","32","0","Hi","5","800","Hi","5","800","Hi","5","800","Hi","5","800","Hi","5","800","--","","","--","",""
"4788","307EDec1808","BRAVEHEARTS     ","18","21","32","0","Hi","5","800","Hi","5","800","Hi","5","800","Hi","5","800","Hi","5","800","--","","","--","",""
"4797","307EDec1808","BRAVEHEARTS     ","18","21","32","0","Hi","5","800","Hi","5","800","Hi","5","800","Hi","5","800","Hi","5","800","--","","","--","",""
"4822","307EDec1808","BRAVEHEARTS     ","18","21","32","0","Hi","5","800","Hi","5","800","Hi","5","800","Hi","5","800","Hi","5","800","--","","","--","",""
"4833","307EDec1808","BRAVEHEARTS     ","18","21","32","0","Hi","5","800","Hi","5","800","Hi","5","800","Hi","5","800","Hi","5","800","--","","","--","",""
"4843","307EDec1808","BRAVEHEARTS     ","18","21","32","0","Hi","5","800","Hi","5","800","Hi","5","800","Hi","5","800","Hi","5","800","--","","","--","",""
"4852","307EDec1808","BRAVEHEARTS     ","18","21","32","0","Hi","5","800","Hi","5","800","Hi","5","800","Hi","5","800","Hi","5","800","--","","","--","",""
"4917","307EDec1808","HIGHLANDER MTD  ","15","14","32","0","Hi","3","800","Hi","3","800","Hi","3","800","Hi","3","800","Hi","3","800","Ma","3","800","Ma","3","800"
"4927","307EDec1808","BRAVEHEARTS     ","15","14","32","0","Hi","3","800","Hi","3","800","Hi","3","800","Hi","3","800","Hi","3","800","Hi","3","800","Hi","3","800"
"4935","307EDec1808","BRAVEHEARTS     ","15","14","32","0","Hi","3","800","Hi","3","800","Hi","3","800","Hi","3","800","Hi","3","800","Hi","3","800","Hi","3","800"
"4943","307EDec1808","BRAVEHEARTS     ","15","14","32","0","Hi","3","800","Hi","3","800","Hi","3","800","Hi","3","800","Hi","3","800","Hi","3","800","Hi","3","800"
"4951","307EDec1808","BRAVEHEARTS     ","15","14","32","0","Hi","3","800","Hi","3","800","Hi","3","800","Hi","3","800","Hi","3","800","Hi","3","800","Hi","3","800"
"4958","307EDec1808","BRAVEHEARTS     ","15","14","32","0","Hi","3","800","Hi","3","800","Hi","3","800","Hi","3","800","Hi","3","800","Hi","3","800","Hi","3","800"
"4964","307EDec1808","BRAVEHEARTS     ","15","14","32","0","Hi","3","800","Hi","3","800","Hi","3","800","Hi","3","800","Hi","3","800","Hi","3","800","Hi","3","800"
"4001","307EFeb1809","BRIGADE 1       ","15","14","26","63","Fg","1","600","Fg","0","600","Fg","1","600","Fg","0","600","Fg","0","600","La","7","600","La","7","600"
"4002","307EFeb1809","BRIGADE 2       ","18","21","26","61","Fg","0","797","Fg","0","797","Fg","0","797","Fg","0","797","Fg","0","797","La","7","797","La","7","797"
"4003","307EFeb1809","BRIGADE 3       ","23","20","26","0","Fg","0","800","Fg","0","800","Fg","0","800","Dr","8","800","Dr","8","800","La","7","800","La","7","800"
"4004","307EFeb1809","BRIGADE 4       ","15","14","24","63","KL","7","600","KL","7","600","KL","7","600","KL","7","600","Pi","8","698","Mi","6","600","Mi","6","600"
"4005","307EFeb1809","BRIGADE 5       ","15","14","24","63","Be","8","600","Ln","7","600","Ln","7","600","Ln","7","600","Ln","7","600","Pi","8","698","Mi","6","600"
"4006","307EFeb1809","BRIGADE 6       ","13","19","32","62","Hh","0","52","Hh","0","52","Dr","8","0","lD","7","0","lD","7","0","lD","7","0","lD","7","0"
"4008","307EFeb1809","GIBRALTAR GARDE ","13","19","24","0","Be","8","800","Ln","7","800","Ln","7","800","Ln","7","800","Ln","7","800","Pi","8","800","Mi","6","800"
"4144","307EFeb1809","MARINE-BRIG 1   ","G ","12","32","0","Kt","6","791","Kt","6","791","Kt","6","791","Ca","4","791","Ca","4","791","Ca","4","791","Ca","4","791"
"4145","307EFeb1809","COLONIAL-BRIG 1 ","31","95","32","72","Ca","4","791","Ca","4","791","Ca","4","791","Mc","4","791","Mc","4","791","--","","","--","",""
"4146","307EFeb1809","MARINE-BRIG 2   ","62","71","32","0","Kt","6","778","Kt","6","778","--","","","Ca","4","778","Ca","4","778","Ca","4","778","Ca","4","778"
"4147","307EFeb1809","COLONIAL-BRIG 2 ","58","80","32","0","Kt","3","790","Ca","4","790","Ca","4","790","Cc","4","790","Cc","4","790","Kt","6","790","--","",""
"4148","307EFeb1809","MARINE-BRIG 3   ","68","74","32","0","Kt","6","769","Kt","6","769","Ca","4","769","Ca","4","769","Ca","4","769","--","","","--","",""
"4149","307EFeb1809","COLONIAL-BRIG 3 ","62","88","32","0","Ca","4","800","Ca","4","800","Cc","4","800","Cc","4","800","--","","","--","","","--","",""
"4150","307EFeb1809","COLONIAL-BRIG 4 ","77","73","32","0","Ca","4","756","Ca","4","756","Kt","6","756","Mc","4","756","Kt","6","756","Ca","4","756","Ca","4","756"
"4151","307EFeb1809","COLONIAL-BRIG 5 ","78","80","32","73","Ca","4","768","Ca","4","768","Ca","4","768","Ca","4","768","Ca","4","768","Cc","4","768","Cc","4","768"
"4152","307EFeb1809","COLONIAL-BRIG 6 ","80","70","40","81","Mc","4","753","Cc","4","753","Cc","4","753","Cc","4","753","Cc","4","753","Cc","4","753","Cc","4","753"
"4216","307EFeb1809","COLONIALS 1     ","31","95","32","72","Kt","3","794","Kt","3","794","Kt","3","794","Kt","3","794","Kt","3","794","--","","","--","",""
"4230","307EFeb1809","COLONIALS 2     ","56","79","24","0","Ca","4","800","Mi","3","800","Mi","3","800","Mi","3","800","Mi","3","800","--","","","--","",""
"4231","307EFeb1809","HIGHLANDER MTD  ","15","14","32","63","Hi","4","603","Hi","4","603","Hi","5","603","Hi","4","603","Hi","4","603","Ma","5","603","Ma","4","603"
"4245","307EFeb1809","COLONIALS 3     ","81","78","32","0","Kt","4","792","Kt","4","792","Kt","4","792","Kt","4","792","--","","","--","","","--","",""
"4415","307EFeb1809","COLONIALS       ","60","82","32","0","Kt","3","781","Kt","3","781","Kt","3","781","Kt","3","781","Kt","3","781","--","","","--","",""
"4427","307EFeb1809","COLONIALS       ","63","77","32","0","Kt","4","785","Kt","4","785","Kt","4","785","Kt","4","785","Kt","4","785","--","","","--","",""
"4438","307EFeb1809","COLONIALS       ","80","79","32","0","Kt","3","773","Kt","3","773","Kt","3","773","Kt","3","773","Kt","3","773","--","","","--","",""
"4494","307EFeb1809","COLONIALS       ","83","85","24","0","Kt","4","782","Kt","4","782","Mi","4","782","--","","","--","","","--","","","--","",""
"4508","307EFeb1809","COLONIALS       ","G ","16","24","0","Kt","4","788","Kt","4","788","--","","","--","","","Mi","4","788","--","","","--","",""
"4522","307EFeb1809","MILITIA         ","37","13","24","65","Mi","4","759","Mi","4","757","Mi","4","759","Mi","4","755","Mi","4","758","Mi","4","755","Mi","4","758"
"4523","307EFeb1809","BRAVEHEARTS     ","13","19","32","0","Hi","6","800","Hi","6","800","Hi","6","800","Hi","6","800","Hi","6","800","--","","","--","",""
"4536","307EFeb1809","MILITIA         ","37","13","24","65","Mi","4","758","Mi","4","762","Mi","4","760","Mi","4","758","Mi","3","750","Mi","4","755","Mi","4","759"
"4583","307EFeb1809","BRAVEHEARTS     ","37","13","32","65","Hi","5","756","Hi","4","757","Hi","4","762","Hi","4","752","Hi","4","754","--","","","--","",""
"4593","307EFeb1809","BRAVEHEARTS     ","37","13","32","65","Hi","4","764","Hi","4","755","Hi","4","755","Hi","4","759","Hi","4","764","--","","","--","",""
"4602","307EFeb1809","BRAVEHEARTS     ","37","13","32","65","Hi","4","759","Hi","4","760","Hi","4","760","Hi","4","758","Hi","4","757","--","","","--","",""
"4611","307EFeb1809","BRAVEHEARTS     ","37","13","32","65","Hi","4","759","Hi","4","756","Hi","4","756","Hi","4","759","Hi","4","756","--","","","--","",""
"4620","307EFeb1809","BRAVEHEARTS     ","13","19","32","0","Hi","6","797","Hi","6","797","Hi","6","797","Hi","6","797","Hi","6","797","--","","","--","",""
"4647","307EFeb1809","BRAVEHEARTS     ","37","13","32","65","Hi","4","754","Hi","4","759","Hi","4","755","Hi","4","761","Hi","4","755","--","","","--","",""
"4656","307EFeb1809","BRAVEHEARTS     ","37","13","32","65","Hi","4","757","Hi","4","754","Hi","4","760","Hi","4","752","Hi","4","752","--","","","--","",""
"4665","307EFeb1809","BRAVEHEARTS     ","37","13","32","65","Hi","4","753","Hi","4","757","Hi","4","751","Hi","4","761","Hi","4","758","--","","","--","",""
"4674","307EFeb1809","BRAVEHEARTS     ","37","13","32","65","Hi","4","757","Hi","4","755","Hi","4","757","Hi","4","758","Hi","4","753","--","","","--","",""
"4701","307EFeb1809","BRAVEHEARTS     ","18","21","32","64","Hi","5","797","Hi","5","797","Hi","5","797","Hi","5","797","Hi","5","797","--","","","--","",""
"4702","307EFeb1809","DUE RUSSIANS!   ","15","14","24","0","Mi","3","605","Mi","3","605","Mi","3","605","Mi","3","605","Mi","3","605","--","","","--","",""
"4713","307EFeb1809","BRAVEHEARTS     ","18","21","32","64","Hi","5","797","Hi","5","797","Hi","5","797","Hi","5","797","Hi","5","797","--","","","--","",""
"4778","307EFeb1809","BRAVEHEARTS     ","13","19","32","0","Hi","6","800","Hi","6","800","Hi","6","800","Hi","6","800","Hi","6","800","--","","","--","",""
"4788","307EFeb1809","BRAVEHEARTS     ","13","19","32","0","Hi","6","800","Hi","6","800","Hi","6","800","Hi","6","800","Hi","6","800","--","","","--","",""
"4797","307EFeb1809","BRAVEHEARTS     ","13","19","32","0","Hi","6","800","Hi","6","800","Hi","6","800","Hi","6","800","Hi","6","800","--","","","--","",""
"4822","307EFeb1809","BRAVEHEARTS     ","13","19","32","0","Hi","6","800","Hi","6","800","Hi","6","800","Hi","6","800","Hi","6","800","--","","","--","",""
"4833","307EFeb1809","BRAVEHEARTS     ","13","19","32","0","Hi","6","800","Hi","6","800","Hi","6","800","Hi","6","800","Hi","6","800","--","","","--","",""
"4843","307EFeb1809","BRAVEHEARTS     ","13","19","32","0","Hi","6","800","Hi","6","800","Hi","6","800","Hi","6","800","Hi","6","800","--","","","--","",""
"4852","307EFeb1809","BRAVEHEARTS     ","13","19","32","0","Hi","6","800","Hi","6","800","Hi","6","800","Hi","6","800","Hi","6","800","--","","","--","",""
"4881","307EFeb1809","HIGHLANDER      ","23","20","32","0","Hi","3","800","Hi","3","800","Hi","3","800","Hi","3","800","Hi","3","800","Hi","3","800","Hi","3","800"
"4917","307EFeb1809","HIGHLANDER MTD  ","15","14","32","63","Hi","4","603","Hi","5","603","Hi","4","603","Hi","4","603","Hi","4","603","Ma","4","603","Ma","4","603"
"4927","307EFeb1809","BRAVEHEARTS     ","15","14","32","63","Hi","4","603","Hi","4","603","Hi","5","603","Hi","4","603","Hi","4","603","Hi","6","603","Hi","4","603"
"4935","307EFeb1809","BRAVEHEARTS     ","15","14","32","63","Hi","4","603","Hi","4","603","Hi","4","603","Hi","4","603","Hi","4","603","Hi","4","603","Hi","4","603"
"4943","307EFeb1809","BRAVEHEARTS     ","15","14","32","63","Hi","4","603","Hi","4","603","Hi","4","603","Hi","4","603","Hi","4","603","Hi","4","603","Hi","4","603"
"4951","307EFeb1809","BRAVEHEARTS     ","15","14","32","63","Hi","6","603","Hi","4","603","Hi","4","603","Hi","4","603","Hi","4","603","Hi","4","603","Hi","4","603"
"4958","307EFeb1809","BRAVEHEARTS     ","15","14","32","63","Hi","4","603","Hi","4","603","Hi","4","603","Hi","5","603","Hi","4","603","Hi","4","603","Hi","4","603"
"4964","307EFeb1809","BRAVEHEARTS     ","15","14","32","63","Hi","4","603","Hi","5","603","Hi","4","603","Hi","4","603","Hi","4","603","Hi","4","603","Hi","4","603"
"4974","307EFeb1809","DUE RUSSIANS!   ","15","14","24","0","Mi","3","605","Mi","3","605","Mi","3","605","Mi","3","605","Mi","3","605","--","","","--","",""
"4983","307EFeb1809","DUE RUSSIANS!   ","15","14","24","0","Mi","3","605","Mi","3","605","Mi","3","605","Mi","3","605","Mi","3","605","--","","","--","",""
"4992","307EFeb1809","DUE RUSSIANS!   ","15","14","24","0","Mi","3","605","Mi","3","605","Mi","3","605","Mi","3","605","Mi","3","605","--","","","--","",""
"5001","307EFeb1809","DUE RUSSIANS!   ","15","14","24","0","Mi","3","605","Mi","3","605","Mi","3","605","Mi","3","605","Mi","3","605","--","","","--","",""
"5010","307EFeb1809","DUE RUSSIANS!   ","15","14","24","0","Mi","3","605","Mi","3","605","Mi","3","605","Mi","3","605","Mi","4","605","--","","","--","",""
"5018","307EFeb1809","DUE RUSSIANS!   ","15","14","24","0","Mi","3","605","Mi","4","605","Mi","3","605","Mi","3","605","Mi","3","605","--","","","--","",""
"5025","307EFeb1809","DUE RUSSIANS!   ","15","14","24","0","Mi","3","605","Mi","3","605","Mi","3","605","Mi","3","605","Mi","4","605","--","","","--","",""
"5035","307EFeb1809","HIGHLANDER      ","23","20","32","0","Hi","3","800","Hi","3","800","Hi","3","800","Hi","3","800","Hi","3","800","Hi","3","800","Hi","3","800"
"5046","307EFeb1809","HIGHLANDER      ","23","20","32","0","Hi","3","800","Hi","3","800","Hi","3","800","Hi","3","800","Hi","3","800","Hi","3","800","Hi","3","800"
"5054","307EFeb1809","HIGHLANDER      ","23","20","32","0","Hi","3","800","Hi","3","800","Hi","3","800","Hi","3","800","Hi","3","800","Hi","3","800","Hi","3","800"
"5062","307EFeb1809","HIGHLANDER      ","23","20","32","0","Hi","3","800","Hi","3","800","Hi","3","800","Hi","3","800","Hi","3","800","Hi","3","800","Hi","3","800"
"4001","307EJan1808","BRIGADE 1       ","23","20","26","0","Fg","0","800","Fg","0","800","Fg","0","800","Fg","0","800","Fg","0","800","La","7","800","La","7","800"
"4002","307EJan1808","BRIGADE 2       ","23","20","26","0","Fg","0","800","Fg","0","800","Fg","0","800","Fg","0","800","Fg","0","800","La","7","800","La","7","800"
"4003","307EJan1808","BRIGADE 3       ","23","20","26","0","Fg","0","800","Fg","0","800","Fg","0","800","Dr","8","800","Dr","8","800","La","7","800","La","7","800"
"4004","307EJan1808","BRIGADE 4       ","23","20","24","0","KL","7","800","KL","7","800","KL","7","800","KL","7","800","Pi","8","800","Mi","6","800","Mi","6","800"
"4005","307EJan1808","BRIGADE 5       ","23","20","24","0","Be","8","800","Ln","7","800","Ln","7","800","Ln","7","800","Ln","7","800","Pi","8","800","Mi","6","800"
"4006","307EJan1808","BRIGADE 6       ","13","19","32","0","Hh","0","800","Hh","0","800","Dr","8","800","lD","7","800","lD","7","800","lD","7","800","lD","7","800"
"4007","307EJan1808","BRIGADE 7       ","13","19","24","0","Be","8","800","Ln","7","800","Ln","7","800","Ln","7","800","Ln","7","800","Pi","8","800","Mi","6","800"
"4008","307EJan1808","GIBRALTAR GARDE "," 9","46","24","0","Be","8","800","Ln","7","800","Ln","7","800","Ln","7","800","Ln","7","800","Pi","8","800","Mi","6","800"
"4144","307EJan1808","MARINE-BRIG 1   ","24","77","32","0","Kt","6","800","Kt","6","800","Kt","6","800","Ca","4","800","Ca","4","800","Ca","4","800","Ca","4","800"
"4145","307EJan1808","COLONIAL-BRIG 1 ","24","77","32","0","Ca","4","800","Ca","4","800","Ca","4","800","Mc","4","800","Mc","4","800","Mc","4","800","--","",""
"4146","307EJan1808","MARINE-BRIG 2   ","56","79","32","0","Kt","6","800","Kt","6","800","Kt","6","800","Ca","4","800","Ca","4","800","Ca","4","800","Ca","4","800"
"4147","307EJan1808","COLONIAL-BRIG 2 ","56","79","32","0","Ca","4","800","Ca","4","800","Ca","4","800","Cc","4","800","Cc","4","800","--","","","--","",""
"4148","307EJan1808","MARINE-BRIG 3   ","62","88","32","0","Kt","6","800","Kt","6","800","Ca","4","800","Ca","4","800","Ca","4","800","--","","","--","",""
"4149","307EJan1808","COLONIAL-BRIG 3 ","62","88","32","0","Ca","4","800","Ca","4","800","Cc","4","800","Cc","4","800","--","","","--","","","--","",""
"4150","307EJan1808","COLONIAL-BRIG 4 ","71","74","32","0","Ca","4","800","Ca","4","800","Kt","6","800","Mc","4","800","Mc","4","800","Ca","4","800","Ca","4","800"
"4151","307EJan1808","COLONIAL-BRIG 5 ","71","74","32","0","Ca","4","800","Ca","4","800","Ca","4","800","Cc","4","800","Cc","4","800","Cc","4","800","Cc","4","800"
"4152","307EJan1808","COLONIAL-BRIG 6 ","71","74","32","0","Kt","6","800","Ca","4","800","Ca","4","800","Cc","4","800","Cc","4","800","Cc","4","800","Cc","4","800"
"4001","307EJan1809","BRIGADE 1       ","15","14","26","63","Fg","0","638","Fg","0","638","Fg","1","638","Fg","0","638","Fg","0","638","La","7","638","La","7","638"
"4002","307EJan1809","BRIGADE 2       ","18","21","26","61","Fg","0","797","Fg","0","797","Fg","0","797","Fg","0","797","Fg","0","797","La","7","797","La","7","797"
"4003","307EJan1809","BRIGADE 3       ","23","20","26","0","Fg","0","800","Fg","0","800","Fg","0","800","Dr","8","800","Dr","8","800","La","7","800","La","7","800"
"4004","307EJan1809","BRIGADE 4       ","15","14","24","63","KL","7","638","KL","7","638","KL","7","638","KL","7","638","Pi","8","717","Mi","6","638","Mi","6","638"
"4005","307EJan1809","BRIGADE 5       ","15","14","24","63","Be","8","638","Ln","7","638","Ln","7","638","Ln","7","638","Ln","7","638","Pi","8","717","Mi","6","638"
"4006","307EJan1809","BRIGADE 6       ","13","19","32","62","Hh","0","52","Hh","0","52","Dr","8","0","lD","7","0","lD","7","0","lD","7","0","lD","7","0"
"4008","307EJan1809","GIBRALTAR GARDE ","G ","11","24","0","Be","8","800","Ln","7","800","Ln","7","800","Ln","7","800","Ln","7","800","Pi","8","800","Mi","6","800"
"4144","307EJan1809","MARINE-BRIG 1   ","G ","12","32","0","Kt","6","791","Kt","6","791","Kt","6","791","Ca","4","791","Ca","4","791","Ca","4","791","Ca","4","791"
"4145","307EJan1809","COLONIAL-BRIG 1 ","31","95","32","72","Ca","4","791","Ca","4","791","Ca","4","791","Mc","4","791","Mc","4","791","--","","","--","",""
"4146","307EJan1809","MARINE-BRIG 2   ","62","72","32","0","Kt","6","780","Kt","6","780","--","","","Ca","4","780","Ca","4","780","Ca","4","780","Ca","4","780"
"4147","307EJan1809","COLONIAL-BRIG 2 ","58","81","32","0","Kt","3","792","Ca","4","792","Ca","4","792","Cc","4","792","Cc","4","792","Kt","6","792","--","",""
"4148","307EJan1809","MARINE-BRIG 3   ","69","71","32","0","Kt","6","771","Kt","6","771","Ca","4","771","Ca","4","771","Ca","4","771","--","","","--","",""
"4149","307EJan1809","COLONIAL-BRIG 3 ","62","88","32","0","Ca","4","800","Ca","4","800","Cc","4","800","Cc","4","800","--","","","--","","","--","",""
"4150","307EJan1809","COLONIAL-BRIG 4 ","76","72","32","0","Ca","4","762","Ca","4","762","Kt","6","762","Mc","4","762","Kt","6","762","Ca","4","762","Ca","4","762"
"4151","307EJan1809","COLONIAL-BRIG 5 ","78","81","32","73","Ca","4","770","Ca","4","770","Ca","4","770","Ca","4","770","Ca","4","770","Cc","4","770","Cc","4","770"
"4152","307EJan1809","COLONIAL-BRIG 6 ","82","70","40","81","Mc","4","756","Cc","4","756","Cc","4","756","Cc","4","756","Cc","4","756","Cc","4","756","Cc","4","756"
"4216","307EJan1809","COLONIALS 1     ","31","95","32","72","Kt","3","794","Kt","3","794","Kt","3","794","Kt","3","794","Kt","3","794","--","","","--","",""
"4230","307EJan1809","COLONIALS 2     ","56","79","24","0","Ca","4","800","Mi","3","800","Mi","3","800","Mi","3","800","Mi","3","800","--","","","--","",""
"4231","307EJan1809","HIGHLANDER MTD  ","15","14","32","63","Hi","4","641","Hi","4","641","Hi","5","641","Hi","4","641","Hi","4","641","Ma","5","641","Ma","4","641"
"4245","307EJan1809","COLONIALS 3     ","81","77","32","0","Kt","4","794","Kt","4","794","Kt","4","794","Kt","4","794","--","","","--","","","--","",""
"4415","307EJan1809","COLONIALS       ","59","83","32","0","Kt","3","783","Kt","3","783","Kt","3","783","Kt","3","783","Kt","3","783","--","","","--","",""
"4427","307EJan1809","COLONIALS       ","65","77","32","0","Kt","4","789","Kt","4","789","Kt","4","789","Kt","4","789","Kt","4","789","--","","","--","",""
"4438","307EJan1809","COLONIALS       ","80","77","32","0","Kt","3","776","Kt","3","776","Kt","3","776","Kt","3","776","Kt","3","776","--","","","--","",""
"4494","307EJan1809","COLONIALS       ","82","85","24","0","Kt","4","783","Kt","4","783","Mi","4","783","--","","","--","","","--","","","--","",""
"4508","307EJan1809","COLONIALS       ","G ","16","24","0","Kt","4","788","Kt","4","788","--","","","--","","","Mi","4","788","--","","","--","",""
"4522","307EJan1809","MILITIA         ","40","13","24","65","Mi","4","761","Mi","4","759","Mi","4","761","Mi","4","757","Mi","4","760","Mi","4","757","Mi","4","760"
"4523","307EJan1809","BRAVEHEARTS     ","G ","11","32","0","Hi","6","800","Hi","6","800","Hi","6","800","Hi","6","800","Hi","6","800","--","","","--","",""
"4536","307EJan1809","MILITIA         ","40","13","24","65","Mi","4","760","Mi","4","764","Mi","4","762","Mi","4","760","Mi","3","752","Mi","4","757","Mi","4","761"
"4583","307EJan1809","BRAVEHEARTS     ","40","13","32","65","Hi","5","758","Hi","4","759","Hi","4","764","Hi","4","754","Hi","4","756","--","","","--","",""
"4593","307EJan1809","BRAVEHEARTS     ","40","13","32","65","Hi","4","766","Hi","4","757","Hi","4","757","Hi","4","761","Hi","4","766","--","","","--","",""
"4602","307EJan1809","BRAVEHEARTS     ","40","13","32","65","Hi","4","761","Hi","4","762","Hi","4","762","Hi","4","760","Hi","4","759","--","","","--","",""
"4611","307EJan1809","BRAVEHEARTS     ","40","13","32","65","Hi","4","761","Hi","4","758","Hi","4","758","Hi","4","761","Hi","4","758","--","","","--","",""
"4620","307EJan1809","BRAVEHEARTS     ","G ","29","32","0","Hi","6","797","Hi","6","797","Hi","6","797","Hi","6","797","Hi","6","797","--","","","--","",""
"4647","307EJan1809","BRAVEHEARTS     ","40","13","32","65","Hi","4","756","Hi","4","761","Hi","4","757","Hi","4","763","Hi","4","757","--","","","--","",""
"4656","307EJan1809","BRAVEHEARTS     ","40","13","32","65","Hi","4","759","Hi","4","756","Hi","4","762","Hi","4","754","Hi","4","754","--","","","--","",""
"4665","307EJan1809","BRAVEHEARTS     ","40","13","32","65","Hi","4","755","Hi","4","759","Hi","4","753","Hi","4","763","Hi","4","760","--","","","--","",""
"4674","307EJan1809","BRAVEHEARTS     ","40","13","32","65","Hi","4","759","Hi","4","757","Hi","4","759","Hi","4","760","Hi","4","755","--","","","--","",""
"4701","307EJan1809","BRAVEHEARTS     ","18","21","32","64","Hi","5","797","Hi","5","797","Hi","5","797","Hi","5","797","Hi","5","797","--","","","--","",""
"4702","307EJan1809","DUE RUSSIANS!   ","15","14","24","0","Mi","3","641","Mi","3","641","Mi","3","641","Mi","3","641","Mi","3","641","--","","","--","",""
"4713","307EJan1809","BRAVEHEARTS     ","18","21","32","64","Hi","5","797","Hi","5","797","Hi","5","797","Hi","5","797","Hi","5","797","--","","","--","",""
"4778","307EJan1809","BRAVEHEARTS     ","G ","11","32","0","Hi","6","800","Hi","6","800","Hi","6","800","Hi","6","800","Hi","6","800","--","","","--","",""
"4788","307EJan1809","BRAVEHEARTS     ","G ","11","32","0","Hi","6","800","Hi","6","800","Hi","6","800","Hi","6","800","Hi","6","800","--","","","--","",""
"4797","307EJan1809","BRAVEHEARTS     ","G ","11","32","0","Hi","6","800","Hi","6","800","Hi","6","800","Hi","6","800","Hi","6","800","--","","","--","",""
"4822","307EJan1809","BRAVEHEARTS     ","G ","11","32","0","Hi","6","800","Hi","6","800","Hi","6","800","Hi","6","800","Hi","6","800","--","","","--","",""
"4833","307EJan1809","BRAVEHEARTS     ","G ","11","32","0","Hi","6","800","Hi","6","800","Hi","6","800","Hi","6","800","Hi","6","800","--","","","--","",""
"4843","307EJan1809","BRAVEHEARTS     ","G ","11","32","0","Hi","6","800","Hi","6","800","Hi","6","800","Hi","6","800","Hi","6","800","--","","","--","",""
"4852","307EJan1809","BRAVEHEARTS     ","G ","11","32","0","Hi","6","800","Hi","6","800","Hi","6","800","Hi","6","800","Hi","6","800","--","","","--","",""
"4917","307EJan1809","HIGHLANDER MTD  ","15","14","32","63","Hi","4","641","Hi","5","641","Hi","4","641","Hi","4","641","Hi","4","641","Ma","4","641","Ma","4","641"
"4927","307EJan1809","BRAVEHEARTS     ","15","14","32","63","Hi","4","641","Hi","4","641","Hi","4","641","Hi","4","641","Hi","4","641","Hi","5","641","Hi","4","641"
"4935","307EJan1809","BRAVEHEARTS     ","15","14","32","63","Hi","4","641","Hi","4","641","Hi","4","641","Hi","4","641","Hi","4","641","Hi","4","641","Hi","4","641"
"4943","307EJan1809","BRAVEHEARTS     ","15","14","32","63","Hi","4","641","Hi","4","641","Hi","4","641","Hi","4","641","Hi","4","641","Hi","4","641","Hi","4","641"
"4951","307EJan1809","BRAVEHEARTS     ","15","14","32","63","Hi","5","641","Hi","4","641","Hi","4","641","Hi","4","641","Hi","4","641","Hi","4","641","Hi","4","641"
"4958","307EJan1809","BRAVEHEARTS     ","15","14","32","63","Hi","4","641","Hi","4","641","Hi","4","641","Hi","5","641","Hi","4","641","Hi","4","641","Hi","4","641"
"4964","307EJan1809","BRAVEHEARTS     ","15","14","32","63","Hi","4","641","Hi","4","641","Hi","4","641","Hi","4","641","Hi","4","641","Hi","4","641","Hi","4","641"
"4974","307EJan1809","DUE RUSSIANS!   ","15","14","24","0","Mi","3","641","Mi","3","641","Mi","3","641","Mi","3","641","Mi","3","641","--","","","--","",""
"4983","307EJan1809","DUE RUSSIANS!   ","15","14","24","0","Mi","3","641","Mi","3","641","Mi","3","641","Mi","3","641","Mi","3","641","--","","","--","",""
"4992","307EJan1809","DUE RUSSIANS!   ","15","14","24","0","Mi","3","641","Mi","3","641","Mi","3","641","Mi","3","641","Mi","3","641","--","","","--","",""
"5001","307EJan1809","DUE RUSSIANS!   ","15","14","24","0","Mi","3","641","Mi","3","641","Mi","3","641","Mi","3","641","Mi","3","641","--","","","--","",""
"5010","307EJan1809","DUE RUSSIANS!   ","15","14","24","0","Mi","3","641","Mi","3","641","Mi","3","641","Mi","3","641","Mi","3","641","--","","","--","",""
"5018","307EJan1809","DUE RUSSIANS!   ","15","14","24","0","Mi","3","641","Mi","3","641","Mi","3","641","Mi","3","641","Mi","3","641","--","","","--","",""
"5025","307EJan1809","DUE RUSSIANS!   ","15","14","24","0","Mi","3","641","Mi","3","641","Mi","3","641","Mi","3","641","Mi","4","641","--","","","--","",""
"4001","307EJul1808","BRIGADE 1       ","23","20","26","0","Fg","0","800","Fg","0","800","Fg","0","800","Fg","0","800","Fg","0","800","La","7","800","La","7","800"
"4002","307EJul1808","BRIGADE 2       ","23","20","26","0","Fg","0","800","Fg","0","800","Fg","0","800","Fg","0","800","Fg","0","800","La","7","800","La","7","800"
"4003","307EJul1808","BRIGADE 3       ","23","20","26","0","Fg","0","800","Fg","0","800","Fg","0","800","Dr","8","800","Dr","8","800","La","7","800","La","7","800"
"4004","307EJul1808","BRIGADE 4       ","23","20","24","0","KL","7","800","KL","7","800","KL","7","800","KL","7","800","Pi","8","800","Mi","6","800","Mi","6","800"
"4005","307EJul1808","BRIGADE 5       ","23","20","24","0","Be","8","800","Ln","7","800","Ln","7","800","Ln","7","800","Ln","7","800","Pi","8","800","Mi","6","800"
"4006","307EJul1808","BRIGADE 6       ","13","19","32","0","Hh","0","800","Hh","0","800","Dr","8","800","lD","7","800","lD","7","800","lD","7","800","lD","7","800"
"4007","307EJul1808","BRIGADE 7       ","13","19","24","0","Be","8","800","Ln","7","800","Ln","7","800","Ln","7","800","Ln","7","800","Pi","8","800","Mi","6","800"
"4008","307EJul1808","GIBRALTAR GARDE ","G ","18","24","0","Be","8","800","Ln","7","800","Ln","7","800","Ln","7","800","Ln","7","800","Pi","8","800","Mi","6","800"
"4144","307EJul1808","MARINE-BRIG 1   ","17","91","32","0","Kt","6","797","Kt","6","797","Kt","6","797","Ca","4","797","Ca","4","797","Ca","4","797","Ca","4","797"
"4145","307EJul1808","COLONIAL-BRIG 1 ","33","93","32","0","Ca","4","800","Ca","4","800","Ca","4","800","Mc","4","800","Mc","4","800","--","","","--","",""
"4146","307EJul1808","MARINE-BRIG 2   ","60","76","32","0","Kt","6","792","Kt","6","792","--","","","Ca","4","792","Ca","4","792","Ca","4","792","Ca","4","792"
"4147","307EJul1808","COLONIAL-BRIG 2 ","56","79","32","0","Ca","4","800","Ca","4","800","Ca","4","800","Cc","4","800","Cc","4","800","Kt","6","800","--","",""
"4148","307EJul1808","MARINE-BRIG 3   ","70","70","32","0","Kt","6","786","Kt","6","786","Ca","4","786","Ca","4","786","Ca","4","786","--","","","--","",""
"4149","307EJul1808","COLONIAL-BRIG 3 ","62","88","32","0","Ca","4","800","Ca","4","800","Cc","4","800","Cc","4","800","--","","","--","","","--","",""
"4150","307EJul1808","COLONIAL-BRIG 4 ","78","73","32","0","Ca","4","786","Ca","4","786","Kt","6","786","Mc","4","786","Kt","6","786","Ca","4","786","Ca","4","786"
"4151","307EJul1808","COLONIAL-BRIG 5 ","73","75","32","73","Ca","4","795","Ca","4","795","Ca","4","795","Ca","4","795","Ca","4","795","Cc","4","795","Cc","4","795"
"4152","307EJul1808","COLONIAL-BRIG 6 ","80","73","40","81","Mc","4","779","Cc","4","779","Cc","4","779","Cc","4","779","Cc","4","779","Cc","4","779","Cc","4","779"
"4216","307EJul1808","COLONIALS 1     ","G ","16","32","0","Kt","3","800","Kt","3","800","Kt","3","800","Kt","3","800","Kt","3","800","--","","","--","",""
"4230","307EJul1808","COLONIALS 2     ","56","79","24","0","Kt","3","800","Mi","3","800","Mi","3","800","Mi","3","800","Mi","3","800","--","","","--","",""
"4245","307EJul1808","COLONIALS 3     ","G ","27","32","0","Kt","4","800","Kt","4","800","Kt","4","800","Kt","4","800","--","","","--","","","--","",""
"4415","307EJul1808","COLONIALS       ","58","86","32","0","Kt","3","800","Kt","3","800","Kt","3","800","Kt","3","800","Kt","3","800","--","","","--","",""
"4427","307EJul1808","COLONIALS       ","G ","21","32","0","Kt","4","800","Kt","4","800","Kt","4","800","Kt","4","800","Kt","4","800","--","","","--","",""
"4438","307EJul1808","COLONIALS       ","74","78","32","0","Kt","3","800","Kt","3","800","Kt","3","800","Kt","3","800","Kt","3","800","--","","","--","",""
"4494","307EJul1808","COLONIALS       ","G ","27","24","0","Kt","4","800","Kt","4","800","Mi","4","800","--","","","--","","","--","","","--","",""
"4508","307EJul1808","COLONIALS       ","G ","23","24","0","Kt","4","800","Kt","4","800","--","","","--","","","Mi","4","800","--","","","--","",""
"4522","307EJul1808","MILITIA         ","G ","29","24","0","Mi","4","800","Mi","4","800","Mi","4","800","Mi","4","800","Mi","4","800","Mi","4","800","Mi","4","800"
"4536","307EJul1808","MILITIA         ","G ","29","24","0","Mi","4","800","Mi","4","800","Mi","4","800","Mi","4","800","Mi","3","800","Mi","4","800","Mi","4","800"
"4583","307EJul1808","BRAVEHEARTS     ","23","20","32","72","Hi","4","800","Hi","3","800","Hi","3","800","Hi","3","800","Hi","3","800","--","","","--","",""
"4593","307EJul1808","BRAVEHEARTS     ","23","20","32","72","Hi","3","800","Hi","3","800","Hi","3","800","Hi","3","800","Hi","3","800","--","","","--","",""
"4602","307EJul1808","BRAVEHEARTS     ","23","20","32","72","Hi","3","800","Hi","3","800","Hi","3","800","Hi","3","800","Hi","3","800","--","","","--","",""
"4611","307EJul1808","BRAVEHEARTS     ","23","20","32","72","Hi","3","800","Hi","3","800","Hi","3","800","Hi","3","800","Hi","3","800","--","","","--","",""
"4620","307EJul1808","BRAVEHEARTS     ","23","20","32","72","Hi","3","800","Hi","3","800","Hi","3","800","Hi","3","800","Hi","3","800","--","","","--","",""
"4647","307EJul1808","BRAVEHEARTS     ","23","20","32","0","Hi","3","800","Hi","3","800","Hi","3","800","Hi","3","800","Hi","3","800","--","","","--","",""
"4656","307EJul1808","BRAVEHEARTS     ","23","20","32","0","Hi","3","800","Hi","3","800","Hi","3","800","Hi","3","800","Hi","3","800","--","","","--","",""
"4665","307EJul1808","BRAVEHEARTS     ","23","20","32","0","Hi","3","800","Hi","3","800","Hi","3","800","Hi","3","800","Hi","3","800","--","","","--","",""
"4674","307EJul1808","BRAVEHEARTS     ","23","20","32","0","Hi","3","800","Hi","3","800","Hi","3","800","Hi","3","800","Hi","3","800","--","","","--","",""
"4683","307EJul1808","SIEGE MASTERS   ","13","19","24","0","Mi","3","800","Mi","3","800","Mi","3","800","Ha","3","800","Ha","3","800","--","","","--","",""
"4001","307EJul1809","BRIGADE 1       ","13","19","26","63","Fg","1","797","Fg","0","797","Fg","1","797","Fg","0","797","Fg","0","797","La","7","797","La","7","797"
"4002","307EJul1809","BRIGADE 2       ","23","20","26","61","Fg","0","794","Fg","0","794","Fg","0","794","Fg","0","794","Fg","0","794","La","7","794","La","7","794"
"4003","307EJul1809","BRIGADE 3       ","23","20","26","61","Fg","0","800","Fg","0","800","Fg","0","800","Dr","8","800","Dr","8","800","La","7","800","La","7","800"
"4004","307EJul1809","BRIGADE 4       ","13","19","24","63","KL","7","797","KL","7","797","KL","7","797","KL","7","797","Pi","8","797","Mi","6","797","Mi","6","797"
"4005","307EJul1809","BRIGADE 5       ","13","19","24","63","Be","8","797","Ln","7","797","Ln","7","797","Ln","7","797","Ln","7","797","Pi","8","797","Mi","6","797"
"4006","307EJul1809","BRIGADE 6       ","13","19","32","62","Hh","0","52","Hh","0","52","Dr","8","0","lD","7","0","lD","7","0","lD","7","0","lD","7","0"
"4008","307EJul1809","GIBRALTAR GARDE ","13","19","24","62","Be","8","798","Ln","7","798","Ln","7","798","Ln","7","798","Ln","7","798","Pi","8","798","Mi","6","798"
"4015","307EJul1809","HIGHLANDER      ","23","20","32","61","Hi","5","800","Hi","5","800","Hi","5","800","Hi","5","800","Hi","5","800","Hi","5","800","Hi","5","800"
"4048","307EJul1809","HIGHLANDER      ","23","20","32","61","Hi","6","800","Hi","6","800","Hi","6","800","Hi","6","800","Hi","6","800","Hi","6","800","Hi","6","800"
"4144","307EJul1809","MARINE-BRIG 1   ","G ","12","32","0","Kt","6","790","Kt","6","790","Kt","6","790","Ca","4","790","Ca","4","790","Ca","4","790","Ca","4","790"
"4145","307EJul1809","COLONIAL-BRIG 1 ","31","93","32","0","Ca","4","789","Ca","4","789","Ca","4","789","Mc","4","789","Mc","4","789","--","","","--","",""
"4146","307EJul1809","MARINE-BRIG 2   ","63","73","32","0","Kt","6","761","Kt","6","761","--","","","Ca","4","761","Ca","4","761","Ca","4","761","Ca","4","761"
"4147","307EJul1809","COLONIAL-BRIG 2 ","60","86","32","0","Kt","3","782","Ca","4","782","Ca","4","782","Cc","4","782","Cc","4","782","Kt","6","782","--","",""
"4148","307EJul1809","MARINE-BRIG 3   ","65","74","32","0","Kt","6","759","Kt","6","759","Ca","4","759","Ca","4","759","Ca","4","759","--","","","--","",""
"4149","307EJul1809","COLONIAL-BRIG 3 ","62","88","32","0","Ca","4","800","Ca","4","800","Cc","4","800","Cc","4","800","--","","","--","","","--","",""
"4150","307EJul1809","COLONIAL-BRIG 4 ","76","76","32","0","Ca","4","746","Ca","4","746","Kt","6","746","Mc","4","746","Kt","6","746","Ca","4","746","Ca","4","746"
"4151","307EJul1809","COLONIAL-BRIG 5 ","74","76","32","73","Ca","4","758","Ca","4","758","Ca","4","758","Ca","4","758","Ca","4","758","Cc","4","758","Cc","4","758"
"4152","307EJul1809","COLONIAL-BRIG 6 ","75","73","40","81","Mc","4","718","Cc","4","718","Cc","4","718","Cc","4","718","Cc","4","718","Cc","4","718","Cc","4","718"
"4216","307EJul1809","COLONIALS 1     ","12","73","32","0","Kt","3","784","Kt","3","784","Kt","3","784","Kt","3","784","Kt","3","784","--","","","--","",""
"4217","307EJul1809","HIGHLANDER      ","23","20","32","61","Hi","4","800","Hi","4","800","Hi","4","800","Hi","4","800","Hi","4","800","Hi","4","800","Hi","4","800"
"4230","307EJul1809","COLONIALS 2     ","56","79","24","0","Ca","4","800","Mi","3","800","Mi","3","800","Mi","3","800","Mi","3","800","--","","","--","",""
"4231","307EJul1809","HIGHLANDER MTD  ","13","19","32","63","Hi","7","797","Hi","7","797","Hi","7","797","Hi","7","797","Hi","7","797","Ma","8","797","Ma","7","797"
"4234","307EJul1809","HIGHLANDER      ","23","20","32","61","Hi","6","800","Hi","6","800","Hi","6","800","Hi","6","800","Hi","6","800","Hi","6","800","Hi","6","800"
"4245","307EJul1809","COLONIALS 3     ","82","78","32","0","Kt","4","782","Kt","4","782","Kt","4","782","Kt","4","782","--","","","--","","","--","",""
"4395","307EJul1809","HIGHLANDER      ","23","20","32","61","Hi","5","800","Hi","5","800","Hi","5","800","Hi","5","800","Hi","5","800","Hi","5","800","Hi","5","800"
"4415","307EJul1809","COLONIALS       ","63","80","32","0","Kt","3","765","Kt","3","765","Kt","3","765","Kt","3","765","Kt","3","765","--","","","--","",""
"4427","307EJul1809","COLONIALS       ","63","76","32","0","Kt","4","669","Kt","4","669","Kt","4","669","Kt","4","669","Kt","5","669","--","","","--","",""
"4438","307EJul1809","COLONIALS       ","77","76","32","0","Kt","3","766","Kt","3","766","Kt","3","766","Kt","3","766","Kt","3","766","--","","","--","",""
"4494","307EJul1809","COLONIALS       ","80","87","24","0","Kt","4","766","Kt","4","766","Mi","4","766","--","","","--","","","--","","","--","",""
"4508","307EJul1809","COLONIALS       ","85","93","24","0","Kt","4","776","Kt","4","776","--","","","--","","","Mi","4","776","--","","","--","",""
"4522","307EJul1809","MILITIA         ","37","13","24","65","Mi","4","757","Mi","4","755","Mi","4","757","Mi","4","753","Mi","4","756","Mi","4","753","Mi","4","756"
"4523","307EJul1809","BRAVEHEARTS     ","15","26","32","0","Hi","7","798","Hi","7","798","Hi","7","798","Hi","7","798","Hi","7","798","--","","","--","",""
"4536","307EJul1809","MILITIA         ","37","13","24","65","Mi","4","756","Mi","4","760","Mi","4","758","Mi","4","756","Mi","3","748","Mi","4","753","Mi","4","757"
"4556","307EJul1809","BEARS           ","23","20","26","0","Be","3","800","Be","3","800","Be","3","800","Be","3","800","Be","3","800","Be","3","800","Be","3","800"
"4582","307EJul1809","HIGHLANDER      ","23","20","32","61","Hi","4","800","Hi","4","800","Hi","4","800","Hi","4","800","Hi","4","800","Hi","4","800","Hi","4","800"
"4583","307EJul1809","BRAVEHEARTS     ","23","20","32","61","Hi","7","754","Hi","6","755","Hi","6","760","Hi","6","750","Hi","6","752","--","","","--","",""
"4593","307EJul1809","BRAVEHEARTS     ","23","20","32","61","Hi","6","762","Hi","6","753","Hi","6","753","Hi","6","757","Hi","6","762","--","","","--","",""
"4602","307EJul1809","BRAVEHEARTS     ","23","20","32","61","Hi","6","757","Hi","6","758","Hi","6","758","Hi","6","756","Hi","6","755","--","","","--","",""
"4611","307EJul1809","BRAVEHEARTS     ","23","20","32","61","Hi","6","757","Hi","6","754","Hi","6","754","Hi","6","757","Hi","6","754","--","","","--","",""
"4620","307EJul1809","BRAVEHEARTS     ","15","26","32","0","Hi","7","795","Hi","7","795","Hi","7","795","Hi","7","795","Hi","7","795","--","","","--","",""
"4647","307EJul1809","BRAVEHEARTS     ","G ","24","32","0","Hi","4","750","Hi","4","755","Hi","4","751","Hi","4","757","Hi","4","751","--","","","--","",""
"4656","307EJul1809","BRAVEHEARTS     ","G ","24","32","0","Hi","4","753","Hi","4","750","Hi","4","756","Hi","4","749","Hi","4","749","--","","","--","",""
"4665","307EJul1809","BRAVEHEARTS     ","G ","24","32","0","Hi","4","749","Hi","4","753","Hi","4","748","Hi","4","757","Hi","4","754","--","","","--","",""
"4674","307EJul1809","BRAVEHEARTS     ","G ","24","32","0","Hi","4","753","Hi","4","751","Hi","4","753","Hi","4","754","Hi","4","749","--","","","--","",""
"4701","307EJul1809","BRAVEHEARTS     ","23","20","32","61","Hi","7","794","Hi","7","794","Hi","7","794","Hi","7","794","Hi","7","794","--","","","--","",""
"4702","307EJul1809","DUE RUSSIANS!   ","13","19","24","63","Mi","5","797","Mi","5","797","Mi","5","797","Mi","5","797","Mi","5","797","--","","","--","",""
"4713","307EJul1809","BRAVEHEARTS     ","23","20","32","61","Hi","7","794","Hi","7","794","Hi","7","794","Hi","7","794","Hi","7","794","--","","","--","",""
"4778","307EJul1809","BRAVEHEARTS     ","15","26","32","0","Hi","7","798","Hi","7","798","Hi","7","798","Hi","7","798","Hi","7","798","--","","","--","",""
"4788","307EJul1809","BRAVEHEARTS     ","13","19","32","62","Hi","7","798","Hi","7","798","Hi","7","798","Hi","7","798","Hi","7","798","--","","","--","",""
"4797","307EJul1809","BRAVEHEARTS     ","15","26","32","0","Hi","7","798","Hi","7","798","Hi","7","798","Hi","7","798","Hi","7","798","--","","","--","",""
"4822","307EJul1809","BRAVEHEARTS     ","15","26","32","0","Hi","7","798","Hi","7","798","Hi","7","798","Hi","7","798","Hi","7","798","--","","","--","",""
"4833","307EJul1809","BRAVEHEARTS     ","15","26","32","0","Hi","7","800","Hi","7","800","Hi","7","800","Hi","7","800","Hi","7","800","--","","","--","",""
"4843","307EJul1809","BRAVEHEARTS     ","15","26","32","0","Hi","7","800","Hi","7","800","Hi","7","800","Hi","7","800","Hi","7","800","--","","","--","",""
"4852","307EJul1809","BRAVEHEARTS     ","15","26","32","0","Hi","7","800","Hi","7","800","Hi","7","800","Hi","7","800","Hi","7","800","--","","","--","",""
"4881","307EJul1809","HIGHLANDER      ","23","20","32","61","Hi","5","800","Hi","5","800","Hi","5","800","Hi","5","800","Hi","5","800","Hi","5","800","Hi","5","800"
"4917","307EJul1809","HIGHLANDER MTD  ","13","19","32","63","Hi","7","797","Hi","7","797","Hi","7","797","Hi","7","797","Hi","7","797","Ma","7","797","Ma","7","797"
"4927","307EJul1809","BRAVEHEARTS     ","15","26","32","0","Hi","6","797","Hi","6","797","Hi","7","797","Hi","6","797","Hi","6","797","Hi","7","797","Hi","6","797"
"4935","307EJul1809","BRAVEHEARTS     ","15","26","32","0","Hi","6","797","Hi","6","797","Hi","6","797","Hi","6","797","Hi","6","797","Hi","6","797","Hi","6","797"
"4943","307EJul1809","BRAVEHEARTS     ","13","19","32","63","Hi","7","797","Hi","7","797","Hi","7","797","Hi","7","797","Hi","7","797","Hi","7","797","Hi","7","797"
"4951","307EJul1809","BRAVEHEARTS     ","13","19","32","63","Hi","7","797","Hi","7","797","Hi","7","797","Hi","7","797","Hi","7","797","Hi","7","797","Hi","7","797"
"4958","307EJul1809","BRAVEHEARTS     ","13","19","32","63","Hi","7","797","Hi","7","797","Hi","7","797","Hi","7","797","Hi","7","797","Hi","7","797","Hi","7","797"
"4964","307EJul1809","BRAVEHEARTS     ","13","19","32","63","Hi","7","797","Hi","7","797","Hi","7","797","Hi","7","797","Hi","7","797","Hi","7","797","Hi","7","797"
"4974","307EJul1809","DUE RUSSIANS!   ","13","19","24","63","Mi","5","797","Mi","5","797","Mi","5","797","Mi","5","797","Mi","5","797","--","","","--","",""
"4982","307EJul1809","HIGHLANDER      ","23","20","32","61","Hi","4","800","Hi","4","800","Hi","4","800","Hi","4","800","Hi","4","800","Hi","4","800","Hi","4","800"
"4983","307EJul1809","DUE RUSSIANS!   ","13","19","24","63","Mi","5","797","Mi","5","797","Mi","5","797","Mi","5","797","Mi","5","797","--","","","--","",""
"4992","307EJul1809","DUE RUSSIANS!   ","13","19","24","63","Mi","5","797","Mi","5","797","Mi","5","797","Mi","5","797","Mi","5","797","--","","","--","",""
"5001","307EJul1809","DUE RUSSIANS!   ","13","19","24","63","Mi","5","797","Mi","5","797","Mi","5","797","Mi","5","797","Mi","5","797","--","","","--","",""
"5010","307EJul1809","DUE RUSSIANS!   ","13","19","24","63","Mi","5","797","Mi","5","797","Mi","5","797","Mi","5","797","Mi","6","797","--","","","--","",""
"5018","307EJul1809","DUE RUSSIANS!   ","13","19","24","63","Mi","6","797","Mi","6","797","Mi","6","797","Mi","6","797","Mi","6","797","--","","","--","",""
"5025","307EJul1809","DUE RUSSIANS!   ","13","19","24","63","Mi","6","797","Mi","6","797","Mi","6","797","Mi","6","797","Mi","6","797","--","","","--","",""
"5035","307EJul1809","HIGHLANDER      ","23","20","32","61","Hi","7","800","Hi","7","800","Hi","7","800","Hi","7","800","Hi","7","800","Hi","7","800","Hi","7","800"
"5046","307EJul1809","HIGHLANDER      ","23","20","32","61","Hi","7","800","Hi","7","800","Hi","7","800","Hi","7","800","Hi","7","800","Hi","7","800","Hi","7","800"
"5054","307EJul1809","HIGHLANDER      ","23","20","32","61","Hi","7","800","Hi","7","800","Hi","7","800","Hi","7","800","Hi","7","800","Hi","7","800","Hi","7","800"
"5062","307EJul1809","HIGHLANDER      ","23","20","32","61","Hi","7","800","Hi","7","800","Hi","7","800","Hi","7","800","Hi","7","800","Hi","7","800","Hi","7","800"
"5177","307EJul1809","BEARS           ","23","20","26","0","Be","3","800","Be","3","800","Be","3","800","Be","3","800","Be","3","800","Be","3","800","Be","3","800"
"5183","307EJul1809","BEARS           ","23","20","26","0","Be","3","800","Be","3","800","Be","3","800","Be","3","800","Be","3","800","Be","3","800","Be","3","800"
"5189","307EJul1809","BEARS           ","23","20","26","0","Be","3","800","Be","3","800","Be","3","800","Be","3","800","Be","3","800","Be","3","800","Be","3","800"
"5194","307EJul1809","BEARS           ","23","20","26","0","Be","3","800","Be","3","800","Be","3","800","Be","3","800","Be","3","800","Be","3","800","Be","3","800"
"5198","307EJul1809","BEARS           ","23","20","26","0","Be","3","800","Be","3","800","Be","3","800","Be","3","800","Be","3","800","Be","3","800","Be","3","800"
"4001","307EJun1808","BRIGADE 1       ","23","20","26","0","Fg","0","800","Fg","0","800","Fg","0","800","Fg","0","800","Fg","0","800","La","7","800","La","7","800"
"4002","307EJun1808","BRIGADE 2       ","23","20","26","0","Fg","0","800","Fg","0","800","Fg","0","800","Fg","0","800","Fg","0","800","La","7","800","La","7","800"
"4003","307EJun1808","BRIGADE 3       ","23","20","26","0","Fg","0","800","Fg","0","800","Fg","0","800","Dr","8","800","Dr","8","800","La","7","800","La","7","800"
"4004","307EJun1808","BRIGADE 4       ","23","20","24","0","KL","7","800","KL","7","800","KL","7","800","KL","7","800","Pi","8","800","Mi","6","800","Mi","6","800"
"4005","307EJun1808","BRIGADE 5       ","23","20","24","0","Be","8","800","Ln","7","800","Ln","7","800","Ln","7","800","Ln","7","800","Pi","8","800","Mi","6","800"
"4006","307EJun1808","BRIGADE 6       ","13","19","32","0","Hh","0","800","Hh","0","800","Dr","8","800","lD","7","800","lD","7","800","lD","7","800","lD","7","800"
"4007","307EJun1808","BRIGADE 7       ","13","19","24","0","Be","8","800","Ln","7","800","Ln","7","800","Ln","7","800","Ln","7","800","Pi","8","800","Mi","6","800"
"4008","307EJun1808","GIBRALTAR GARDE "," 9","46","24","0","Be","8","800","Ln","7","800","Ln","7","800","Ln","7","800","Ln","7","800","Pi","8","800","Mi","6","800"
"4144","307EJun1808","MARINE-BRIG 1   ","16","91","32","0","Kt","6","798","Kt","6","798","Kt","6","798","Ca","4","798","Ca","4","798","Ca","4","798","Ca","4","798"
"4145","307EJun1808","COLONIAL-BRIG 1 ","G ","12","32","0","Ca","4","800","Ca","4","800","Ca","4","800","Mc","4","800","Mc","4","800","--","","","--","",""
"4146","307EJun1808","MARINE-BRIG 2   ","59","77","32","0","Kt","6","794","Kt","6","794","--","","","Ca","4","794","Ca","4","794","Ca","4","794","Ca","4","794"
"4147","307EJun1808","COLONIAL-BRIG 2 ","56","79","32","0","Ca","4","800","Ca","4","800","Ca","4","800","Cc","4","800","Cc","4","800","Kt","6","800","--","",""
"4148","307EJun1808","MARINE-BRIG 3   ","69","70","32","0","Kt","6","792","Kt","6","792","Ca","4","792","Ca","4","792","Ca","4","792","--","","","--","",""
"4149","307EJun1808","COLONIAL-BRIG 3 ","62","88","32","0","Ca","4","800","Ca","4","800","Cc","4","800","Cc","4","800","--","","","--","","","--","",""
"4150","307EJun1808","COLONIAL-BRIG 4 ","77","72","32","0","Ca","4","792","Ca","4","792","Kt","6","792","Mc","4","792","Kt","6","792","Ca","4","792","Ca","4","792"
"4151","307EJun1808","COLONIAL-BRIG 5 ","72","75","32","0","Ca","4","799","Ca","4","799","Ca","4","799","Ca","4","799","Ca","4","799","Cc","4","799","Cc","4","799"
"4152","307EJun1808","COLONIAL-BRIG 6 ","80","75","40","81","Mc","4","782","Cc","4","782","Cc","4","782","Cc","4","782","Cc","4","782","Cc","4","782","Cc","4","782"
"4216","307EJun1808","COLONIALS 1     ","G ","16","32","0","Kt","3","800","Kt","3","800","Kt","3","800","Kt","3","800","Kt","3","800","--","","","--","",""
"4230","307EJun1808","COLONIALS 2     ","G ","15","24","0","Kt","3","800","Mi","3","800","Mi","3","800","Mi","3","800","Mi","3","800","--","","","--","",""
"4245","307EJun1808","COLONIALS 3     ","G ","27","32","0","Kt","4","800","Kt","4","800","Kt","4","800","Kt","4","800","--","","","--","","","--","",""
"4415","307EJun1808","COLONIALS       ","G ","25","32","0","Kt","3","800","Kt","3","800","Kt","3","800","Kt","3","800","Kt","3","800","--","","","--","",""
"4427","307EJun1808","COLONIALS       ","G ","21","32","0","Kt","4","800","Kt","4","800","Kt","4","800","Kt","4","800","Kt","4","800","--","","","--","",""
"4438","307EJun1808","COLONIALS       ","G ","24","32","0","Kt","3","800","Kt","3","800","Kt","3","800","Kt","3","800","Kt","3","800","--","","","--","",""
"4494","307EJun1808","COLONIALS       ","G ","27","24","0","Kt","4","800","Kt","4","800","Mi","4","800","--","","","--","","","--","","","--","",""
"4508","307EJun1808","COLONIALS       ","G ","23","24","0","Kt","4","800","Kt","4","800","--","","","--","","","Mi","4","800","--","","","--","",""
"4522","307EJun1808","MILITIA         ","13","19","24","71","Mi","4","800","Mi","4","800","Mi","4","800","Mi","4","800","Mi","4","800","Mi","4","800","Mi","4","800"
"4536","307EJun1808","MILITIA         ","13","19","24","71","Mi","4","800","Mi","4","800","Mi","4","800","Mi","4","800","Mi","3","800","Mi","4","800","Mi","4","800"
"4583","307EJun1808","BRAVEHEARTS     ","23","20","32","0","Hi","3","800","Hi","3","800","Hi","3","800","Hi","3","800","Hi","3","800","--","","","--","",""
"4593","307EJun1808","BRAVEHEARTS     ","23","20","32","0","Hi","3","800","Hi","3","800","Hi","3","800","Hi","3","800","Hi","3","800","--","","","--","",""
"4602","307EJun1808","BRAVEHEARTS     ","23","20","32","0","Hi","3","800","Hi","3","800","Hi","3","800","Hi","3","800","Hi","3","800","--","","","--","",""
"4611","307EJun1808","BRAVEHEARTS     ","23","20","32","0","Hi","3","800","Hi","3","800","Hi","3","800","Hi","3","800","Hi","3","800","--","","","--","",""
"4620","307EJun1808","BRAVEHEARTS     ","23","20","32","0","Hi","3","800","Hi","3","800","Hi","3","800","Hi","3","800","Hi","3","800","--","","","--","",""
"4001","307EMar1808","BRIGADE 1       ","23","20","26","0","Fg","0","800","Fg","0","800","Fg","0","800","Fg","0","800","Fg","0","800","La","7","800","La","7","800"
"4002","307EMar1808","BRIGADE 2       ","23","20","26","0","Fg","0","800","Fg","0","800","Fg","0","800","Fg","0","800","Fg","0","800","La","7","800","La","7","800"
"4003","307EMar1808","BRIGADE 3       ","23","20","26","0","Fg","0","800","Fg","0","800","Fg","0","800","Dr","8","800","Dr","8","800","La","7","800","La","7","800"
"4004","307EMar1808","BRIGADE 4       ","23","20","24","0","KL","7","800","KL","7","800","KL","7","800","KL","7","800","Pi","8","800","Mi","6","800","Mi","6","800"
"4005","307EMar1808","BRIGADE 5       ","23","20","24","0","Be","8","800","Ln","7","800","Ln","7","800","Ln","7","800","Ln","7","800","Pi","8","800","Mi","6","800"
"4006","307EMar1808","BRIGADE 6       ","13","19","32","0","Hh","0","800","Hh","0","800","Dr","8","800","lD","7","800","lD","7","800","lD","7","800","lD","7","800"
"4007","307EMar1808","BRIGADE 7       ","13","19","24","0","Be","8","800","Ln","7","800","Ln","7","800","Ln","7","800","Ln","7","800","Pi","8","800","Mi","6","800"
"4008","307EMar1808","GIBRALTAR GARDE "," 9","46","24","0","Be","8","800","Ln","7","800","Ln","7","800","Ln","7","800","Ln","7","800","Pi","8","800","Mi","6","800"
"4144","307EMar1808","MARINE-BRIG 1   ","G ","12","32","0","Kt","6","800","Kt","6","800","Kt","6","800","Ca","4","800","Ca","4","800","Ca","4","800","Ca","4","800"
"4145","307EMar1808","COLONIAL-BRIG 1 ","G ","12","32","0","Ca","4","800","Ca","4","800","Ca","4","800","Mc","4","800","Mc","4","800","--","","","--","",""
"4146","307EMar1808","MARINE-BRIG 2   ","57","79","32","0","Kt","6","799","Kt","6","799","--","","","Ca","4","799","Ca","4","799","Ca","4","799","Ca","4","799"
"4147","307EMar1808","COLONIAL-BRIG 2 ","56","79","32","0","Ca","4","800","Ca","4","800","Ca","4","800","Cc","4","800","Cc","4","800","Kt","6","800","--","",""
"4148","307EMar1808","MARINE-BRIG 3   ","G ","13","32","0","Kt","6","800","Kt","6","800","Ca","4","800","Ca","4","800","Ca","4","800","--","","","--","",""
"4149","307EMar1808","COLONIAL-BRIG 3 ","62","88","32","0","Ca","4","800","Ca","4","800","Cc","4","800","Cc","4","800","--","","","--","","","--","",""
"4150","307EMar1808","COLONIAL-BRIG 4 ","73","74","32","81","Ca","4","798","Ca","4","798","Kt","6","798","Mc","4","798","Kt","6","798","Ca","4","798","Ca","4","798"
"4151","307EMar1808","COLONIAL-BRIG 5 ","71","74","32","0","Ca","4","800","Ca","4","800","Ca","4","800","Ca","4","800","Cc","4","800","Cc","4","800","Cc","4","800"
"4152","307EMar1808","COLONIAL-BRIG 6 ","71","74","32","0","Mc","4","800","Cc","4","800","Ca","4","800","Cc","4","800","Cc","4","800","Cc","4","800","Cc","4","800"
"4216","307EMar1808","COLONIALS 1     ","13","19","32","0","Kt","3","800","Kt","3","800","Kt","3","800","Kt","3","800","Kt","3","800","--","","","--","",""
"4230","307EMar1808","COLONIALS 2     ","13","19","24","0","Kt","3","800","Mi","3","800","Mi","3","800","Mi","3","800","Mi","3","800","--","","","--","",""
"4245","307EMar1808","COLONIALS 3     ","13","19","24","0","Kt","3","800","Kt","3","800","Kt","3","800","Kt","3","800","Mi","3","800","--","","","--","",""
"4001","307EMay1808","BRIGADE 1       ","23","20","26","0","Fg","0","800","Fg","0","800","Fg","0","800","Fg","0","800","Fg","0","800","La","7","800","La","7","800"
"4002","307EMay1808","BRIGADE 2       ","23","20","26","0","Fg","0","800","Fg","0","800","Fg","0","800","Fg","0","800","Fg","0","800","La","7","800","La","7","800"
"4003","307EMay1808","BRIGADE 3       ","23","20","26","0","Fg","0","800","Fg","0","800","Fg","0","800","Dr","8","800","Dr","8","800","La","7","800","La","7","800"
"4004","307EMay1808","BRIGADE 4       ","23","20","24","0","KL","7","800","KL","7","800","KL","7","800","KL","7","800","Pi","8","800","Mi","6","800","Mi","6","800"
"4005","307EMay1808","BRIGADE 5       ","23","20","24","0","Be","8","800","Ln","7","800","Ln","7","800","Ln","7","800","Ln","7","800","Pi","8","800","Mi","6","800"
"4006","307EMay1808","BRIGADE 6       ","13","19","32","0","Hh","0","800","Hh","0","800","Dr","8","800","lD","7","800","lD","7","800","lD","7","800","lD","7","800"
"4007","307EMay1808","BRIGADE 7       ","13","19","24","0","Be","8","800","Ln","7","800","Ln","7","800","Ln","7","800","Ln","7","800","Pi","8","800","Mi","6","800"
"4008","307EMay1808","GIBRALTAR GARDE "," 9","46","24","0","Be","8","800","Ln","7","800","Ln","7","800","Ln","7","800","Ln","7","800","Pi","8","800","Mi","6","800"
"4144","307EMay1808","MARINE-BRIG 1   ","17","91","32","0","Kt","6","800","Kt","6","800","Kt","6","800","Ca","4","800","Ca","4","800","Ca","4","800","Ca","4","800"
"4145","307EMay1808","COLONIAL-BRIG 1 ","G ","12","32","0","Ca","4","800","Ca","4","800","Ca","4","800","Mc","4","800","Mc","4","800","--","","","--","",""
"4146","307EMay1808","MARINE-BRIG 2   ","59","78","32","0","Kt","6","796","Kt","6","796","--","","","Ca","4","796","Ca","4","796","Ca","4","796","Ca","4","796"
"4147","307EMay1808","COLONIAL-BRIG 2 ","56","79","32","0","Ca","4","800","Ca","4","800","Ca","4","800","Cc","4","800","Cc","4","800","Kt","6","800","--","",""
"4148","307EMay1808","MARINE-BRIG 3   ","70","71","32","0","Kt","6","798","Kt","6","798","Ca","4","798","Ca","4","798","Ca","4","798","--","","","--","",""
"4149","307EMay1808","COLONIAL-BRIG 3 ","62","88","32","0","Ca","4","800","Ca","4","800","Cc","4","800","Cc","4","800","--","","","--","","","--","",""
"4150","307EMay1808","COLONIAL-BRIG 4 ","76","73","32","0","Ca","4","794","Ca","4","794","Kt","6","794","Mc","4","794","Kt","6","794","Ca","4","794","Ca","4","794"
"4151","307EMay1808","COLONIAL-BRIG 5 ","71","74","32","0","Ca","4","800","Ca","4","800","Ca","4","800","Ca","4","800","Ca","4","800","Cc","4","800","Cc","4","800"
"4152","307EMay1808","COLONIAL-BRIG 6 ","78","74","40","0","Mc","4","791","Cc","4","791","Cc","4","791","Cc","4","791","Cc","4","791","Cc","4","791","Cc","4","791"
"4216","307EMay1808","COLONIALS 1     ","G ","16","32","0","Kt","3","800","Kt","3","800","Kt","3","800","Kt","3","800","Kt","3","800","--","","","--","",""
"4230","307EMay1808","COLONIALS 2     ","G ","15","24","0","Kt","3","800","Mi","3","800","Mi","3","800","Mi","3","800","Mi","3","800","--","","","--","",""
"4245","307EMay1808","COLONIALS 3     ","13","19","32","0","Kt","3","800","Kt","3","800","Kt","3","800","Kt","3","800","--","","","--","","","--","",""
"4415","307EMay1808","COLONIALS       ","G ","25","32","0","Kt","3","800","Kt","3","800","Kt","3","800","Kt","3","800","Kt","3","800","--","","","--","",""
"4427","307EMay1808","COLONIALS       ","13","19","32","0","Kt","3","800","Kt","3","800","Kt","3","800","Kt","3","800","Kt","3","800","--","","","--","",""
"4438","307EMay1808","COLONIALS       ","G ","24","32","0","Kt","3","800","Kt","3","800","Kt","3","800","Kt","3","800","Kt","3","800","--","","","--","",""
"4494","307EMay1808","COLONIALS       ","13","19","24","0","Kt","3","800","Kt","3","800","Mi","3","800","Mi","3","800","Mi","3","800","--","","","--","",""
"4508","307EMay1808","COLONIALS       ","13","19","24","0","Kt","3","800","Kt","3","800","Mi","3","800","Mi","3","800","Mi","3","800","--","","","--","",""
"4522","307EMay1808","MILITIA         ","13","19","24","0","Mi","3","800","Mi","3","800","Mi","3","800","Mi","3","800","Mi","3","800","--","","","--","",""
"4536","307EMay1808","MILITIA         ","13","19","24","0","Mi","3","800","Mi","3","800","Mi","3","800","Mi","3","800","Mi","3","800","--","","","--","",""
"4001","307EMay1809","BRIGADE 1       ","13","19","26","63","Fg","1","797","Fg","0","797","Fg","1","797","Fg","0","797","Fg","0","797","La","7","797","La","7","797"
"4002","307EMay1809","BRIGADE 2       ","23","20","26","61","Fg","0","794","Fg","0","794","Fg","0","794","Fg","0","794","Fg","0","794","La","7","794","La","7","794"
"4003","307EMay1809","BRIGADE 3       ","23","20","26","61","Fg","0","800","Fg","0","800","Fg","0","800","Dr","8","800","Dr","8","800","La","7","800","La","7","800"
"4004","307EMay1809","BRIGADE 4       ","13","19","24","63","KL","7","797","KL","7","797","KL","7","797","KL","7","797","Pi","8","797","Mi","6","797","Mi","6","797"
"4005","307EMay1809","BRIGADE 5       ","13","19","24","63","Be","8","797","Ln","7","797","Ln","7","797","Ln","7","797","Ln","7","797","Pi","8","797","Mi","6","797"
"4006","307EMay1809","BRIGADE 6       ","13","19","32","62","Hh","0","52","Hh","0","52","Dr","8","0","lD","7","0","lD","7","0","lD","7","0","lD","7","0"
"4008","307EMay1809","GIBRALTAR GARDE ","13","19","24","62","Be","8","798","Ln","7","798","Ln","7","798","Ln","7","798","Ln","7","798","Pi","8","798","Mi","6","798"
"4015","307EMay1809","HIGHLANDER      ","23","20","32","61","Hi","3","800","Hi","3","800","Hi","3","800","Hi","3","800","Hi","3","800","Hi","3","800","Hi","3","800"
"4048","307EMay1809","HIGHLANDER      ","23","20","32","61","Hi","4","800","Hi","4","800","Hi","4","800","Hi","4","800","Hi","4","800","Hi","4","800","Hi","4","800"
"4144","307EMay1809","MARINE-BRIG 1   ","13","73","32","0","Kt","6","791","Kt","6","791","Kt","6","791","Ca","4","791","Ca","4","791","Ca","4","791","Ca","4","791"
"4145","307EMay1809","COLONIAL-BRIG 1 ","31","93","32","72","Ca","4","789","Ca","4","789","Ca","4","789","Mc","4","789","Mc","4","789","--","","","--","",""
"4146","307EMay1809","MARINE-BRIG 2   ","63","71","32","0","Kt","6","764","Kt","6","764","--","","","Ca","4","764","Ca","4","764","Ca","4","764","Ca","4","764"
"4147","307EMay1809","COLONIAL-BRIG 2 ","60","83","32","0","Kt","3","786","Ca","4","786","Ca","4","786","Cc","4","786","Cc","4","786","Kt","6","786","--","",""
"4148","307EMay1809","MARINE-BRIG 3   ","66","75","32","0","Kt","6","762","Kt","6","762","Ca","4","762","Ca","4","762","Ca","4","762","--","","","--","",""
"4149","307EMay1809","COLONIAL-BRIG 3 ","62","88","32","0","Ca","4","800","Ca","4","800","Cc","4","800","Cc","4","800","--","","","--","","","--","",""
"4150","307EMay1809","COLONIAL-BRIG 4 ","78","76","32","0","Ca","4","750","Ca","4","750","Kt","6","750","Mc","4","750","Kt","6","750","Ca","4","750","Ca","4","750"
"4151","307EMay1809","COLONIAL-BRIG 5 ","77","77","32","73","Ca","4","764","Ca","4","764","Ca","4","764","Ca","4","764","Ca","4","764","Cc","4","764","Cc","4","764"
"4152","307EMay1809","COLONIAL-BRIG 6 ","79","75","40","81","Mc","4","732","Cc","4","732","Cc","4","732","Cc","4","732","Cc","4","732","Cc","4","732","Cc","4","732"
"4216","307EMay1809","COLONIALS 1     ","12","73","32","0","Kt","3","792","Kt","3","792","Kt","3","792","Kt","3","792","Kt","3","792","--","","","--","",""
"4217","307EMay1809","HIGHLANDER      ","23","20","32","0","Hi","3","800","Hi","3","800","Hi","3","800","Hi","3","800","Hi","3","800","Hi","3","800","Hi","3","800"
"4230","307EMay1809","COLONIALS 2     ","56","79","24","0","Ca","4","800","Mi","3","800","Mi","3","800","Mi","3","800","Mi","3","800","--","","","--","",""
"4231","307EMay1809","HIGHLANDER MTD  ","13","19","32","63","Hi","5","797","Hi","5","797","Hi","6","797","Hi","5","797","Hi","5","797","Ma","6","797","Ma","5","797"
"4234","307EMay1809","HIGHLANDER      ","23","20","32","61","Hi","4","800","Hi","4","800","Hi","4","800","Hi","4","800","Hi","4","800","Hi","4","800","Hi","4","800"
"4245","307EMay1809","COLONIALS 3     ","82","79","32","0","Kt","4","786","Kt","4","786","Kt","4","786","Kt","4","786","--","","","--","","","--","",""
"4395","307EMay1809","HIGHLANDER      ","23","20","32","61","Hi","3","800","Hi","3","800","Hi","3","800","Hi","3","800","Hi","3","800","Hi","3","800","Hi","3","800"
"4415","307EMay1809","COLONIALS       ","63","80","32","0","Kt","3","775","Kt","3","775","Kt","3","775","Kt","3","775","Kt","3","775","--","","","--","",""
"4427","307EMay1809","COLONIALS       ","62","79","32","0","Kt","4","676","Kt","4","676","Kt","4","676","Kt","4","676","Kt","5","676","--","","","--","",""
"4438","307EMay1809","COLONIALS       ","80","77","32","0","Kt","3","769","Kt","3","769","Kt","3","769","Kt","3","769","Kt","3","769","--","","","--","",""
"4494","307EMay1809","COLONIALS       ","82","87","24","0","Kt","4","769","Kt","4","769","Mi","4","769","--","","","--","","","--","","","--","",""
"4508","307EMay1809","COLONIALS       ","86","94","24","0","Kt","4","788","Kt","4","788","--","","","--","","","Mi","4","788","--","","","--","",""
"4522","307EMay1809","MILITIA         ","37","13","24","65","Mi","4","757","Mi","4","755","Mi","4","757","Mi","4","753","Mi","4","756","Mi","4","753","Mi","4","756"
"4523","307EMay1809","BRAVEHEARTS     ","13","19","32","62","Hi","6","798","Hi","6","798","Hi","6","798","Hi","6","798","Hi","6","798","--","","","--","",""
"4536","307EMay1809","MILITIA         ","37","13","24","65","Mi","4","756","Mi","4","760","Mi","4","758","Mi","4","756","Mi","3","748","Mi","4","753","Mi","4","757"
"4582","307EMay1809","HIGHLANDER      ","23","20","32","0","Hi","3","800","Hi","3","800","Hi","3","800","Hi","3","800","Hi","3","800","Hi","3","800","Hi","3","800"
"4583","307EMay1809","BRAVEHEARTS     ","23","20","32","61","Hi","5","754","Hi","4","755","Hi","4","760","Hi","4","750","Hi","4","752","--","","","--","",""
"4593","307EMay1809","BRAVEHEARTS     ","23","20","32","61","Hi","4","762","Hi","4","753","Hi","4","753","Hi","4","757","Hi","4","762","--","","","--","",""
"4602","307EMay1809","BRAVEHEARTS     ","23","20","32","61","Hi","4","757","Hi","4","758","Hi","4","758","Hi","4","756","Hi","4","755","--","","","--","",""
"4611","307EMay1809","BRAVEHEARTS     ","23","20","32","61","Hi","4","757","Hi","4","754","Hi","4","754","Hi","4","757","Hi","4","754","--","","","--","",""
"4620","307EMay1809","BRAVEHEARTS     ","13","19","32","62","Hi","6","795","Hi","6","795","Hi","6","795","Hi","6","795","Hi","6","795","--","","","--","",""
"4647","307EMay1809","BRAVEHEARTS     ","G ","24","32","0","Hi","4","752","Hi","4","757","Hi","4","753","Hi","4","759","Hi","4","753","--","","","--","",""
"4656","307EMay1809","BRAVEHEARTS     ","G ","24","32","0","Hi","4","755","Hi","4","752","Hi","4","758","Hi","4","750","Hi","4","750","--","","","--","",""
"4665","307EMay1809","BRAVEHEARTS     ","G ","24","32","0","Hi","4","751","Hi","4","755","Hi","4","749","Hi","4","759","Hi","4","756","--","","","--","",""
"4674","307EMay1809","BRAVEHEARTS     ","G ","24","32","0","Hi","4","755","Hi","4","753","Hi","4","755","Hi","4","756","Hi","4","751","--","","","--","",""
"4701","307EMay1809","BRAVEHEARTS     ","23","20","32","61","Hi","6","794","Hi","6","794","Hi","6","794","Hi","6","794","Hi","6","794","--","","","--","",""
"4702","307EMay1809","DUE RUSSIANS!   ","13","19","24","63","Mi","3","797","Mi","3","797","Mi","3","797","Mi","3","797","Mi","3","797","--","","","--","",""
"4713","307EMay1809","BRAVEHEARTS     ","23","20","32","61","Hi","6","794","Hi","6","794","Hi","6","794","Hi","6","794","Hi","6","794","--","","","--","",""
"4778","307EMay1809","BRAVEHEARTS     ","13","19","32","62","Hi","6","798","Hi","6","798","Hi","6","798","Hi","6","798","Hi","6","798","--","","","--","",""
"4788","307EMay1809","BRAVEHEARTS     ","13","19","32","62","Hi","6","798","Hi","6","798","Hi","6","798","Hi","6","798","Hi","6","798","--","","","--","",""
"4797","307EMay1809","BRAVEHEARTS     ","13","19","32","62","Hi","6","798","Hi","6","798","Hi","6","798","Hi","6","798","Hi","6","798","--","","","--","",""
"4822","307EMay1809","BRAVEHEARTS     ","13","19","32","62","Hi","6","798","Hi","6","798","Hi","6","798","Hi","6","798","Hi","6","798","--","","","--","",""
"4833","307EMay1809","BRAVEHEARTS     ","13","19","32","62","Hi","6","800","Hi","6","800","Hi","6","800","Hi","6","800","Hi","6","800","--","","","--","",""
"4843","307EMay1809","BRAVEHEARTS     ","13","19","32","62","Hi","6","800","Hi","6","800","Hi","6","800","Hi","6","800","Hi","6","800","--","","","--","",""
"4852","307EMay1809","BRAVEHEARTS     ","13","19","32","62","Hi","6","800","Hi","6","800","Hi","6","800","Hi","6","800","Hi","6","800","--","","","--","",""
"4881","307EMay1809","HIGHLANDER      ","23","20","32","61","Hi","3","800","Hi","3","800","Hi","3","800","Hi","3","800","Hi","3","800","Hi","3","800","Hi","3","800"
"4917","307EMay1809","HIGHLANDER MTD  ","13","19","32","63","Hi","5","797","Hi","6","797","Hi","5","797","Hi","5","797","Hi","5","797","Ma","5","797","Ma","5","797"
"4927","307EMay1809","BRAVEHEARTS     ","13","19","32","63","Hi","5","797","Hi","5","797","Hi","6","797","Hi","5","797","Hi","5","797","Hi","7","797","Hi","5","797"
"4935","307EMay1809","BRAVEHEARTS     ","13","19","32","63","Hi","5","797","Hi","5","797","Hi","5","797","Hi","5","797","Hi","5","797","Hi","5","797","Hi","5","797"
"4943","307EMay1809","BRAVEHEARTS     ","13","19","32","63","Hi","5","797","Hi","5","797","Hi","5","797","Hi","5","797","Hi","5","797","Hi","5","797","Hi","5","797"
"4951","307EMay1809","BRAVEHEARTS     ","13","19","32","63","Hi","7","797","Hi","5","797","Hi","5","797","Hi","5","797","Hi","5","797","Hi","5","797","Hi","5","797"
"4958","307EMay1809","BRAVEHEARTS     ","13","19","32","63","Hi","5","797","Hi","5","797","Hi","5","797","Hi","6","797","Hi","5","797","Hi","5","797","Hi","5","797"
"4964","307EMay1809","BRAVEHEARTS     ","13","19","32","63","Hi","5","797","Hi","6","797","Hi","5","797","Hi","5","797","Hi","5","797","Hi","5","797","Hi","5","797"
"4974","307EMay1809","DUE RUSSIANS!   ","13","19","24","63","Mi","3","797","Mi","3","797","Mi","3","797","Mi","3","797","Mi","3","797","--","","","--","",""
"4982","307EMay1809","HIGHLANDER      ","23","20","32","0","Hi","3","800","Hi","3","800","Hi","3","800","Hi","3","800","Hi","3","800","Hi","3","800","Hi","3","800"
"4983","307EMay1809","DUE RUSSIANS!   ","13","19","24","63","Mi","3","797","Mi","3","797","Mi","3","797","Mi","3","797","Mi","3","797","--","","","--","",""
"4992","307EMay1809","DUE RUSSIANS!   ","13","19","24","63","Mi","3","797","Mi","3","797","Mi","3","797","Mi","3","797","Mi","3","797","--","","","--","",""
"5001","307EMay1809","DUE RUSSIANS!   ","13","19","24","63","Mi","3","797","Mi","3","797","Mi","3","797","Mi","3","797","Mi","3","797","--","","","--","",""
"5010","307EMay1809","DUE RUSSIANS!   ","13","19","24","63","Mi","3","797","Mi","3","797","Mi","3","797","Mi","3","797","Mi","4","797","--","","","--","",""
"5018","307EMay1809","DUE RUSSIANS!   ","13","19","24","63","Mi","4","797","Mi","5","797","Mi","4","797","Mi","4","797","Mi","4","797","--","","","--","",""
"5025","307EMay1809","DUE RUSSIANS!   ","13","19","24","63","Mi","4","797","Mi","4","797","Mi","4","797","Mi","4","797","Mi","5","797","--","","","--","",""
"5035","307EMay1809","HIGHLANDER      ","23","20","32","61","Hi","5","800","Hi","5","800","Hi","5","800","Hi","5","800","Hi","5","800","Hi","5","800","Hi","5","800"
"5046","307EMay1809","HIGHLANDER      ","23","20","32","61","Hi","5","800","Hi","5","800","Hi","5","800","Hi","5","800","Hi","5","800","Hi","5","800","Hi","5","800"
"5054","307EMay1809","HIGHLANDER      ","23","20","32","61","Hi","5","800","Hi","5","800","Hi","5","800","Hi","5","800","Hi","5","800","Hi","5","800","Hi","5","800"
"5062","307EMay1809","HIGHLANDER      ","23","20","32","61","Hi","5","800","Hi","5","800","Hi","5","800","Hi","5","800","Hi","5","800","Hi","5","800","Hi","5","800"
"4001","307ENov1808","BRIGADE 1       ","G ","15","26","0","Fg","0","797","Fg","0","797","Fg","0","797","Fg","0","797","Fg","0","797","La","7","797","La","7","797"
"4002","307ENov1808","BRIGADE 2       ","18","21","26","61","Fg","0","797","Fg","0","797","Fg","0","797","Fg","0","797","Fg","0","797","La","7","797","La","7","797"
"4003","307ENov1808","BRIGADE 3       ","23","20","26","0","Fg","0","800","Fg","0","800","Fg","0","800","Dr","8","800","Dr","8","800","La","7","800","La","7","800"
"4004","307ENov1808","BRIGADE 4       ","G ","24","24","0","KL","7","797","KL","7","797","KL","7","797","KL","7","797","Pi","8","797","Mi","6","797","Mi","6","797"
"4005","307ENov1808","BRIGADE 5       ","G ","24","24","0","Be","8","797","Ln","7","797","Ln","7","797","Ln","7","797","Ln","7","797","Pi","8","797","Mi","6","797"
"4006","307ENov1808","BRIGADE 6       ","13","19","32","62","Hh","0","52","Hh","0","52","Dr","8","0","lD","7","0","lD","7","0","lD","7","0","lD","7","0"
"4008","307ENov1808","GIBRALTAR GARDE ","18","21","24","0","Be","8","800","Ln","7","800","Ln","7","800","Ln","7","800","Ln","7","800","Pi","8","800","Mi","6","800"
"4144","307ENov1808","MARINE-BRIG 1   ","17","72","32","0","Kt","6","794","Kt","6","794","Kt","6","794","Ca","4","794","Ca","4","794","Ca","4","794","Ca","4","794"
"4145","307ENov1808","COLONIAL-BRIG 1 ","31","95","32","72","Ca","4","791","Ca","4","791","Ca","4","791","Mc","4","791","Mc","4","791","--","","","--","",""
"4146","307ENov1808","MARINE-BRIG 2   ","62","74","32","0","Kt","6","784","Kt","6","784","--","","","Ca","4","784","Ca","4","784","Ca","4","784","Ca","4","784"
"4147","307ENov1808","COLONIAL-BRIG 2 ","57","80","32","0","Kt","3","796","Ca","4","796","Ca","4","796","Cc","4","796","Cc","4","796","Kt","6","796","--","",""
"4148","307ENov1808","MARINE-BRIG 3   ","72","71","32","0","Kt","6","774","Kt","6","774","Ca","4","774","Ca","4","774","Ca","4","774","--","","","--","",""
"4149","307ENov1808","COLONIAL-BRIG 3 ","62","88","32","0","Ca","4","800","Ca","4","800","Cc","4","800","Cc","4","800","--","","","--","","","--","",""
"4150","307ENov1808","COLONIAL-BRIG 4 ","76","70","32","0","Ca","4","770","Ca","4","770","Kt","6","770","Mc","4","770","Kt","6","770","Ca","4","770","Ca","4","770"
"4151","307ENov1808","COLONIAL-BRIG 5 ","75","82","32","73","Ca","4","780","Ca","4","780","Ca","4","780","Ca","4","780","Ca","4","780","Cc","4","780","Cc","4","780"
"4152","307ENov1808","COLONIAL-BRIG 6 ","84","70","40","81","Mc","4","763","Cc","4","763","Cc","4","763","Cc","4","763","Cc","4","763","Cc","4","763","Cc","4","763"
"4216","307ENov1808","COLONIALS 1     ","31","95","32","72","Kt","3","794","Kt","3","794","Kt","3","794","Kt","3","794","Kt","3","794","--","","","--","",""
"4230","307ENov1808","COLONIALS 2     ","56","79","24","0","Ca","4","800","Mi","3","800","Mi","3","800","Mi","3","800","Mi","3","800","--","","","--","",""
"4245","307ENov1808","COLONIALS 3     ","83","77","32","0","Kt","4","798","Kt","4","798","Kt","4","798","Kt","4","798","--","","","--","","","--","",""
"4415","307ENov1808","COLONIALS       ","59","84","32","0","Kt","3","787","Kt","3","787","Kt","3","787","Kt","3","787","Kt","3","787","--","","","--","",""
"4427","307ENov1808","COLONIALS       ","66","77","32","0","Kt","4","795","Kt","4","795","Kt","4","795","Kt","4","795","Kt","4","795","--","","","--","",""
"4438","307ENov1808","COLONIALS       ","80","76","32","0","Kt","3","786","Kt","3","786","Kt","3","786","Kt","3","786","Kt","3","786","--","","","--","",""
"4494","307ENov1808","COLONIALS       ","83","86","24","0","Kt","4","792","Kt","4","792","Mi","4","792","--","","","--","","","--","","","--","",""
"4508","307ENov1808","COLONIALS       ","13","83","24","0","Kt","4","796","Kt","4","796","--","","","--","","","Mi","4","796","--","","","--","",""
"4522","307ENov1808","MILITIA         ","40","11","24","65","Mi","4","792","Mi","4","792","Mi","4","792","Mi","4","792","Mi","4","792","Mi","4","792","Mi","4","792"
"4523","307ENov1808","BRAVEHEARTS     ","18","21","32","0","Hi","4","800","Hi","4","800","Hi","4","800","Hi","4","800","Hi","4","800","--","","","--","",""
"4536","307ENov1808","MILITIA         ","40","11","24","65","Mi","4","792","Mi","4","792","Mi","4","792","Mi","4","792","Mi","3","792","Mi","4","792","Mi","4","792"
"4583","307ENov1808","BRAVEHEARTS     ","40","11","32","65","Hi","5","792","Hi","4","792","Hi","4","792","Hi","4","792","Hi","4","792","--","","","--","",""
"4593","307ENov1808","BRAVEHEARTS     ","40","11","32","65","Hi","4","792","Hi","4","792","Hi","4","792","Hi","4","792","Hi","4","792","--","","","--","",""
"4602","307ENov1808","BRAVEHEARTS     ","40","11","32","65","Hi","4","792","Hi","4","792","Hi","4","792","Hi","4","792","Hi","4","792","--","","","--","",""
"4611","307ENov1808","BRAVEHEARTS     ","40","11","32","65","Hi","4","792","Hi","4","792","Hi","4","792","Hi","4","792","Hi","4","792","--","","","--","",""
"4620","307ENov1808","BRAVEHEARTS     ","18","21","32","64","Hi","5","797","Hi","5","797","Hi","5","797","Hi","5","797","Hi","5","797","--","","","--","",""
"4647","307ENov1808","BRAVEHEARTS     ","40","11","32","65","Hi","4","792","Hi","4","792","Hi","4","792","Hi","4","792","Hi","4","792","--","","","--","",""
"4656","307ENov1808","BRAVEHEARTS     ","40","11","32","65","Hi","4","792","Hi","4","792","Hi","4","792","Hi","4","792","Hi","4","792","--","","","--","",""
"4665","307ENov1808","BRAVEHEARTS     ","40","11","32","65","Hi","4","792","Hi","4","792","Hi","4","792","Hi","4","792","Hi","4","792","--","","","--","",""
"4674","307ENov1808","BRAVEHEARTS     ","40","11","32","65","Hi","4","792","Hi","4","792","Hi","4","792","Hi","4","792","Hi","4","792","--","","","--","",""
"4701","307ENov1808","BRAVEHEARTS     ","18","21","32","64","Hi","4","797","Hi","4","797","Hi","4","797","Hi","4","797","Hi","4","797","--","","","--","",""
"4713","307ENov1808","BRAVEHEARTS     ","18","21","32","64","Hi","4","797","Hi","4","797","Hi","4","797","Hi","4","797","Hi","4","797","--","","","--","",""
"4778","307ENov1808","BRAVEHEARTS     ","18","21","32","0","Hi","4","800","Hi","4","800","Hi","4","800","Hi","4","800","Hi","4","800","--","","","--","",""
"4788","307ENov1808","BRAVEHEARTS     ","18","21","32","0","Hi","4","800","Hi","4","800","Hi","4","800","Hi","4","800","Hi","4","800","--","","","--","",""
"4797","307ENov1808","BRAVEHEARTS     ","18","21","32","0","Hi","4","800","Hi","4","800","Hi","4","800","Hi","4","800","Hi","4","800","--","","","--","",""
"4822","307ENov1808","BRAVEHEARTS     ","18","21","32","0","Hi","4","800","Hi","4","800","Hi","4","800","Hi","4","800","Hi","4","800","--","","","--","",""
"4833","307ENov1808","BRAVEHEARTS     ","18","21","32","0","Hi","4","800","Hi","4","800","Hi","4","800","Hi","4","800","Hi","4","800","--","","","--","",""
"4843","307ENov1808","BRAVEHEARTS     ","18","21","32","0","Hi","4","800","Hi","4","800","Hi","4","800","Hi","4","800","Hi","4","800","--","","","--","",""
"4852","307ENov1808","BRAVEHEARTS     ","18","21","32","0","Hi","4","800","Hi","4","800","Hi","4","800","Hi","4","800","Hi","4","800","--","","","--","",""
"4001","307ENov1809","BRIGADE 1       ","13","19","26","63","Fg","1","797","Fg","0","797","Fg","1","797","Fg","0","797","Fg","0","797","La","7","797","La","7","797"
"4002","307ENov1809","BRIGADE 2       ","G ","11","26","0","Fg","0","794","Fg","0","794","Fg","0","794","Fg","0","794","Fg","0","794","La","7","794","La","7","794"
"4003","307ENov1809","BRIGADE 3       ","G ","11","26","0","Fg","0","800","Fg","0","800","Fg","0","800","Dr","8","800","Dr","8","800","La","7","800","La","7","800"
"4004","307ENov1809","BRIGADE 4       ","G ","21","24","0","KL","7","797","KL","7","797","KL","7","797","KL","7","797","Pi","8","797","Mi","6","797","Mi","6","797"
"4005","307ENov1809","BRIGADE 5       ","13","19","24","63","Be","8","797","Ln","7","797","Ln","7","797","Ln","7","797","Ln","7","797","Pi","8","797","Mi","6","797"
"4006","307ENov1809","BRIGADE 6       ","13","19","32","62","Hh","0","52","Hh","0","52","Dr","8","0","lD","7","0","lD","7","0","lD","7","0","lD","7","0"
"4008","307ENov1809","GIBRALTAR GARDE ","G ","21","24","0","Be","8","798","Ln","7","798","Ln","7","798","Ln","7","798","Ln","7","798","Pi","8","798","Mi","6","798"
"4015","307ENov1809","HIGHLANDER      ","G ","11","32","0","Hi","7","800","Hi","7","800","Hi","7","800","Hi","7","800","Hi","7","800","Hi","7","800","Hi","7","800"
"4048","307ENov1809","HIGHLANDER      ","G ","11","32","0","Hi","7","800","Hi","7","800","Hi","7","800","Hi","7","800","Hi","7","800","Hi","7","800","Hi","7","800"
"4144","307ENov1809","MARINE-BRIG 1   ","G ","12","32","0","Kt","6","787","Kt","6","787","Kt","6","787","Ca","4","787","Ca","4","787","Ca","4","787","Ca","4","787"
"4145","307ENov1809","COLONIAL-BRIG 1 ","G ","25","32","0","Ca","4","789","Ca","4","789","Ca","4","789","Mc","4","789","Mc","4","789","--","","","--","",""
"4146","307ENov1809","MARINE-BRIG 2   ","64","70","32","0","Kt","6","749","Kt","6","749","--","","","Ca","4","749","Ca","4","749","Ca","4","749","Ca","4","749"
"4147","307ENov1809","COLONIAL-BRIG 2 ","58","87","32","0","Kt","3","778","Ca","4","778","Ca","4","778","Cc","4","778","Cc","4","778","Kt","6","778","--","",""
"4148","307ENov1809","MARINE-BRIG 3   ","66","71","32","0","Kt","6","754","Kt","6","754","Ca","4","754","Ca","4","754","Ca","4","754","--","","","--","",""
"4149","307ENov1809","COLONIAL-BRIG 3 ","62","88","32","0","Ca","4","800","Ca","4","800","Cc","4","800","Cc","4","800","--","","","--","","","--","",""
"4150","307ENov1809","COLONIAL-BRIG 4 ","80","73","32","0","Ca","4","740","Ca","4","740","Kt","6","740","Mc","4","740","Kt","6","740","Ca","4","740","Ca","4","740"
"4151","307ENov1809","COLONIAL-BRIG 5 ","79","73","32","73","Ca","4","746","Ca","4","746","Ca","4","746","Ca","4","746","Ca","4","746","Cc","4","746","Cc","4","746"
"4152","307ENov1809","COLONIAL-BRIG 6 ","74","73","40","81","Mc","4","702","Cc","4","702","Cc","4","702","Cc","4","702","Cc","4","702","Cc","4","702","Cc","4","702"
"4216","307ENov1809","COLONIALS 1     ","13","73","32","0","Kt","3","772","Kt","3","772","Kt","3","772","Kt","3","772","Kt","3","772","--","","","--","",""
"4217","307ENov1809","HIGHLANDER      ","G ","11","32","0","Hi","7","800","Hi","7","800","Hi","7","800","Hi","7","800","Hi","7","800","Hi","7","800","Hi","7","800"
"4230","307ENov1809","COLONIALS 2     ","56","79","24","0","Ca","4","800","Mi","3","800","Mi","3","800","Mi","3","800","Mi","3","800","--","","","--","",""
"4231","307ENov1809","HIGHLANDER MTD  ","13","19","32","63","Hi","7","797","Hi","7","797","Hi","7","797","Hi","7","797","Hi","7","797","Ma","8","797","Ma","8","797"
"4234","307ENov1809","HIGHLANDER      ","G ","11","32","0","Hi","7","800","Hi","7","800","Hi","7","800","Hi","7","800","Hi","7","800","Hi","7","800","Hi","7","800"
"4245","307ENov1809","COLONIALS 3     ","85","71","32","0","Kt","4","776","Kt","4","776","Kt","4","776","Kt","4","776","--","","","--","","","--","",""
"4395","307ENov1809","HIGHLANDER      ","G ","11","32","0","Hi","7","800","Hi","7","800","Hi","7","800","Hi","7","800","Hi","7","800","Hi","7","800","Hi","7","800"
"4415","307ENov1809","COLONIALS       ","59","79","32","0","Kt","3","752","Kt","3","752","Kt","3","752","Kt","3","752","Kt","3","752","--","","","--","",""
"4427","307ENov1809","COLONIALS       ","60","77","32","0","Kt","4","657","Kt","4","657","Kt","4","657","Kt","4","657","Kt","5","657","--","","","--","",""
"4438","307ENov1809","COLONIALS       ","85","72","32","0","Kt","3","757","Kt","3","757","Kt","3","757","Kt","3","757","Kt","3","757","--","","","--","",""
"4452","307ENov1809","BEARS           ","23","20","26","0","Be","4","800","Be","4","800","Be","4","800","Be","4","800","Be","4","800","Be","4","800","Be","4","800"
"4494","307ENov1809","COLONIALS       ","81","87","24","0","Kt","4","762","Kt","4","762","Mi","4","762","--","","","--","","","--","","","--","",""
"4508","307ENov1809","COLONIALS       ","85","94","24","0","Kt","4","761","Kt","4","761","--","","","--","","","Mi","4","761","--","","","--","",""
"4522","307ENov1809","MILITIA         ","37","13","24","65","Mi","4","757","Mi","4","755","Mi","4","757","Mi","4","753","Mi","4","756","Mi","4","753","Mi","4","756"
"4523","307ENov1809","BRAVEHEARTS     ","34","17","32","66","Hi","7","798","Hi","7","798","Hi","7","798","Hi","7","798","Hi","7","798","--","","","--","",""
"4536","307ENov1809","MILITIA         ","37","13","24","65","Mi","4","756","Mi","4","760","Mi","4","758","Mi","4","756","Mi","3","748","Mi","4","753","Mi","4","757"
"4556","307ENov1809","BEARS           ","23","20","26","61","Be","5","800","Be","5","800","Be","5","800","Be","5","800","Be","5","800","Be","5","800","Be","5","800"
"4582","307ENov1809","HIGHLANDER      ","G ","11","32","0","Hi","7","800","Hi","7","800","Hi","7","800","Hi","7","800","Hi","7","800","Hi","7","800","Hi","7","800"
"4583","307ENov1809","BRAVEHEARTS     ","23","20","32","61","Hi","7","754","Hi","7","755","Hi","7","760","Hi","7","750","Hi","7","752","--","","","--","",""
"4593","307ENov1809","BRAVEHEARTS     ","23","20","32","61","Hi","7","762","Hi","7","753","Hi","7","753","Hi","7","757","Hi","7","762","--","","","--","",""
"4602","307ENov1809","BRAVEHEARTS     ","23","20","32","61","Hi","7","757","Hi","7","758","Hi","7","758","Hi","7","756","Hi","7","755","--","","","--","",""
"4611","307ENov1809","BRAVEHEARTS     ","23","20","32","61","Hi","7","757","Hi","7","754","Hi","7","754","Hi","7","757","Hi","7","754","--","","","--","",""
"4620","307ENov1809","BRAVEHEARTS     ","34","17","32","66","Hi","7","795","Hi","7","795","Hi","7","795","Hi","7","795","Hi","7","795","--","","","--","",""
"4647","307ENov1809","BRAVEHEARTS     ","34","17","32","66","Hi","4","750","Hi","4","755","Hi","4","751","Hi","4","757","Hi","4","751","--","","","--","",""
"4656","307ENov1809","BRAVEHEARTS     ","34","17","32","66","Hi","4","753","Hi","4","750","Hi","4","756","Hi","4","749","Hi","4","749","--","","","--","",""
"4665","307ENov1809","BRAVEHEARTS     ","34","17","32","66","Hi","4","749","Hi","4","753","Hi","4","748","Hi","4","757","Hi","4","754","--","","","--","",""
"4674","307ENov1809","BRAVEHEARTS     ","34","17","32","66","Hi","4","753","Hi","4","751","Hi","4","753","Hi","4","754","Hi","4","749","--","","","--","",""
"4701","307ENov1809","BRAVEHEARTS     ","23","20","32","61","Hi","7","794","Hi","7","794","Hi","7","794","Hi","7","794","Hi","7","794","--","","","--","",""
"4702","307ENov1809","DUE RUSSIANS!   ","13","19","24","63","Mi","6","797","Mi","6","797","Mi","6","797","Mi","6","797","Mi","6","797","--","","","--","",""
"4713","307ENov1809","BRAVEHEARTS     ","23","20","32","61","Hi","7","794","Hi","7","794","Hi","7","794","Hi","7","794","Hi","7","794","--","","","--","",""
"4750","307ENov1809","BEARS           ","23","20","26","61","Be","5","800","Be","5","800","Be","5","800","Be","5","800","Be","5","800","Be","5","800","Be","5","800"
"4778","307ENov1809","BRAVEHEARTS     ","34","17","32","66","Hi","7","798","Hi","7","798","Hi","7","798","Hi","7","798","Hi","7","798","--","","","--","",""
"4788","307ENov1809","BRAVEHEARTS     ","G ","21","32","0","Hi","7","798","Hi","7","798","Hi","7","798","Hi","7","798","Hi","7","798","--","","","--","",""
"4797","307ENov1809","BRAVEHEARTS     ","34","17","32","66","Hi","7","798","Hi","7","798","Hi","7","798","Hi","7","798","Hi","7","798","--","","","--","",""
"4822","307ENov1809","BRAVEHEARTS     ","34","17","32","0","Hi","7","798","Hi","7","798","Hi","7","798","Hi","7","798","Hi","7","798","--","","","--","",""
"4833","307ENov1809","BRAVEHEARTS     ","34","17","32","66","Hi","7","800","Hi","7","800","Hi","7","800","Hi","7","800","Hi","7","800","--","","","--","",""
"4843","307ENov1809","BRAVEHEARTS     ","34","17","32","0","Hi","7","800","Hi","7","800","Hi","7","800","Hi","7","800","Hi","7","800","--","","","--","",""
"4852","307ENov1809","BRAVEHEARTS     ","34","17","32","0","Hi","7","800","Hi","7","800","Hi","7","800","Hi","7","800","Hi","7","800","--","","","--","",""
"4881","307ENov1809","HIGHLANDER      ","G ","11","32","0","Hi","7","800","Hi","7","800","Hi","7","800","Hi","7","800","Hi","7","800","Hi","7","800","Hi","7","800"
"4917","307ENov1809","HIGHLANDER MTD  ","13","19","32","63","Hi","7","797","Hi","7","797","Hi","7","797","Hi","7","797","Hi","7","797","Ma","8","797","Ma","8","797"
"4927","307ENov1809","BRAVEHEARTS     ","34","17","32","0","Hi","6","797","Hi","6","797","Hi","7","797","Hi","6","797","Hi","6","797","Hi","7","797","Hi","6","797"
"4935","307ENov1809","BRAVEHEARTS     ","34","17","32","0","Hi","6","797","Hi","6","797","Hi","6","797","Hi","6","797","Hi","6","797","Hi","6","797","Hi","6","797"
"4943","307ENov1809","BRAVEHEARTS     ","13","19","32","63","Hi","7","797","Hi","7","797","Hi","7","797","Hi","7","797","Hi","7","797","Hi","7","797","Hi","7","797"
"4951","307ENov1809","BRAVEHEARTS     ","13","19","32","63","Hi","7","797","Hi","7","797","Hi","7","797","Hi","7","797","Hi","7","797","Hi","7","797","Hi","7","797"
"4958","307ENov1809","BRAVEHEARTS     ","13","19","32","63","Hi","7","797","Hi","7","797","Hi","7","797","Hi","7","797","Hi","7","797","Hi","7","797","Hi","7","797"
"4964","307ENov1809","BRAVEHEARTS     ","13","19","32","63","Hi","7","797","Hi","7","797","Hi","7","797","Hi","7","797","Hi","7","797","Hi","7","797","Hi","7","797"
"4974","307ENov1809","DUE RUSSIANS!   ","13","19","24","63","Mi","6","797","Mi","6","797","Mi","6","797","Mi","6","797","Mi","6","797","--","","","--","",""
"4982","307ENov1809","HIGHLANDER      ","G ","11","32","0","Hi","7","800","Hi","7","800","Hi","7","800","Hi","7","800","Hi","7","800","Hi","7","800","Hi","7","800"
"4983","307ENov1809","DUE RUSSIANS!   ","13","19","24","63","Mi","6","797","Mi","6","797","Mi","6","797","Mi","6","797","Mi","6","797","--","","","--","",""
"4992","307ENov1809","DUE RUSSIANS!   ","13","19","24","63","Mi","6","797","Mi","6","797","Mi","6","797","Mi","6","797","Mi","6","797","--","","","--","",""
"5001","307ENov1809","DUE RUSSIANS!   ","13","19","24","63","Mi","6","797","Mi","6","797","Mi","6","797","Mi","6","797","Mi","6","797","--","","","--","",""
"5010","307ENov1809","DUE RUSSIANS!   ","13","19","24","63","Mi","6","797","Mi","6","797","Mi","6","797","Mi","6","797","Mi","6","797","--","","","--","",""
"5018","307ENov1809","DUE RUSSIANS!   ","13","19","24","63","Mi","6","797","Mi","6","797","Mi","6","797","Mi","6","797","Mi","6","797","--","","","--","",""
"5025","307ENov1809","DUE RUSSIANS!   ","13","19","24","63","Mi","6","797","Mi","6","797","Mi","6","797","Mi","6","797","Mi","6","797","--","","","--","",""
"5035","307ENov1809","HIGHLANDER      ","23","20","32","61","Hi","7","800","Hi","7","800","Hi","7","800","Hi","7","800","Hi","7","800","Hi","7","800","Hi","7","800"
"5046","307ENov1809","HIGHLANDER      ","23","20","32","61","Hi","7","800","Hi","7","800","Hi","7","800","Hi","7","800","Hi","7","800","Hi","7","800","Hi","7","800"
"5054","307ENov1809","HIGHLANDER      ","23","20","32","61","Hi","7","800","Hi","7","800","Hi","7","800","Hi","7","800","Hi","7","800","Hi","7","800","Hi","7","800"
"5062","307ENov1809","HIGHLANDER      ","23","20","32","61","Hi","7","800","Hi","7","800","Hi","7","800","Hi","7","800","Hi","7","800","Hi","7","800","Hi","7","800"
"5109","307ENov1809","BEARS           ","23","20","26","61","Be","5","800","Be","5","800","Be","5","800","Be","5","800","Be","5","800","Be","5","800","Be","5","800"
"5177","307ENov1809","BEARS           ","23","20","26","61","Be","5","800","Be","5","800","Be","5","800","Be","5","800","Be","5","800","Be","5","800","Be","5","800"
"5183","307ENov1809","BEARS           ","23","20","26","61","Be","5","800","Be","5","800","Be","5","800","Be","5","800","Be","5","800","Be","5","800","Be","5","800"
"5189","307ENov1809","BEARS           ","23","20","26","61","Be","5","800","Be","5","800","Be","5","800","Be","5","800","Be","5","800","Be","5","800","Be","5","800"
"5194","307ENov1809","BEARS           ","23","20","26","61","Be","5","800","Be","5","800","Be","5","800","Be","5","800","Be","5","800","Be","5","800","Be","5","800"
"5198","307ENov1809","BEARS           ","23","20","26","61","Be","5","800","Be","5","800","Be","5","800","Be","5","800","Be","5","800","Be","5","800","Be","5","800"
"5207","307ENov1809","BEARS           ","23","20","26","61","Be","5","800","Be","5","800","Be","5","800","Be","5","800","Be","5","800","Be","5","800","Be","5","800"
"5214","307ENov1809","BEARS           ","23","20","26","61","Be","5","800","Be","5","800","Be","5","800","Be","5","800","Be","5","800","Be","5","800","Be","5","800"
"5238","307ENov1809","BEARS           ","23","20","26","61","Be","4","800","Be","4","800","Be","4","800","Be","4","800","Be","4","800","Be","4","800","Be","4","800"
"5249","307ENov1809","BEARS           ","23","20","26","61","Be","4","800","Be","4","800","Be","4","800","Be","4","800","Be","4","800","Be","4","800","Be","4","800"
"5260","307ENov1809","BEARS           ","23","20","26","61","Be","4","800","Be","4","800","Be","4","800","Be","4","800","Be","4","800","Be","4","800","Be","4","800"
"5290","307ENov1809","BEARS           ","23","20","26","61","Be","3","800","Be","3","800","Be","3","800","Be","3","800","Be","3","800","Be","3","800","Be","3","800"
"5296","307ENov1809","BEARS           ","23","20","26","61","Be","3","800","Be","3","800","Be","3","800","Be","3","800","Be","3","800","Be","3","800","Be","3","800"
"5302","307ENov1809","BEARS           ","23","20","26","61","Be","3","800","Be","3","800","Be","3","800","Be","3","800","Be","3","800","Be","3","800","Be","3","800"
"5323","307ENov1809","BEARS           ","23","20","26","0","Be","3","800","Be","3","800","Be","3","800","Be","3","800","Be","3","800","Be","3","800","Be","3","800"
"5329","307ENov1809","BEARS           ","23","20","26","0","Be","3","800","Be","3","800","Be","3","800","Be","3","800","Be","3","800","Be","3","800","Be","3","800"
"5335","307ENov1809","BEARS           ","23","20","26","0","Be","3","800","Be","3","800","Be","3","800","Be","3","800","Be","3","800","Be","3","800","Be","3","800"
"5341","307ENov1809","BEARS           ","23","20","26","0","Be","3","800","Be","3","800","Be","3","800","Be","3","800","Be","3","800","Be","3","800","Be","3","800"
"4001","307EOct1808","BRIGADE 1       ","23","20","26","0","Fg","0","800","Fg","0","800","Fg","0","800","Fg","0","800","Fg","0","800","La","7","800","La","7","800"
"4002","307EOct1808","BRIGADE 2       ","23","20","26","0","Fg","0","800","Fg","0","800","Fg","0","800","Fg","0","800","Fg","0","800","La","7","800","La","7","800"
"4003","307EOct1808","BRIGADE 3       ","23","20","26","0","Fg","0","800","Fg","0","800","Fg","0","800","Dr","8","800","Dr","8","800","La","7","800","La","7","800"
"4004","307EOct1808","BRIGADE 4       ","23","20","24","0","KL","7","800","KL","7","800","KL","7","800","KL","7","800","Pi","8","800","Mi","6","800","Mi","6","800"
"4005","307EOct1808","BRIGADE 5       ","23","20","24","0","Be","8","800","Ln","7","800","Ln","7","800","Ln","7","800","Ln","7","800","Pi","8","800","Mi","6","800"
"4006","307EOct1808","BRIGADE 6       ","13","19","32","62","Hh","0","800","Hh","0","800","Dr","8","800","lD","7","800","lD","7","800","lD","7","800","lD","7","800"
"4007","307EOct1808","BRIGADE 7       ","13","19","24","62","Be","8","800","Ln","7","800","Ln","7","800","Ln","7","800","Ln","7","800","Pi","8","800","Mi","6","800"
"4008","307EOct1808","GIBRALTAR GARDE ","18","21","24","0","Be","8","800","Ln","7","800","Ln","7","800","Ln","7","800","Ln","7","800","Pi","8","800","Mi","6","800"
"4144","307EOct1808","MARINE-BRIG 1   ","16","72","32","0","Kt","6","796","Kt","6","796","Kt","6","796","Ca","4","796","Ca","4","796","Ca","4","796","Ca","4","796"
"4145","307EOct1808","COLONIAL-BRIG 1 ","30","93","32","72","Ca","4","795","Ca","4","795","Ca","4","795","Mc","4","795","Mc","4","795","--","","","--","",""
"4146","307EOct1808","MARINE-BRIG 2   ","62","75","32","0","Kt","6","786","Kt","6","786","--","","","Ca","4","786","Ca","4","786","Ca","4","786","Ca","4","786"
"4147","307EOct1808","COLONIAL-BRIG 2 ","57","79","32","0","Kt","3","797","Ca","4","797","Ca","4","797","Cc","4","797","Cc","4","797","Kt","6","797","--","",""
"4148","307EOct1808","MARINE-BRIG 3   ","73","70","32","0","Kt","6","776","Kt","6","776","Ca","4","776","Ca","4","776","Ca","4","776","--","","","--","",""
"4149","307EOct1808","COLONIAL-BRIG 3 ","62","88","32","0","Ca","4","800","Ca","4","800","Cc","4","800","Cc","4","800","--","","","--","","","--","",""
"4150","307EOct1808","COLONIAL-BRIG 4 ","77","70","32","0","Ca","4","772","Ca","4","772","Kt","6","772","Mc","4","772","Kt","6","772","Ca","4","772","Ca","4","772"
"4151","307EOct1808","COLONIAL-BRIG 5 ","74","80","32","73","Ca","4","782","Ca","4","782","Ca","4","782","Ca","4","782","Ca","4","782","Cc","4","782","Cc","4","782"
"4152","307EOct1808","COLONIAL-BRIG 6 ","84","72","40","81","Mc","4","766","Cc","4","766","Cc","4","766","Cc","4","766","Cc","4","766","Cc","4","766","Cc","4","766"
"4216","307EOct1808","COLONIALS 1     ","30","93","32","72","Kt","3","798","Kt","3","798","Kt","3","798","Kt","3","798","Kt","3","798","--","","","--","",""
"4230","307EOct1808","COLONIALS 2     ","56","79","24","0","Ca","4","800","Mi","3","800","Mi","3","800","Mi","3","800","Mi","3","800","--","","","--","",""
"4245","307EOct1808","COLONIALS 3     ","83","76","32","0","Kt","4","800","Kt","4","800","Kt","4","800","Kt","4","800","--","","","--","","","--","",""
"4415","307EOct1808","COLONIALS       ","61","84","32","0","Kt","3","792","Kt","3","792","Kt","3","792","Kt","3","792","Kt","3","792","--","","","--","",""
"4427","307EOct1808","COLONIALS       ","67","75","32","0","Kt","4","798","Kt","4","798","Kt","4","798","Kt","4","798","Kt","4","798","--","","","--","",""
"4438","307EOct1808","COLONIALS       ","79","77","32","0","Kt","3","791","Kt","3","791","Kt","3","791","Kt","3","791","Kt","3","791","--","","","--","",""
"4494","307EOct1808","COLONIALS       ","83","86","24","0","Kt","4","800","Kt","4","800","Mi","4","800","--","","","--","","","--","","","--","",""
"4508","307EOct1808","COLONIALS       ","14","83","24","0","Kt","4","797","Kt","4","797","--","","","--","","","Mi","4","797","--","","","--","",""
"4522","307EOct1808","MILITIA         ","41","14","24","65","Mi","4","797","Mi","4","797","Mi","4","797","Mi","4","797","Mi","4","797","Mi","4","797","Mi","4","797"
"4523","307EOct1808","BRAVEHEARTS     ","18","21","32","0","Hi","3","800","Hi","3","800","Hi","3","800","Hi","3","800","Hi","3","800","--","","","--","",""
"4536","307EOct1808","MILITIA         ","41","14","24","65","Mi","4","797","Mi","4","797","Mi","4","797","Mi","4","797","Mi","3","797","Mi","4","797","Mi","4","797"
"4583","307EOct1808","BRAVEHEARTS     ","41","14","32","65","Hi","5","797","Hi","4","797","Hi","4","797","Hi","4","797","Hi","4","797","--","","","--","",""
"4593","307EOct1808","BRAVEHEARTS     ","41","14","32","65","Hi","4","797","Hi","4","797","Hi","4","797","Hi","4","797","Hi","4","797","--","","","--","",""
"4602","307EOct1808","BRAVEHEARTS     ","41","14","32","65","Hi","4","797","Hi","4","797","Hi","4","797","Hi","4","797","Hi","4","797","--","","","--","",""
"4611","307EOct1808","BRAVEHEARTS     ","41","14","32","65","Hi","4","797","Hi","4","797","Hi","4","797","Hi","4","797","Hi","4","797","--","","","--","",""
"4620","307EOct1808","BRAVEHEARTS     ","23","20","32","64","Hi","4","800","Hi","4","800","Hi","4","800","Hi","4","800","Hi","4","800","--","","","--","",""
"4647","307EOct1808","BRAVEHEARTS     ","41","14","32","65","Hi","4","797","Hi","4","797","Hi","4","797","Hi","4","797","Hi","4","797","--","","","--","",""
"4656","307EOct1808","BRAVEHEARTS     ","41","14","32","65","Hi","4","797","Hi","4","797","Hi","4","797","Hi","4","797","Hi","4","797","--","","","--","",""
"4665","307EOct1808","BRAVEHEARTS     ","41","14","32","65","Hi","4","797","Hi","4","797","Hi","4","797","Hi","4","797","Hi","4","797","--","","","--","",""
"4674","307EOct1808","BRAVEHEARTS     ","41","14","32","65","Hi","4","797","Hi","4","797","Hi","4","797","Hi","4","797","Hi","4","797","--","","","--","",""
"4683","307EOct1808","SIEGE MASTERS   ","13","19","24","0","Mi","5","800","Mi","5","800","Mi","5","800","Ha","5","800","Ha","5","800","--","","","--","",""
"4701","307EOct1808","BRAVEHEARTS     ","23","20","32","64","Hi","3","800","Hi","3","800","Hi","3","800","Hi","3","800","Hi","3","800","--","","","--","",""
"4713","307EOct1808","BRAVEHEARTS     ","23","20","32","64","Hi","3","800","Hi","3","800","Hi","3","800","Hi","3","800","Hi","3","800","--","","","--","",""
"4725","307EOct1808","BRAVEHEARTS     ","13","19","32","62","Hi","4","800","Hi","4","800","Hi","4","800","Hi","4","800","Hi","4","800","--","","","--","",""
"4737","307EOct1808","BRAVEHEARTS     ","13","19","32","62","Hi","4","800","Hi","4","800","Hi","4","800","Hi","4","800","Hi","4","800","--","","","--","",""
"4749","307EOct1808","BRAVEHEARTS     ","13","19","32","62","Hi","4","800","Hi","4","800","Hi","4","800","Hi","4","800","Hi","4","800","--","","","--","",""
"4778","307EOct1808","BRAVEHEARTS     ","18","21","32","0","Hi","3","800","Hi","3","800","Hi","3","800","Hi","3","800","Hi","3","800","--","","","--","",""
"4788","307EOct1808","BRAVEHEARTS     ","18","21","32","0","Hi","3","800","Hi","3","800","Hi","3","800","Hi","3","800","Hi","3","800","--","","","--","",""
"4797","307EOct1808","BRAVEHEARTS     ","18","21","32","0","Hi","3","800","Hi","3","800","Hi","3","800","Hi","3","800","Hi","3","800","--","","","--","",""
"4822","307EOct1808","BRAVEHEARTS     ","18","21","32","0","Hi","3","800","Hi","3","800","Hi","3","800","Hi","3","800","Hi","3","800","--","","","--","",""
"4833","307EOct1808","BRAVEHEARTS     ","18","21","32","0","Hi","3","800","Hi","3","800","Hi","3","800","Hi","3","800","Hi","3","800","--","","","--","",""
"4843","307EOct1808","BRAVEHEARTS     ","18","21","32","0","Hi","3","800","Hi","3","800","Hi","3","800","Hi","3","800","Hi","3","800","--","","","--","",""
"4852","307EOct1808","BRAVEHEARTS     ","18","21","32","0","Hi","3","800","Hi","3","800","Hi","3","800","Hi","3","800","Hi","3","800","--","","","--","",""
"4860","307EOct1808","COLONIALS       ","13","19","32","0","Kt","3","800","Kt","3","800","Kt","3","800","Kt","3","800","Kt","3","800","--","","","--","",""
"4001","307EOct1809","BRIGADE 1       ","13","19","26","63","Fg","1","797","Fg","0","797","Fg","1","797","Fg","0","797","Fg","0","797","La","7","797","La","7","797"
"4002","307EOct1809","BRIGADE 2       ","23","20","26","61","Fg","0","794","Fg","0","794","Fg","0","794","Fg","0","794","Fg","0","794","La","7","794","La","7","794"
"4003","307EOct1809","BRIGADE 3       ","23","20","26","61","Fg","0","800","Fg","0","800","Fg","0","800","Dr","8","800","Dr","8","800","La","7","800","La","7","800"
"4004","307EOct1809","BRIGADE 4       ","13","19","24","63","KL","7","797","KL","7","797","KL","7","797","KL","7","797","Pi","8","797","Mi","6","797","Mi","6","797"
"4005","307EOct1809","BRIGADE 5       ","13","19","24","63","Be","8","797","Ln","7","797","Ln","7","797","Ln","7","797","Ln","7","797","Pi","8","797","Mi","6","797"
"4006","307EOct1809","BRIGADE 6       ","13","19","32","62","Hh","0","52","Hh","0","52","Dr","8","0","lD","7","0","lD","7","0","lD","7","0","lD","7","0"
"4008","307EOct1809","GIBRALTAR GARDE ","13","19","24","62","Be","8","798","Ln","7","798","Ln","7","798","Ln","7","798","Ln","7","798","Pi","8","798","Mi","6","798"
"4015","307EOct1809","HIGHLANDER      ","23","20","32","61","Hi","7","800","Hi","7","800","Hi","7","800","Hi","7","800","Hi","7","800","Hi","7","800","Hi","7","800"
"4048","307EOct1809","HIGHLANDER      ","23","20","32","61","Hi","7","800","Hi","7","800","Hi","7","800","Hi","7","800","Hi","7","800","Hi","7","800","Hi","7","800"
"4144","307EOct1809","MARINE-BRIG 1   ","G ","12","32","0","Kt","6","787","Kt","6","787","Kt","6","787","Ca","4","787","Ca","4","787","Ca","4","787","Ca","4","787"
"4145","307EOct1809","COLONIAL-BRIG 1 ","G ","25","32","0","Ca","4","789","Ca","4","789","Ca","4","789","Mc","4","789","Mc","4","789","--","","","--","",""
"4146","307EOct1809","MARINE-BRIG 2   ","64","71","32","0","Kt","6","755","Kt","6","755","--","","","Ca","4","755","Ca","4","755","Ca","4","755","Ca","4","755"
"4147","307EOct1809","COLONIAL-BRIG 2 ","58","88","32","0","Kt","3","779","Ca","4","779","Ca","4","779","Cc","4","779","Cc","4","779","Kt","6","779","--","",""
"4148","307EOct1809","MARINE-BRIG 3   ","65","71","32","0","Kt","6","755","Kt","6","755","Ca","4","755","Ca","4","755","Ca","4","755","--","","","--","",""
"4149","307EOct1809","COLONIAL-BRIG 3 ","62","88","32","0","Ca","4","800","Ca","4","800","Cc","4","800","Cc","4","800","--","","","--","","","--","",""
"4150","307EOct1809","COLONIAL-BRIG 4 ","79","74","32","0","Ca","4","741","Ca","4","741","Kt","6","741","Mc","4","741","Kt","6","741","Ca","4","741","Ca","4","741"
"4151","307EOct1809","COLONIAL-BRIG 5 ","78","74","32","73","Ca","4","749","Ca","4","749","Ca","4","749","Ca","4","749","Ca","4","749","Cc","4","749","Cc","4","749"
"4152","307EOct1809","COLONIAL-BRIG 6 ","72","72","40","81","Mc","4","705","Cc","4","705","Cc","4","705","Cc","4","705","Cc","4","705","Cc","4","705","Cc","4","705"
"4216","307EOct1809","COLONIALS 1     ","10","72","32","0","Kt","3","774","Kt","3","774","Kt","3","774","Kt","3","774","Kt","3","774","--","","","--","",""
"4217","307EOct1809","HIGHLANDER      ","23","20","32","61","Hi","7","800","Hi","7","800","Hi","7","800","Hi","7","800","Hi","7","800","Hi","7","800","Hi","7","800"
"4230","307EOct1809","COLONIALS 2     ","56","79","24","0","Ca","4","800","Mi","3","800","Mi","3","800","Mi","3","800","Mi","3","800","--","","","--","",""
"4231","307EOct1809","HIGHLANDER MTD  ","13","19","32","63","Hi","7","797","Hi","7","797","Hi","7","797","Hi","7","797","Hi","7","797","Ma","8","797","Ma","8","797"
"4234","307EOct1809","HIGHLANDER      ","23","20","32","61","Hi","7","800","Hi","7","800","Hi","7","800","Hi","7","800","Hi","7","800","Hi","7","800","Hi","7","800"
"4245","307EOct1809","COLONIALS 3     ","84","71","32","0","Kt","4","777","Kt","4","777","Kt","4","777","Kt","4","777","--","","","--","","","--","",""
"4395","307EOct1809","HIGHLANDER      ","23","20","32","61","Hi","7","800","Hi","7","800","Hi","7","800","Hi","7","800","Hi","7","800","Hi","7","800","Hi","7","800"
"4415","307EOct1809","COLONIALS       ","59","81","32","0","Kt","3","756","Kt","3","756","Kt","3","756","Kt","3","756","Kt","3","756","--","","","--","",""
"4427","307EOct1809","COLONIALS       ","63","74","32","0","Kt","4","659","Kt","4","659","Kt","4","659","Kt","4","659","Kt","5","659","--","","","--","",""
"4438","307EOct1809","COLONIALS       ","83","73","32","0","Kt","3","758","Kt","3","758","Kt","3","758","Kt","3","758","Kt","3","758","--","","","--","",""
"4452","307EOct1809","BEARS           ","23","20","26","0","Be","4","800","Be","4","800","Be","4","800","Be","4","800","Be","4","800","Be","4","800","Be","4","800"
"4494","307EOct1809","COLONIALS       ","G ","27","24","0","Kt","4","762","Kt","4","762","Mi","4","762","--","","","--","","","--","","","--","",""
"4508","307EOct1809","COLONIALS       ","85","93","24","0","Kt","4","769","Kt","4","769","--","","","--","","","Mi","4","769","--","","","--","",""
"4522","307EOct1809","MILITIA         ","37","13","24","65","Mi","4","757","Mi","4","755","Mi","4","757","Mi","4","753","Mi","4","756","Mi","4","753","Mi","4","756"
"4523","307EOct1809","BRAVEHEARTS     ","34","17","32","0","Hi","7","798","Hi","7","798","Hi","7","798","Hi","7","798","Hi","7","798","--","","","--","",""
"4536","307EOct1809","MILITIA         ","37","13","24","65","Mi","4","756","Mi","4","760","Mi","4","758","Mi","4","756","Mi","3","748","Mi","4","753","Mi","4","757"
"4556","307EOct1809","BEARS           ","23","20","26","61","Be","5","800","Be","5","800","Be","5","800","Be","5","800","Be","5","800","Be","5","800","Be","5","800"
"4582","307EOct1809","HIGHLANDER      ","23","20","32","61","Hi","7","800","Hi","7","800","Hi","7","800","Hi","7","800","Hi","7","800","Hi","7","800","Hi","7","800"
"4583","307EOct1809","BRAVEHEARTS     ","23","20","32","61","Hi","7","754","Hi","7","755","Hi","7","760","Hi","7","750","Hi","7","752","--","","","--","",""
"4593","307EOct1809","BRAVEHEARTS     ","23","20","32","61","Hi","7","762","Hi","7","753","Hi","7","753","Hi","7","757","Hi","7","762","--","","","--","",""
"4602","307EOct1809","BRAVEHEARTS     ","23","20","32","61","Hi","7","757","Hi","7","758","Hi","7","758","Hi","7","756","Hi","7","755","--","","","--","",""
"4611","307EOct1809","BRAVEHEARTS     ","23","20","32","61","Hi","7","757","Hi","7","754","Hi","7","754","Hi","7","757","Hi","7","754","--","","","--","",""
"4620","307EOct1809","BRAVEHEARTS     ","34","17","32","0","Hi","7","795","Hi","7","795","Hi","7","795","Hi","7","795","Hi","7","795","--","","","--","",""
"4647","307EOct1809","BRAVEHEARTS     ","34","17","32","0","Hi","4","750","Hi","4","755","Hi","4","751","Hi","4","757","Hi","4","751","--","","","--","",""
"4656","307EOct1809","BRAVEHEARTS     ","34","17","32","0","Hi","4","753","Hi","4","750","Hi","4","756","Hi","4","749","Hi","4","749","--","","","--","",""
"4665","307EOct1809","BRAVEHEARTS     ","34","17","32","0","Hi","4","749","Hi","4","753","Hi","4","748","Hi","4","757","Hi","4","754","--","","","--","",""
"4674","307EOct1809","BRAVEHEARTS     ","34","17","32","0","Hi","4","753","Hi","4","751","Hi","4","753","Hi","4","754","Hi","4","749","--","","","--","",""
"4701","307EOct1809","BRAVEHEARTS     ","23","20","32","61","Hi","7","794","Hi","7","794","Hi","7","794","Hi","7","794","Hi","7","794","--","","","--","",""
"4702","307EOct1809","DUE RUSSIANS!   ","13","19","24","63","Mi","6","797","Mi","6","797","Mi","6","797","Mi","6","797","Mi","6","797","--","","","--","",""
"4713","307EOct1809","BRAVEHEARTS     ","23","20","32","61","Hi","7","794","Hi","7","794","Hi","7","794","Hi","7","794","Hi","7","794","--","","","--","",""
"4750","307EOct1809","BEARS           ","23","20","26","61","Be","5","800","Be","5","800","Be","5","800","Be","5","800","Be","5","800","Be","5","800","Be","5","800"
"4778","307EOct1809","BRAVEHEARTS     ","34","17","32","0","Hi","7","798","Hi","7","798","Hi","7","798","Hi","7","798","Hi","7","798","--","","","--","",""
"4788","307EOct1809","BRAVEHEARTS     ","13","19","32","62","Hi","7","798","Hi","7","798","Hi","7","798","Hi","7","798","Hi","7","798","--","","","--","",""
"4797","307EOct1809","BRAVEHEARTS     ","34","17","32","0","Hi","7","798","Hi","7","798","Hi","7","798","Hi","7","798","Hi","7","798","--","","","--","",""
"4822","307EOct1809","BRAVEHEARTS     ","34","17","32","0","Hi","7","798","Hi","7","798","Hi","7","798","Hi","7","798","Hi","7","798","--","","","--","",""
"4833","307EOct1809","BRAVEHEARTS     ","34","17","32","0","Hi","7","800","Hi","7","800","Hi","7","800","Hi","7","800","Hi","7","800","--","","","--","",""
"4843","307EOct1809","BRAVEHEARTS     ","34","17","32","0","Hi","7","800","Hi","7","800","Hi","7","800","Hi","7","800","Hi","7","800","--","","","--","",""
"4852","307EOct1809","BRAVEHEARTS     ","34","17","32","0","Hi","7","800","Hi","7","800","Hi","7","800","Hi","7","800","Hi","7","800","--","","","--","",""
"4881","307EOct1809","HIGHLANDER      ","23","20","32","61","Hi","7","800","Hi","7","800","Hi","7","800","Hi","7","800","Hi","7","800","Hi","7","800","Hi","7","800"
"4917","307EOct1809","HIGHLANDER MTD  ","13","19","32","63","Hi","7","797","Hi","7","797","Hi","7","797","Hi","7","797","Hi","7","797","Ma","8","797","Ma","8","797"
"4927","307EOct1809","BRAVEHEARTS     ","34","17","32","0","Hi","6","797","Hi","6","797","Hi","7","797","Hi","6","797","Hi","6","797","Hi","7","797","Hi","6","797"
"4935","307EOct1809","BRAVEHEARTS     ","34","17","32","0","Hi","6","797","Hi","6","797","Hi","6","797","Hi","6","797","Hi","6","797","Hi","6","797","Hi","6","797"
"4943","307EOct1809","BRAVEHEARTS     ","13","19","32","63","Hi","7","797","Hi","7","797","Hi","7","797","Hi","7","797","Hi","7","797","Hi","7","797","Hi","7","797"
"4951","307EOct1809","BRAVEHEARTS     ","13","19","32","63","Hi","7","797","Hi","7","797","Hi","7","797","Hi","7","797","Hi","7","797","Hi","7","797","Hi","7","797"
"4958","307EOct1809","BRAVEHEARTS     ","13","19","32","63","Hi","7","797","Hi","7","797","Hi","7","797","Hi","7","797","Hi","7","797","Hi","7","797","Hi","7","797"
"4964","307EOct1809","BRAVEHEARTS     ","13","19","32","63","Hi","7","797","Hi","7","797","Hi","7","797","Hi","7","797","Hi","7","797","Hi","7","797","Hi","7","797"
"4974","307EOct1809","DUE RUSSIANS!   ","13","19","24","63","Mi","6","797","Mi","6","797","Mi","6","797","Mi","6","797","Mi","6","797","--","","","--","",""
"4982","307EOct1809","HIGHLANDER      ","23","20","32","61","Hi","7","800","Hi","7","800","Hi","7","800","Hi","7","800","Hi","7","800","Hi","7","800","Hi","7","800"
"4983","307EOct1809","DUE RUSSIANS!   ","13","19","24","63","Mi","6","797","Mi","6","797","Mi","6","797","Mi","6","797","Mi","6","797","--","","","--","",""
"4992","307EOct1809","DUE RUSSIANS!   ","13","19","24","63","Mi","6","797","Mi","6","797","Mi","6","797","Mi","6","797","Mi","6","797","--","","","--","",""
"5001","307EOct1809","DUE RUSSIANS!   ","13","19","24","63","Mi","6","797","Mi","6","797","Mi","6","797","Mi","6","797","Mi","6","797","--","","","--","",""
"5010","307EOct1809","DUE RUSSIANS!   ","13","19","24","63","Mi","6","797","Mi","6","797","Mi","6","797","Mi","6","797","Mi","6","797","--","","","--","",""
"5018","307EOct1809","DUE RUSSIANS!   ","13","19","24","63","Mi","6","797","Mi","6","797","Mi","6","797","Mi","6","797","Mi","6","797","--","","","--","",""
"5025","307EOct1809","DUE RUSSIANS!   ","13","19","24","63","Mi","6","797","Mi","6","797","Mi","6","797","Mi","6","797","Mi","6","797","--","","","--","",""
"5035","307EOct1809","HIGHLANDER      ","23","20","32","61","Hi","7","800","Hi","7","800","Hi","7","800","Hi","7","800","Hi","7","800","Hi","7","800","Hi","7","800"
"5046","307EOct1809","HIGHLANDER      ","23","20","32","61","Hi","7","800","Hi","7","800","Hi","7","800","Hi","7","800","Hi","7","800","Hi","7","800","Hi","7","800"
"5054","307EOct1809","HIGHLANDER      ","23","20","32","61","Hi","7","800","Hi","7","800","Hi","7","800","Hi","7","800","Hi","7","800","Hi","7","800","Hi","7","800"
"5062","307EOct1809","HIGHLANDER      ","23","20","32","61","Hi","7","800","Hi","7","800","Hi","7","800","Hi","7","800","Hi","7","800","Hi","7","800","Hi","7","800"
"5109","307EOct1809","BEARS           ","23","20","26","61","Be","5","800","Be","5","800","Be","5","800","Be","5","800","Be","5","800","Be","5","800","Be","5","800"
"5177","307EOct1809","BEARS           ","23","20","26","61","Be","5","800","Be","5","800","Be","5","800","Be","5","800","Be","5","800","Be","5","800","Be","5","800"
"5183","307EOct1809","BEARS           ","23","20","26","61","Be","5","800","Be","5","800","Be","5","800","Be","5","800","Be","5","800","Be","5","800","Be","5","800"
"5189","307EOct1809","BEARS           ","23","20","26","61","Be","5","800","Be","5","800","Be","5","800","Be","5","800","Be","5","800","Be","5","800","Be","5","800"
"5194","307EOct1809","BEARS           ","23","20","26","61","Be","5","800","Be","5","800","Be","5","800","Be","5","800","Be","5","800","Be","5","800","Be","5","800"
"5198","307EOct1809","BEARS           ","23","20","26","61","Be","5","800","Be","5","800","Be","5","800","Be","5","800","Be","5","800","Be","5","800","Be","5","800"
"5207","307EOct1809","BEARS           ","23","20","26","61","Be","5","800","Be","5","800","Be","5","800","Be","5","800","Be","5","800","Be","5","800","Be","5","800"
"5214","307EOct1809","BEARS           ","23","20","26","61","Be","5","800","Be","5","800","Be","5","800","Be","5","800","Be","5","800","Be","5","800","Be","5","800"
"5238","307EOct1809","BEARS           ","23","20","26","0","Be","4","800","Be","4","800","Be","4","800","Be","4","800","Be","4","800","Be","4","800","Be","4","800"
"5249","307EOct1809","BEARS           ","23","20","26","0","Be","4","800","Be","4","800","Be","4","800","Be","4","800","Be","4","800","Be","4","800","Be","4","800"
"5260","307EOct1809","BEARS           ","23","20","26","0","Be","4","800","Be","4","800","Be","4","800","Be","4","800","Be","4","800","Be","4","800","Be","4","800"
"5290","307EOct1809","BEARS           ","23","20","26","0","Be","3","800","Be","3","800","Be","3","800","Be","3","800","Be","3","800","Be","3","800","Be","3","800"
"5296","307EOct1809","BEARS           ","23","20","26","0","Be","3","800","Be","3","800","Be","3","800","Be","3","800","Be","3","800","Be","3","800","Be","3","800"
"5302","307EOct1809","BEARS           ","23","20","26","0","Be","3","800","Be","3","800","Be","3","800","Be","3","800","Be","3","800","Be","3","800","Be","3","800"
"4001","307ESep1808","BRIGADE 1       ","23","20","26","0","Fg","0","800","Fg","0","800","Fg","0","800","Fg","0","800","Fg","0","800","La","7","800","La","7","800"
"4002","307ESep1808","BRIGADE 2       ","23","20","26","0","Fg","0","800","Fg","0","800","Fg","0","800","Fg","0","800","Fg","0","800","La","7","800","La","7","800"
"4003","307ESep1808","BRIGADE 3       ","23","20","26","0","Fg","0","800","Fg","0","800","Fg","0","800","Dr","8","800","Dr","8","800","La","7","800","La","7","800"
"4004","307ESep1808","BRIGADE 4       ","23","20","24","0","KL","7","800","KL","7","800","KL","7","800","KL","7","800","Pi","8","800","Mi","6","800","Mi","6","800"
"4005","307ESep1808","BRIGADE 5       ","23","20","24","0","Be","8","800","Ln","7","800","Ln","7","800","Ln","7","800","Ln","7","800","Pi","8","800","Mi","6","800"
"4006","307ESep1808","BRIGADE 6       ","13","19","32","63","Hh","0","800","Hh","0","800","Dr","8","800","lD","7","800","lD","7","800","lD","7","800","lD","7","800"
"4007","307ESep1808","BRIGADE 7       ","13","19","24","63","Be","8","800","Ln","7","800","Ln","7","800","Ln","7","800","Ln","7","800","Pi","8","800","Mi","6","800"
"4008","307ESep1808","GIBRALTAR GARDE ","18","21","24","0","Be","8","800","Ln","7","800","Ln","7","800","Ln","7","800","Ln","7","800","Pi","8","800","Mi","6","800"
"4144","307ESep1808","MARINE-BRIG 1   ","16","72","32","0","Kt","6","797","Kt","6","797","Kt","6","797","Ca","4","797","Ca","4","797","Ca","4","797","Ca","4","797"
"4145","307ESep1808","COLONIAL-BRIG 1 ","30","93","32","61","Ca","4","795","Ca","4","795","Ca","4","795","Mc","4","795","Mc","4","795","--","","","--","",""
"4146","307ESep1808","MARINE-BRIG 2   ","62","76","32","0","Kt","6","788","Kt","6","788","--","","","Ca","4","788","Ca","4","788","Ca","4","788","Ca","4","788"
"4147","307ESep1808","COLONIAL-BRIG 2 ","56","77","32","0","Kt","3","798","Ca","4","798","Ca","4","798","Cc","4","798","Cc","4","798","Kt","6","798","--","",""
"4148","307ESep1808","MARINE-BRIG 3   ","72","70","32","0","Kt","6","778","Kt","6","778","Ca","4","778","Ca","4","778","Ca","4","778","--","","","--","",""
"4149","307ESep1808","COLONIAL-BRIG 3 ","62","88","32","0","Ca","4","800","Ca","4","800","Cc","4","800","Cc","4","800","--","","","--","","","--","",""
"4150","307ESep1808","COLONIAL-BRIG 4 ","78","71","32","0","Ca","4","778","Ca","4","778","Kt","6","778","Mc","4","778","Kt","6","778","Ca","4","778","Ca","4","778"
"4151","307ESep1808","COLONIAL-BRIG 5 ","74","78","32","73","Ca","4","791","Ca","4","791","Ca","4","791","Ca","4","791","Ca","4","791","Cc","4","791","Cc","4","791"
"4152","307ESep1808","COLONIAL-BRIG 6 ","83","74","40","81","Mc","4","768","Cc","4","768","Cc","4","768","Cc","4","768","Cc","4","768","Cc","4","768","Cc","4","768"
"4216","307ESep1808","COLONIALS 1     ","30","93","32","61","Kt","3","798","Kt","3","798","Kt","3","798","Kt","3","798","Kt","3","798","--","","","--","",""
"4230","307ESep1808","COLONIALS 2     ","56","79","24","0","Ca","4","800","Mi","3","800","Mi","3","800","Mi","3","800","Mi","3","800","--","","","--","",""
"4245","307ESep1808","COLONIALS 3     ","83","76","32","0","Kt","4","800","Kt","4","800","Kt","4","800","Kt","4","800","--","","","--","","","--","",""
"4415","307ESep1808","COLONIALS       ","60","85","32","0","Kt","3","794","Kt","3","794","Kt","3","794","Kt","3","794","Kt","3","794","--","","","--","",""
"4427","307ESep1808","COLONIALS       ","67","75","32","0","Kt","4","800","Kt","4","800","Kt","4","800","Kt","4","800","Kt","4","800","--","","","--","",""
"4438","307ESep1808","COLONIALS       ","78","78","32","0","Kt","3","793","Kt","3","793","Kt","3","793","Kt","3","793","Kt","3","793","--","","","--","",""
"4494","307ESep1808","COLONIALS       ","G ","27","24","0","Kt","4","800","Kt","4","800","Mi","4","800","--","","","--","","","--","","","--","",""
"4508","307ESep1808","COLONIALS       ","13","84","24","0","Kt","4","798","Kt","4","798","--","","","--","","","Mi","4","798","--","","","--","",""
"4522","307ESep1808","MILITIA         ","39","15","24","0","Mi","4","800","Mi","4","800","Mi","4","800","Mi","4","800","Mi","4","800","Mi","4","800","Mi","4","800"
"4523","307ESep1808","BRAVEHEARTS     ","18","21","32","0","Hi","3","800","Hi","3","800","Hi","3","800","Hi","3","800","Hi","3","800","--","","","--","",""
"4536","307ESep1808","MILITIA         ","39","15","24","0","Mi","4","800","Mi","4","800","Mi","4","800","Mi","4","800","Mi","3","800","Mi","4","800","Mi","4","800"
"4583","307ESep1808","BRAVEHEARTS     ","39","15","32","0","Hi","5","800","Hi","4","800","Hi","4","800","Hi","4","800","Hi","4","800","--","","","--","",""
"4593","307ESep1808","BRAVEHEARTS     ","39","15","32","0","Hi","4","800","Hi","4","800","Hi","4","800","Hi","4","800","Hi","4","800","--","","","--","",""
"4602","307ESep1808","BRAVEHEARTS     ","39","15","32","0","Hi","4","800","Hi","4","800","Hi","4","800","Hi","4","800","Hi","4","800","--","","","--","",""
"4611","307ESep1808","BRAVEHEARTS     ","39","15","32","0","Hi","4","800","Hi","4","800","Hi","4","800","Hi","4","800","Hi","4","800","--","","","--","",""
"4620","307ESep1808","BRAVEHEARTS     ","23","20","32","72","Hi","4","800","Hi","4","800","Hi","4","800","Hi","4","800","Hi","4","800","--","","","--","",""
"4647","307ESep1808","BRAVEHEARTS     ","39","15","32","0","Hi","4","800","Hi","4","800","Hi","4","800","Hi","4","800","Hi","4","800","--","","","--","",""
"4656","307ESep1808","BRAVEHEARTS     ","39","15","32","0","Hi","4","800","Hi","4","800","Hi","4","800","Hi","4","800","Hi","4","800","--","","","--","",""
"4665","307ESep1808","BRAVEHEARTS     ","39","15","32","0","Hi","4","800","Hi","4","800","Hi","4","800","Hi","4","800","Hi","4","800","--","","","--","",""
"4674","307ESep1808","BRAVEHEARTS     ","39","15","32","0","Hi","4","800","Hi","4","800","Hi","4","800","Hi","4","800","Hi","4","800","--","","","--","",""
"4683","307ESep1808","SIEGE MASTERS   ","13","19","24","0","Mi","5","800","Mi","5","800","Mi","5","800","Ha","5","800","Ha","5","800","--","","","--","",""
"4701","307ESep1808","BRAVEHEARTS     ","23","20","32","64","Hi","3","800","Hi","3","800","Hi","3","800","Hi","3","800","Hi","3","800","--","","","--","",""
"4713","307ESep1808","BRAVEHEARTS     ","23","20","32","64","Hi","3","800","Hi","3","800","Hi","3","800","Hi","3","800","Hi","3","800","--","","","--","",""
"4725","307ESep1808","BRAVEHEARTS     ","13","19","32","62","Hi","3","800","Hi","3","800","Hi","3","800","Hi","3","800","Hi","3","800","--","","","--","",""
"4737","307ESep1808","BRAVEHEARTS     ","13","19","32","62","Hi","3","800","Hi","3","800","Hi","3","800","Hi","3","800","Hi","3","800","--","","","--","",""
"4749","307ESep1808","BRAVEHEARTS     ","13","19","32","62","Hi","3","800","Hi","3","800","Hi","3","800","Hi","3","800","Hi","3","800","--","","","--","",""
"4778","307ESep1808","BRAVEHEARTS     ","18","21","32","0","Hi","3","800","Hi","3","800","Hi","3","800","Hi","3","800","Hi","3","800","--","","","--","",""
"4788","307ESep1808","BRAVEHEARTS     ","18","21","32","0","Hi","3","800","Hi","3","800","Hi","3","800","Hi","3","800","Hi","3","800","--","","","--","",""
"4797","307ESep1808","BRAVEHEARTS     ","18","21","32","0","Hi","3","800","Hi","3","800","Hi","3","800","Hi","3","800","Hi","3","800","--","","","--","",""
"4001","307ESep1809","BRIGADE 1       ","13","19","26","63","Fg","1","797","Fg","0","797","Fg","1","797","Fg","0","797","Fg","0","797","La","7","797","La","7","797"
"4002","307ESep1809","BRIGADE 2       ","23","20","26","61","Fg","0","794","Fg","0","794","Fg","0","794","Fg","0","794","Fg","0","794","La","7","794","La","7","794"
"4003","307ESep1809","BRIGADE 3       ","23","20","26","61","Fg","0","800","Fg","0","800","Fg","0","800","Dr","8","800","Dr","8","800","La","7","800","La","7","800"
"4004","307ESep1809","BRIGADE 4       ","13","19","24","63","KL","7","797","KL","7","797","KL","7","797","KL","7","797","Pi","8","797","Mi","6","797","Mi","6","797"
"4005","307ESep1809","BRIGADE 5       ","13","19","24","63","Be","8","797","Ln","7","797","Ln","7","797","Ln","7","797","Ln","7","797","Pi","8","797","Mi","6","797"
"4006","307ESep1809","BRIGADE 6       ","13","19","32","62","Hh","0","52","Hh","0","52","Dr","8","0","lD","7","0","lD","7","0","lD","7","0","lD","7","0"
"4008","307ESep1809","GIBRALTAR GARDE ","13","19","24","62","Be","8","798","Ln","7","798","Ln","7","798","Ln","7","798","Ln","7","798","Pi","8","798","Mi","6","798"
"4015","307ESep1809","HIGHLANDER      ","23","20","32","61","Hi","7","800","Hi","7","800","Hi","7","800","Hi","7","800","Hi","7","800","Hi","7","800","Hi","7","800"
"4048","307ESep1809","HIGHLANDER      ","23","20","32","61","Hi","7","800","Hi","7","800","Hi","7","800","Hi","7","800","Hi","7","800","Hi","7","800","Hi","7","800"
"4144","307ESep1809","MARINE-BRIG 1   ","29","77","32","0","Kt","6","788","Kt","6","788","Kt","6","788","Ca","4","788","Ca","4","788","Ca","4","788","Ca","4","788"
"4145","307ESep1809","COLONIAL-BRIG 1 ","G ","25","32","0","Ca","4","789","Ca","4","789","Ca","4","789","Mc","4","789","Mc","4","789","--","","","--","",""
"4146","307ESep1809","MARINE-BRIG 2   ","64","73","32","0","Kt","6","758","Kt","6","758","--","","","Ca","4","758","Ca","4","758","Ca","4","758","Ca","4","758"
"4147","307ESep1809","COLONIAL-BRIG 2 ","59","88","32","0","Kt","3","780","Ca","4","780","Ca","4","780","Cc","4","780","Cc","4","780","Kt","6","780","--","",""
"4148","307ESep1809","MARINE-BRIG 3   ","65","72","32","0","Kt","6","757","Kt","6","757","Ca","4","757","Ca","4","757","Ca","4","757","--","","","--","",""
"4149","307ESep1809","COLONIAL-BRIG 3 ","62","88","32","0","Ca","4","800","Ca","4","800","Cc","4","800","Cc","4","800","--","","","--","","","--","",""
"4150","307ESep1809","COLONIAL-BRIG 4 ","77","74","32","0","Ca","4","743","Ca","4","743","Kt","6","743","Mc","4","743","Kt","6","743","Ca","4","743","Ca","4","743"
"4151","307ESep1809","COLONIAL-BRIG 5 ","76","74","32","73","Ca","4","751","Ca","4","751","Ca","4","751","Ca","4","751","Ca","4","751","Cc","4","751","Cc","4","751"
"4152","307ESep1809","COLONIAL-BRIG 6 ","74","70","40","81","Mc","4","707","Cc","4","707","Cc","4","707","Cc","4","707","Cc","4","707","Cc","4","707","Cc","4","707"
"4216","307ESep1809","COLONIALS 1     ","10","73","32","0","Kt","3","775","Kt","3","775","Kt","3","775","Kt","3","775","Kt","3","775","--","","","--","",""
"4217","307ESep1809","HIGHLANDER      ","23","20","32","61","Hi","6","800","Hi","6","800","Hi","6","800","Hi","6","800","Hi","6","800","Hi","6","800","Hi","6","800"
"4230","307ESep1809","COLONIALS 2     ","56","79","24","0","Ca","4","800","Mi","3","800","Mi","3","800","Mi","3","800","Mi","3","800","--","","","--","",""
"4231","307ESep1809","HIGHLANDER MTD  ","13","19","32","63","Hi","7","797","Hi","7","797","Hi","7","797","Hi","7","797","Hi","7","797","Ma","8","797","Ma","8","797"
"4234","307ESep1809","HIGHLANDER      ","23","20","32","61","Hi","7","800","Hi","7","800","Hi","7","800","Hi","7","800","Hi","7","800","Hi","7","800","Hi","7","800"
"4245","307ESep1809","COLONIALS 3     ","84","73","32","0","Kt","4","778","Kt","4","778","Kt","4","778","Kt","4","778","--","","","--","","","--","",""
"4395","307ESep1809","HIGHLANDER      ","23","20","32","61","Hi","7","800","Hi","7","800","Hi","7","800","Hi","7","800","Hi","7","800","Hi","7","800","Hi","7","800"
"4415","307ESep1809","COLONIALS       ","60","81","32","0","Kt","3","758","Kt","3","758","Kt","3","758","Kt","3","758","Kt","3","758","--","","","--","",""
"4427","307ESep1809","COLONIALS       ","64","75","32","0","Kt","4","662","Kt","4","662","Kt","4","662","Kt","4","662","Kt","5","662","--","","","--","",""
"4438","307ESep1809","COLONIALS       ","80","73","32","0","Kt","3","761","Kt","3","761","Kt","3","761","Kt","3","761","Kt","3","761","--","","","--","",""
"4452","307ESep1809","BEARS           ","23","20","26","0","Be","3","800","Be","3","800","Be","3","800","Be","3","800","Be","3","800","Be","3","800","Be","3","800"
"4494","307ESep1809","COLONIALS       ","80","86","24","0","Kt","4","765","Kt","4","765","Mi","4","765","--","","","--","","","--","","","--","",""
"4508","307ESep1809","COLONIALS       ","85","92","24","0","Kt","4","772","Kt","4","772","--","","","--","","","Mi","4","772","--","","","--","",""
"4522","307ESep1809","MILITIA         ","37","13","24","65","Mi","4","757","Mi","4","755","Mi","4","757","Mi","4","753","Mi","4","756","Mi","4","753","Mi","4","756"
"4523","307ESep1809","BRAVEHEARTS     ","G ","11","32","0","Hi","7","798","Hi","7","798","Hi","7","798","Hi","7","798","Hi","7","798","--","","","--","",""
"4536","307ESep1809","MILITIA         ","37","13","24","65","Mi","4","756","Mi","4","760","Mi","4","758","Mi","4","756","Mi","3","748","Mi","4","753","Mi","4","757"
"4556","307ESep1809","BEARS           ","23","20","26","61","Be","4","800","Be","4","800","Be","4","800","Be","4","800","Be","4","800","Be","4","800","Be","4","800"
"4582","307ESep1809","HIGHLANDER      ","23","20","32","61","Hi","6","800","Hi","6","800","Hi","6","800","Hi","6","800","Hi","6","800","Hi","6","800","Hi","6","800"
"4583","307ESep1809","BRAVEHEARTS     ","23","20","32","61","Hi","7","754","Hi","7","755","Hi","7","760","Hi","7","750","Hi","7","752","--","","","--","",""
"4593","307ESep1809","BRAVEHEARTS     ","23","20","32","61","Hi","7","762","Hi","7","753","Hi","7","753","Hi","7","757","Hi","7","762","--","","","--","",""
"4602","307ESep1809","BRAVEHEARTS     ","23","20","32","61","Hi","7","757","Hi","7","758","Hi","7","758","Hi","7","756","Hi","7","755","--","","","--","",""
"4611","307ESep1809","BRAVEHEARTS     ","23","20","32","61","Hi","7","757","Hi","7","754","Hi","7","754","Hi","7","757","Hi","7","754","--","","","--","",""
"4620","307ESep1809","BRAVEHEARTS     ","G ","11","32","0","Hi","7","795","Hi","7","795","Hi","7","795","Hi","7","795","Hi","7","795","--","","","--","",""
"4647","307ESep1809","BRAVEHEARTS     ","G ","24","32","0","Hi","4","750","Hi","4","755","Hi","4","751","Hi","4","757","Hi","4","751","--","","","--","",""
"4656","307ESep1809","BRAVEHEARTS     ","G ","24","32","0","Hi","4","753","Hi","4","750","Hi","4","756","Hi","4","749","Hi","4","749","--","","","--","",""
"4665","307ESep1809","BRAVEHEARTS     ","G ","24","32","0","Hi","4","749","Hi","4","753","Hi","4","748","Hi","4","757","Hi","4","754","--","","","--","",""
"4674","307ESep1809","BRAVEHEARTS     ","G ","24","32","0","Hi","4","753","Hi","4","751","Hi","4","753","Hi","4","754","Hi","4","749","--","","","--","",""
"4701","307ESep1809","BRAVEHEARTS     ","23","20","32","61","Hi","7","794","Hi","7","794","Hi","7","794","Hi","7","794","Hi","7","794","--","","","--","",""
"4702","307ESep1809","DUE RUSSIANS!   ","13","19","24","63","Mi","6","797","Mi","6","797","Mi","6","797","Mi","6","797","Mi","6","797","--","","","--","",""
"4713","307ESep1809","BRAVEHEARTS     ","23","20","32","61","Hi","7","794","Hi","7","794","Hi","7","794","Hi","7","794","Hi","7","794","--","","","--","",""
"4750","307ESep1809","BEARS           ","23","20","26","61","Be","4","800","Be","4","800","Be","4","800","Be","4","800","Be","4","800","Be","4","800","Be","4","800"
"4778","307ESep1809","BRAVEHEARTS     ","G ","11","32","0","Hi","7","798","Hi","7","798","Hi","7","798","Hi","7","798","Hi","7","798","--","","","--","",""
"4788","307ESep1809","BRAVEHEARTS     ","13","19","32","62","Hi","7","798","Hi","7","798","Hi","7","798","Hi","7","798","Hi","7","798","--","","","--","",""
"4797","307ESep1809","BRAVEHEARTS     ","G ","11","32","0","Hi","7","798","Hi","7","798","Hi","7","798","Hi","7","798","Hi","7","798","--","","","--","",""
"4822","307ESep1809","BRAVEHEARTS     ","G ","11","32","0","Hi","7","798","Hi","7","798","Hi","7","798","Hi","7","798","Hi","7","798","--","","","--","",""
"4833","307ESep1809","BRAVEHEARTS     ","G ","11","32","0","Hi","7","800","Hi","7","800","Hi","7","800","Hi","7","800","Hi","7","800","--","","","--","",""
"4843","307ESep1809","BRAVEHEARTS     ","G ","11","32","0","Hi","7","800","Hi","7","800","Hi","7","800","Hi","7","800","Hi","7","800","--","","","--","",""
"4852","307ESep1809","BRAVEHEARTS     ","G ","11","32","0","Hi","7","800","Hi","7","800","Hi","7","800","Hi","7","800","Hi","7","800","--","","","--","",""
"4881","307ESep1809","HIGHLANDER      ","23","20","32","61","Hi","7","800","Hi","7","800","Hi","7","800","Hi","7","800","Hi","7","800","Hi","7","800","Hi","7","800"
"4917","307ESep1809","HIGHLANDER MTD  ","13","19","32","63","Hi","7","797","Hi","7","797","Hi","7","797","Hi","7","797","Hi","7","797","Ma","8","797","Ma","8","797"
"4927","307ESep1809","BRAVEHEARTS     ","G ","11","32","0","Hi","6","797","Hi","6","797","Hi","7","797","Hi","6","797","Hi","6","797","Hi","7","797","Hi","6","797"
"4935","307ESep1809","BRAVEHEARTS     ","G ","11","32","0","Hi","6","797","Hi","6","797","Hi","6","797","Hi","6","797","Hi","6","797","Hi","6","797","Hi","6","797"
"4943","307ESep1809","BRAVEHEARTS     ","13","19","32","63","Hi","7","797","Hi","7","797","Hi","7","797","Hi","7","797","Hi","7","797","Hi","7","797","Hi","7","797"
"4951","307ESep1809","BRAVEHEARTS     ","13","19","32","63","Hi","7","797","Hi","7","797","Hi","7","797","Hi","7","797","Hi","7","797","Hi","7","797","Hi","7","797"
"4958","307ESep1809","BRAVEHEARTS     ","13","19","32","63","Hi","7","797","Hi","7","797","Hi","7","797","Hi","7","797","Hi","7","797","Hi","7","797","Hi","7","797"
"4964","307ESep1809","BRAVEHEARTS     ","13","19","32","63","Hi","7","797","Hi","7","797","Hi","7","797","Hi","7","797","Hi","7","797","Hi","7","797","Hi","7","797"
"4974","307ESep1809","DUE RUSSIANS!   ","13","19","24","63","Mi","6","797","Mi","6","797","Mi","6","797","Mi","6","797","Mi","6","797","--","","","--","",""
"4982","307ESep1809","HIGHLANDER      ","23","20","32","61","Hi","6","800","Hi","6","800","Hi","6","800","Hi","6","800","Hi","6","800","Hi","6","800","Hi","6","800"
"4983","307ESep1809","DUE RUSSIANS!   ","13","19","24","63","Mi","6","797","Mi","6","797","Mi","6","797","Mi","6","797","Mi","6","797","--","","","--","",""
"4992","307ESep1809","DUE RUSSIANS!   ","13","19","24","63","Mi","6","797","Mi","6","797","Mi","6","797","Mi","6","797","Mi","6","797","--","","","--","",""
"5001","307ESep1809","DUE RUSSIANS!   ","13","19","24","63","Mi","6","797","Mi","6","797","Mi","6","797","Mi","6","797","Mi","6","797","--","","","--","",""
"5010","307ESep1809","DUE RUSSIANS!   ","13","19","24","63","Mi","6","797","Mi","6","797","Mi","6","797","Mi","6","797","Mi","6","797","--","","","--","",""
"5018","307ESep1809","DUE RUSSIANS!   ","13","19","24","63","Mi","6","797","Mi","6","797","Mi","6","797","Mi","6","797","Mi","6","797","--","","","--","",""
"5025","307ESep1809","DUE RUSSIANS!   ","13","19","24","63","Mi","6","797","Mi","6","797","Mi","6","797","Mi","6","797","Mi","6","797","--","","","--","",""
"5035","307ESep1809","HIGHLANDER      ","23","20","32","61","Hi","7","800","Hi","7","800","Hi","7","800","Hi","7","800","Hi","7","800","Hi","7","800","Hi","7","800"
"5046","307ESep1809","HIGHLANDER      ","23","20","32","61","Hi","7","800","Hi","7","800","Hi","7","800","Hi","7","800","Hi","7","800","Hi","7","800","Hi","7","800"
"5054","307ESep1809","HIGHLANDER      ","23","20","32","61","Hi","7","800","Hi","7","800","Hi","7","800","Hi","7","800","Hi","7","800","Hi","7","800","Hi","7","800"
"5062","307ESep1809","HIGHLANDER      ","23","20","32","61","Hi","7","800","Hi","7","800","Hi","7","800","Hi","7","800","Hi","7","800","Hi","7","800","Hi","7","800"
"5109","307ESep1809","BEARS           ","23","20","26","61","Be","4","800","Be","4","800","Be","4","800","Be","4","800","Be","4","800","Be","4","800","Be","4","800"
"5177","307ESep1809","BEARS           ","23","20","26","61","Be","4","800","Be","4","800","Be","4","800","Be","4","800","Be","4","800","Be","4","800","Be","4","800"
"5183","307ESep1809","BEARS           ","23","20","26","61","Be","4","800","Be","4","800","Be","4","800","Be","4","800","Be","4","800","Be","4","800","Be","4","800"
"5189","307ESep1809","BEARS           ","23","20","26","61","Be","4","800","Be","4","800","Be","4","800","Be","4","800","Be","4","800","Be","4","800","Be","4","800"
"5194","307ESep1809","BEARS           ","23","20","26","61","Be","4","800","Be","4","800","Be","4","800","Be","4","800","Be","4","800","Be","4","800","Be","4","800"
"5198","307ESep1809","BEARS           ","23","20","26","61","Be","4","800","Be","4","800","Be","4","800","Be","4","800","Be","4","800","Be","4","800","Be","4","800"
"5207","307ESep1809","BEARS           ","23","20","26","61","Be","4","800","Be","4","800","Be","4","800","Be","4","800","Be","4","800","Be","4","800","Be","4","800"
"5214","307ESep1809","BEARS           ","23","20","26","61","Be","4","800","Be","4","800","Be","4","800","Be","4","800","Be","4","800","Be","4","800","Be","4","800"
"5238","307ESep1809","BEARS           ","23","20","26","0","Be","3","800","Be","3","800","Be","3","800","Be","3","800","Be","3","800","Be","3","800","Be","3","800"
"5249","307ESep1809","BEARS           ","23","20","26","0","Be","3","800","Be","3","800","Be","3","800","Be","3","800","Be","3","800","Be","3","800","Be","3","800"
"5260","307ESep1809","BEARS           ","23","20","26","0","Be","3","800","Be","3","800","Be","3","800","Be","3","800","Be","3","800","Be","3","800","Be","3","800"
"4069","348BAug1809","                ","35","27","32","62","Mu","6","583","Mu","6","465","Mu","6","465","Mu","6","462","Mu","6","468","--","","","--","",""
"4107","348BAug1809","                ","35","27","32","61","GR","6","796","GR","6","796","GR","6","796","GR","6","796","La","6","796","--","","","--","",""
"4111","348BAug1809","                ","35","27","32","61","GR","7","800","GR","7","800","GR","7","800","GR","7","800","GR","7","800","--","","","--","",""
"4114","348BAug1809","BRIGADE 1       ","35","27","32","61","Cu","7","800","Cu","7","800","GC","8","796","GC","8","800","GC","8","797","Ma","8","785","Ma","8","783"
"4115","348BAug1809","BRIGADE 2       ","35","27","32","61","Cu","7","796","Cu","8","800","GC","8","800","GC","8","798","GC","8","800","Ma","8","785","Ma","8","784"
"4116","348BAug1809","BRIGADE 3       ","35","27","32","61","GR","8","782","Fu","7","782","Fu","7","787","Fu","7","782","Rm","8","780","Pi","7","800","La","7","782"
"4117","348BAug1809","BRIGADE 4       ","35","27","32","61","GR","8","782","Fu","7","783","Fu","7","778","Fu","7","786","Rm","7","785","Pi","8","800","La","8","783"
"4118","348BAug1809","BRIGADE 5       ","35","27","32","61","Cu","8","800","Cu","8","800","GC","8","800","GC","8","800","GC","8","800","Ma","8","791","Ma","8","785"
"4119","348BAug1809","BRIGADE 6       ","35","27","32","61","Cu","7","800","Cu","7","800","GC","8","800","GC","8","800","GC","9","800","Ma","8","792","Ma","8","787"
"4120","348BAug1809","BRIGADE 7       ","35","27","32","61","GR","9","787","Fu","7","784","Fu","7","787","Fu","7","788","Rm","7","784","Pi","7","800","La","8","787"
"4121","348BAug1809","BRIGADE 8       ","35","27","32","61","GR","9","787","Fu","7","790","Fu","9","792","Fu","8","789","Rm","7","788","Pi","7","800","La","7","794"
"4122","348BAug1809","BRIGADE 9       ","35","27","32","61","GR","8","785","Fu","7","788","Fu","7","789","Fu","7","782","Rm","7","782","Pi","7","800","La","7","791"
"4125","348BAug1809","COLONIAL-BRIG 1 ","B ","13","32","0","Ca","4","800","Ca","4","800","Kt","6","800","Mc","4","800","Cc","4","800","Cc","4","800","--","",""
"4190","348BAug1809","                ","38","21","32","63","Mu","4","650","Mu","4","650","Mu","4","650","Mu","4","650","Mu","4","650","--","","","--","",""
"4203","348BAug1809","BRIGADE 10      ","35","27","24","0","--","","","--","","","Fu","7","744","Ha","7","742","Ha","7","742","Ha","8","737","Ha","7","741"
"4204","348BAug1809","BRIGADE 11      ","35","27","32","61","GR","9","790","GR","8","782","GR","8","786","GR","8","783","GR","9","787","GR","8","780","GR","8","785"
"4205","348BAug1809","BRIGADE 12      ","35","27","32","61","GR","8","789","GR","8","786","GR","8","790","GR","8","785","GR","8","790","Fu","7","785","Rm","7","794"
"4206","348BAug1809","BRIGADE 13      ","35","27","32","61","Fu","7","787","Fu","7","789","Fu","7","784","Fu","7","781","Fu","8","788","La","7","792","La","7","786"
"4207","348BAug1809","MARINE-BRIG 2   ","78","96","32","0","Kt","6","368","Kt","6","348","Kt","6","379","Kt","6","348","Kt","6","371","Kt","6","371","Kt","6","330"
"4213","348BAug1809","                ","35","27","32","61","GR","7","789","GR","7","781","GR","7","791","GR","8","785","GR","7","789","Rm","7","789","GR","8","791"
"4229","348BAug1809","                ","35","27","32","61","GR","8","786","GR","7","783","GR","7","784","GR","7","785","GR","7","788","Rm","7","783","GR","8","788"
"4231","348BAug1809","                ","38","21","32","63","Mu","4","650","Mu","4","650","Mu","4","650","Mu","4","650","Mu","4","650","--","","","--","",""
"4245","348BAug1809","                ","35","27","32","61","GR","7","793","GR","7","787","GR","8","788","GR","7","788","GR","7","785","Rm","7","789","--","",""
"4261","348BAug1809","                ","35","27","32","61","GR","8","789","GR","7","785","GR","7","780","GR","7","789","GR","7","783","Rm","7","793","--","",""
"4277","348BAug1809","                ","35","27","32","61","GR","8","792","GR","8","783","GR","8","788","GR","8","788","GR","8","789","Rm","8","785","--","",""
"4293","348BAug1809","                ","35","27","32","61","GR","8","556","GR","8","558","GR","8","558","GR","8","556","GR","8","561","Rm","7","563","--","",""
"4307","348BAug1809","                ","35","27","32","61","GR","8","558","GR","8","560","GR","8","558","GR","8","562","GR","8","558","Rm","7","556","--","",""
"4319","348BAug1809","                ","35","27","32","61","GR","8","560","GR","8","558","GR","8","561","GR","8","556","GR","8","557","Rm","7","563","--","",""
"4329","348BAug1809","                ","35","27","32","61","GR","6","561","GR","6","556","GR","7","554","GR","6","560","GR","6","557","--","","","--","",""
"4345","348BAug1809","                ","35","27","32","61","GR","7","551","GR","6","553","GR","7","557","GR","6","559","GR","6","553","--","","","--","",""
"4359","348BAug1809","                ","35","27","32","61","GR","7","556","GR","6","559","GR","6","562","GR","6","554","GR","6","559","--","","","--","",""
"4374","348BAug1809","                ","35","27","32","61","GR","6","558","GR","7","554","GR","6","557","GR","6","555","GR","6","557","--","","","--","",""
"4389","348BAug1809","                ","35","27","32","61","GR","6","555","GR","6","561","GR","7","557","GR","6","557","GR","6","386","--","","","--","",""
"4401","348BAug1809","                ","35","27","32","61","GR","6","388","GR","6","386","GR","6","388","GR","6","392","GR","6","387","--","","","--","",""
"4412","348BAug1809","                ","35","27","32","61","GR","6","384","GR","6","385","GR","6","386","GR","6","383","GR","6","384","--","","","--","",""
"4415","348BAug1809","                ","35","27","32","61","GR","6","800","GR","6","800","GR","6","800","GR","6","800","GR","6","800","--","","","--","",""
"4419","348BAug1809","                ","35","27","32","62","GR","7","398","GR","8","399","GR","8","400","GR","8","400","GR","8","400","--","","","--","",""
"4424","348BAug1809","                ","35","27","32","61","GR","6","796","GR","6","796","GR","6","796","GR","6","796","La","6","796","--","","","--","",""
"4535","348BAug1809","                ","35","27","32","61","GR","6","796","GR","6","796","GR","6","796","GR","6","796","La","6","796","--","","","--","",""
"4558","348BAug1809","                ","38","21","32","63","Mu","4","650","Mu","4","650","Mu","4","650","Mu","4","650","Mu","4","650","--","","","--","",""
"4575","348BAug1809","                ","35","27","32","62","Rm","7","417","Rm","7","418","Rm","7","419","Rm","7","420","Rm","7","418","--","","","--","",""
"4581","348BAug1809","                ","35","27","32","62","Rm","7","421","Rm","7","420","Rm","7","415","Rm","7","417","Rm","7","418","--","","","--","",""
"4585","348BAug1809","                ","35","27","32","62","Rm","7","416","Rm","7","418","Rm","7","420","Rm","7","420","Rm","7","416","--","","","--","",""
"4589","348BAug1809","                ","35","27","32","62","GR","8","417","GR","8","421","GR","8","417","GR","8","417","GR","8","416","--","","","--","",""
"4603","348BAug1809","                ","35","27","32","62","GR","9","416","GR","8","413","GR","9","415","GR","8","415","GR","8","414","--","","","--","",""
"4617","348BAug1809","                ","35","27","32","62","GR","9","416","GR","8","415","GR","8","413","GR","8","417","GR","8","415","--","","","--","",""
"4630","348BAug1809","                ","35","27","32","62","GR","8","414","GR","8","416","GR","8","413","GR","8","415","GR","8","418","--","","","--","",""
"4640","348BAug1809","                ","35","27","32","62","GR","8","417","GR","8","413","GR","8","415","GR","9","417","GR","8","416","--","","","--","",""
"4647","348BAug1809","                ","35","27","32","62","GR","8","417","GR","8","414","GR","8","416","GR","8","282","GR","8","284","--","","","--","",""
"4652","348BAug1809","                ","35","27","32","62","GR","8","282","GR","8","285","GR","8","283","GR","8","280","GR","8","283","--","","","--","",""
"4725","348BAug1809","                ","38","21","32","63","Mu","4","650","Mu","4","650","Mu","5","650","Mu","4","650","Mu","4","650","--","","","--","",""
"4778","348BAug1809","                ","35","27","32","62","Mu","6","334","Mu","6","329","Mu","6","330","Mu","6","329","Mu","6","331","--","","","--","",""
"4791","348BAug1809","                ","35","27","32","62","Mu","5","329","Mu","5","327","Mu","5","329","Mu","5","326","Mu","5","324","--","","","--","",""
"4803","348BAug1809","                ","36","23","32","64","Mu","4","537","Mu","4","533","Mu","4","535","Mu","4","533","Mu","4","535","--","","","--","",""
"4814","348BAug1809","                ","36","23","32","64","Mu","4","537","Mu","4","533","Mu","4","533","Mu","4","535","Mu","4","537","--","","","--","",""
"4817","348BAug1809","                ","35","27","32","61","GR","7","800","GR","7","800","GR","7","800","GR","7","800","GR","7","800","--","","","--","",""
"4823","348BAug1809","                ","36","23","32","64","Mu","4","540","Mu","5","537","Mu","4","536","Mu","4","537","Mu","4","538","--","","","--","",""
"4829","348BAug1809","                ","36","23","32","64","Mu","4","537","Mu","4","536","Mu","5","533","Mu","4","535","Mu","4","536","--","","","--","",""
"4910","348BAug1809","                ","36","23","32","64","Mu","6","541","Mu","5","543","Mu","5","540","Mu","5","540","Mu","5","540","--","","","--","",""
"4923","348BAug1809","                ","36","23","32","64","Mu","5","544","Mu","5","542","Mu","5","544","Mu","5","543","Mu","5","539","--","","","--","",""
"4934","348BAug1809","                ","36","23","32","64","Mu","5","543","Mu","5","544","Mu","6","542","Mu","5","542","Mu","5","540","--","","","--","",""
"4938","348BAug1809","                ","35","27","32","61","GR","6","796","GR","6","796","GR","6","796","GR","6","796","La","6","796","--","","","--","",""
"4945","348BAug1809","                ","36","23","32","64","Mu","5","541","Mu","5","543","Mu","6","543","Mu","5","540","Mu","5","540","--","","","--","",""
"4954","348BAug1809","                ","36","23","32","64","Mu","5","542","Mu","5","544","Mu","5","540","Mu","5","544","Mu","5","539","--","","","--","",""
"5035","348BAug1809","                ","38","21","32","63","Mu","4","650","Mu","4","650","Mu","4","650","Mu","4","650","Mu","5","650","--","","","--","",""
"5045","348BAug1809","                ","38","21","32","63","Mu","4","650","Mu","4","650","Mu","4","650","Mu","4","650","Mu","4","650","--","","","--","",""
"5055","348BAug1809","                ","38","21","32","63","Mu","4","650","Mu","4","650","Mu","4","650","Mu","4","650","Mu","4","650","--","","","--","",""
"5063","348BAug1809","                ","38","21","32","63","Mu","4","650","Mu","4","650","Mu","4","650","Mu","4","650","Mu","4","650","--","","","--","",""
"5068","348BAug1809","                ","38","21","32","63","Mu","4","650","Mu","4","650","Mu","4","650","Mu","4","650","Mu","4","650","--","","","--","",""
"5071","348BAug1809","                ","38","21","32","63","Mu","4","650","Mu","4","650","Mu","4","650","Mu","4","650","Mu","4","650","--","","","--","",""
"5074","348BAug1809","                ","38","21","32","63","Mu","4","650","Mu","4","650","Mu","4","650","Mu","4","650","Mu","5","650","--","","","--","",""
"5103","348BAug1809","                ","35","27","32","61","GR","7","800","GR","7","800","GR","7","800","GR","7","800","GR","7","800","--","","","--","",""
"5111","348BAug1809","                ","35","27","32","61","GR","7","800","GR","7","800","GR","7","800","GR","7","800","GR","7","800","--","","","--","",""
"5118","348BAug1809","                ","35","27","32","61","GR","7","800","GR","7","800","GR","7","800","GR","7","800","GR","7","800","--","","","--","",""
"5124","348BAug1809","                ","35","27","32","61","GR","7","800","GR","7","800","GR","7","800","GR","7","800","GR","7","800","--","","","--","",""
"5129","348BAug1809","                ","35","27","32","61","GR","7","800","GR","7","800","GR","7","800","GR","7","800","GR","7","800","--","","","--","",""
"5137","348BAug1809","                ","35","27","32","61","GR","6","796","GR","6","796","GR","6","796","GR","6","796","La","6","796","--","","","--","",""
"5142","348BAug1809","                ","35","27","32","61","GR","6","800","GR","6","800","GR","6","800","GR","6","800","La","6","800","--","","","--","",""
"5147","348BAug1809","                ","35","27","32","61","GR","6","800","GR","6","800","GR","6","800","GR","6","800","La","6","800","--","","","--","",""
"5151","348BAug1809","                ","35","27","32","61","GR","6","800","GR","6","800","GR","6","800","GR","6","800","La","6","800","--","","","--","",""
"4069","348BSep1809","                ","35","27","32","62","Mu","6","572","Mu","6","457","Mu","6","457","Mu","6","416","Mu","6","459","--","","","--","",""
"4107","348BSep1809","                ","35","27","32","61","GR","6","716","GR","6","716","GR","6","716","GR","6","716","La","6","659","--","","","--","",""
"4111","348BSep1809","                ","35","27","32","61","GR","7","397","GR","7","397","GR","7","397","GR","7","397","GR","7","138","--","","","--","",""
"4114","348BSep1809","BRIGADE 1       ","35","27","32","61","Cu","7","678","Cu","7","642","GC","8","650","GC","8","720","GC","8","651","Ma","8","785","Ma","8","783"
"4115","348BSep1809","BRIGADE 2       ","35","27","32","61","Cu","7","638","Cu","8","678","GC","8","720","GC","8","651","GC","8","720","Ma","8","785","Ma","8","784"
"4116","348BSep1809","BRIGADE 3       ","35","27","32","61","GR","8","439","Fu","7","540","Fu","7","672","Fu","7","540","Rm","8","427","Pi","7","491","La","7","704"
"4117","348BSep1809","BRIGADE 4       ","35","27","32","61","GR","8","439","Fu","7","580","Fu","7","465","Fu","7","671","Rm","7","707","Pi","8","491","La","8","705"
"4118","348BSep1809","BRIGADE 5       ","35","27","32","61","Cu","8","678","Cu","8","678","GC","8","720","GC","8","720","GC","8","720","Ma","8","791","Ma","8","785"
"4119","348BSep1809","BRIGADE 6       ","35","27","32","61","Cu","7","642","Cu","7","642","GC","8","720","GC","8","653","GC","9","720","Ma","8","792","Ma","8","787"
"4120","348BSep1809","BRIGADE 7       ","35","27","32","61","GR","9","379","Fu","7","581","Fu","7","672","Fu","7","238","Rm","7","706","Pi","7","491","La","8","708"
"4121","348BSep1809","BRIGADE 8       ","35","27","32","61","GR","9","379","Fu","7","588","Fu","9","590","Fu","8","588","Rm","7","709","Pi","7","491","La","7","714"
"4122","348BSep1809","BRIGADE 9       ","35","27","32","61","GR","8","383","Fu","7","238","Fu","7","239","Fu","7","540","Rm","7","704","Pi","7","720","La","7","712"
"4125","348BSep1809","COLONIAL-BRIG 1 ","B ","13","32","0","Ca","4","800","Ca","4","800","Kt","6","800","Mc","4","800","Cc","4","800","Cc","4","800","--","",""
"4190","348BSep1809","                ","38","21","32","63","Mu","4","650","Mu","4","650","Mu","4","650","Mu","4","650","Mu","4","650","--","","","--","",""
"4203","348BSep1809","BRIGADE 10      ","35","27","24","0","--","","","--","","","Fu","7","445","Ha","7","668","Ha","7","668","Ha","8","663","Ha","7","667"
"4204","348BSep1809","BRIGADE 11      ","35","27","32","61","GR","9","381","GR","8","439","GR","8","529","GR","8","549","GR","9","379","GR","8","438","GR","8","383"
"4205","348BSep1809","BRIGADE 12      ","35","27","32","61","GR","8","314","GR","8","384","GR","8","250","GR","8","550","GR","8","250","Fu","7","581","Rm","7","435"
"4206","348BSep1809","BRIGADE 13      ","35","27","32","61","Fu","7","672","Fu","7","239","Fu","7","581","Fu","7","539","Fu","8","587","La","7","713","La","7","707"
"4207","348BSep1809","MARINE-BRIG 2   ","78","96","32","0","Kt","6","368","Kt","6","348","Kt","6","379","Kt","6","348","Kt","6","371","Kt","6","371","Kt","6","330"
"4213","348BSep1809","                ","35","27","32","61","--","","","GR","7","694","--","","","GR","8","550","--","","","Rm","7","710","GR","8","250"
"4229","348BSep1809","                ","35","27","32","61","GR","8","384","--","","","--","","","GR","7","334","GR","7","335","Rm","7","705","GR","8","314"
"4231","348BSep1809","                ","38","21","32","63","Mu","4","650","Mu","4","650","Mu","4","650","Mu","4","650","Mu","4","650","--","","","--","",""
"4245","348BSep1809","                ","35","27","32","61","GR","7","614","GR","7","334","GR","8","530","GR","7","335","--","","","Rm","7","710","--","",""
"4261","348BSep1809","                ","35","27","32","61","GR","8","314","--","","","GR","7","693","--","","","GR","7","696","Rm","7","434","--","",""
"4277","348BSep1809","                ","35","27","32","61","GR","8","251","GR","8","549","GR","8","530","GR","8","530","GR","8","314","Rm","8","430","--","",""
"4293","348BSep1809","                ","35","27","32","61","GR","8","182","GR","8","333","GR","8","333","GR","8","182","GR","8","502","Rm","7","507","--","",""
"4307","348BSep1809","                ","35","27","32","61","GR","8","333","GR","8","501","GR","8","254","GR","8","503","GR","8","254","Rm","7","500","--","",""
"4319","348BSep1809","                ","35","27","32","61","GR","8","335","GR","8","254","GR","8","502","GR","8","182","GR","8","253","Rm","7","507","--","",""
"4329","348BSep1809","                ","35","27","32","61","GR","6","415","GR","6","362","GR","7","445","--","","","GR","6","157","--","","","--","",""
"4345","348BSep1809","                ","35","27","32","61","GR","7","55","GR","6","90","GR","7","182","--","","","GR","6","90","--","","","--","",""
"4359","348BSep1809","                ","35","27","32","61","GR","7","447","--","","","GR","6","416","GR","6","197","GR","6","157","--","","","--","",""
"4374","348BSep1809","                ","35","27","32","61","GR","6","157","GR","7","445","GR","6","362","GR","6","140","GR","6","362","--","","","--","",""
"4389","348BSep1809","                ","35","27","32","61","GR","6","140","--","","","GR","7","447","GR","6","362","GR","6","347","--","","","--","",""
"4401","348BSep1809","                ","35","27","32","61","GR","6","349","GR","6","347","GR","6","349","GR","6","353","GR","6","348","--","","","--","",""
"4412","348BSep1809","                ","35","27","32","61","GR","6","230","GR","6","347","GR","6","347","GR","6","345","GR","6","230","--","","","--","",""
"4415","348BSep1809","                ","35","27","32","61","GR","6","711","GR","6","720","GR","6","720","GR","6","720","GR","6","720","--","","","--","",""
"4419","348BSep1809","                ","35","27","32","62","GR","7","358","GR","8","359","GR","8","360","GR","8","360","GR","8","360","--","","","--","",""
"4424","348BSep1809","                ","35","27","32","61","GR","6","675","GR","6","675","GR","6","675","GR","6","675","La","6","659","--","","","--","",""
"4535","348BSep1809","                ","35","27","32","61","GR","6","704","GR","6","704","GR","6","704","GR","6","704","La","6","624","--","","","--","",""
"4558","348BSep1809","                ","38","21","32","63","Mu","4","650","Mu","4","650","Mu","4","650","Mu","4","650","Mu","4","650","--","","","--","",""
"4575","348BSep1809","                ","35","27","32","62","Rm","7","280","Rm","7","271","Rm","7","377","Rm","7","378","Rm","7","271","--","","","--","",""
"4581","348BSep1809","                ","35","27","32","62","Rm","7","379","Rm","7","378","Rm","7","373","Rm","7","280","Rm","7","271","--","","","--","",""
"4585","348BSep1809","                ","35","27","32","62","Rm","7","279","Rm","7","271","Rm","7","378","Rm","7","378","Rm","7","279","--","","","--","",""
"4603","348BSep1809","                ","35","27","32","62","GR","1","0","GR","8","414","GR","9","307","GR","8","148","GR","8","372","--","","","--","",""
"4617","348BSep1809","                ","35","27","32","62","GR","1","0","GR","8","190","GR","8","372","--","","","GR","8","148","--","","","--","",""
"4630","348BSep1809","                ","35","27","32","62","GR","8","372","--","","","GR","8","372","GR","8","68","GR","8","118","--","","","--","",""
"4640","348BSep1809","                ","35","27","32","62","GR","8","147","GR","8","372","GR","8","68","GR","1","0","--","","","--","","","--","",""
"4647","348BSep1809","                ","35","27","32","62","GR","8","105","GR","8","372","--","","","GR","8","282","GR","8","284","--","","","--","",""
"4652","348BSep1809","                ","35","27","32","62","GR","8","282","GR","8","285","GR","8","283","GR","8","280","GR","8","283","--","","","--","",""
"4725","348BSep1809","                ","38","21","32","63","Mu","4","650","Mu","4","650","Mu","5","650","Mu","4","650","Mu","4","650","--","","","--","",""
"4778","348BSep1809","                ","35","27","32","62","Mu","6","334","Mu","6","329","Mu","6","330","Mu","6","329","Mu","6","331","--","","","--","",""
"4791","348BSep1809","                ","35","27","32","62","Mu","5","329","Mu","5","327","Mu","5","329","Mu","5","326","Mu","5","324","--","","","--","",""
"4803","348BSep1809","                ","36","23","32","64","Mu","4","537","Mu","4","533","Mu","4","535","Mu","4","533","Mu","4","535","--","","","--","",""
"4814","348BSep1809","                ","36","23","32","64","Mu","4","537","Mu","4","533","Mu","4","533","Mu","4","535","Mu","4","537","--","","","--","",""
"4817","348BSep1809","                ","35","27","32","61","GR","7","138","GR","7","138","GR","7","138","GR","7","492","GR","7","492","--","","","--","",""
"4823","348BSep1809","                ","36","23","32","64","Mu","4","540","Mu","5","537","Mu","4","536","Mu","4","537","Mu","4","538","--","","","--","",""
"4829","348BSep1809","                ","36","23","32","64","Mu","4","537","Mu","4","536","Mu","5","533","Mu","4","535","Mu","4","536","--","","","--","",""
"4910","348BSep1809","                ","36","23","32","64","Mu","6","541","Mu","5","543","Mu","5","540","Mu","5","540","Mu","5","540","--","","","--","",""
"4923","348BSep1809","                ","36","23","32","64","Mu","5","544","Mu","5","542","Mu","5","544","Mu","5","543","Mu","5","539","--","","","--","",""
"4934","348BSep1809","                ","36","23","32","64","Mu","5","543","Mu","5","544","Mu","6","542","Mu","5","542","Mu","5","540","--","","","--","",""
"4938","348BSep1809","                ","35","27","32","61","GR","6","712","GR","6","712","GR","6","712","GR","6","712","La","6","624","--","","","--","",""
"4945","348BSep1809","                ","36","23","32","64","Mu","5","541","Mu","5","543","Mu","6","543","Mu","5","540","Mu","5","540","--","","","--","",""
"4954","348BSep1809","                ","36","23","32","64","Mu","5","542","Mu","5","544","Mu","5","540","Mu","5","544","Mu","5","539","--","","","--","",""
"5035","348BSep1809","                ","38","21","32","63","Mu","4","650","Mu","4","650","Mu","4","650","Mu","4","650","Mu","5","650","--","","","--","",""
"5045","348BSep1809","                ","38","21","32","63","Mu","4","650","Mu","4","650","Mu","4","650","Mu","4","650","Mu","4","650","--","","","--","",""
"5055","348BSep1809","                ","38","21","32","63","Mu","4","650","Mu","4","650","Mu","4","650","Mu","4","650","Mu","4","650","--","","","--","",""
"5063","348BSep1809","                ","38","21","32","63","Mu","4","650","Mu","4","650","Mu","4","650","Mu","4","650","Mu","4","650","--","","","--","",""
"5068","348BSep1809","                ","38","21","32","63","Mu","4","650","Mu","4","650","Mu","4","650","Mu","4","650","Mu","4","650","--","","","--","",""
"5071","348BSep1809","                ","38","21","32","63","Mu","4","650","Mu","4","650","Mu","4","650","Mu","4","650","Mu","4","650","--","","","--","",""
"5074","348BSep1809","                ","38","21","32","63","Mu","4","650","Mu","4","650","Mu","4","650","Mu","4","650","Mu","5","650","--","","","--","",""
"5103","348BSep1809","                ","35","27","32","61","GR","7","492","GR","7","492","GR","7","614","GR","7","614","GR","7","614","--","","","--","",""
"5111","348BSep1809","                ","35","27","32","61","GR","7","614","GR","7","563","GR","7","563","GR","7","563","GR","7","563","--","","","--","",""
"5118","348BSep1809","                ","35","27","32","61","GR","7","234","GR","7","234","GR","7","234","GR","7","234","GR","7","665","--","","","--","",""
"5124","348BSep1809","                ","35","27","32","61","GR","7","665","GR","7","665","GR","7","665","GR","7","436","GR","7","436","--","","","--","",""
"5129","348BSep1809","                ","35","27","32","61","GR","7","436","GR","7","436","GR","7","620","GR","7","620","GR","7","620","--","","","--","",""
"5137","348BSep1809","                ","35","27","32","61","GR","6","631","GR","6","631","GR","6","631","GR","6","631","La","6","624","--","","","--","",""
"5142","348BSep1809","                ","35","27","32","61","GR","6","708","GR","6","708","GR","6","708","GR","6","708","La","6","720","--","","","--","",""
"5147","348BSep1809","                ","35","27","32","61","GR","6","682","GR","6","682","GR","6","682","GR","6","682","La","6","662","--","","","--","",""
"5151","348BSep1809","                ","35","27","32","61","GR","6","720","GR","6","720","GR","6","720","GR","6","720","La","6","662","--","","","--","",""
"4069","348EAug1809","                ","35","27","32","62","Mu","6","583","Mu","6","465","Mu","6","465","Mu","6","462","Mu","6","468","--","","","--","",""
"4107","348EAug1809","                ","35","27","32","61","GR","6","796","GR","6","796","GR","6","796","GR","6","796","La","6","796","--","","","--","",""
"4111","348EAug1809","                ","35","27","32","61","GR","7","800","GR","7","800","GR","7","800","GR","7","800","GR","7","800","--","","","--","",""
"4114","348EAug1809","BRIGADE 1       ","35","27","32","61","Cu","7","800","Cu","7","800","GC","8","796","GC","8","800","GC","8","797","Ma","8","785","Ma","8","783"
"4115","348EAug1809","BRIGADE 2       ","35","27","32","61","Cu","7","796","Cu","8","800","GC","8","800","GC","8","798","GC","8","800","Ma","8","785","Ma","8","784"
"4116","348EAug1809","BRIGADE 3       ","35","27","32","61","GR","8","782","Fu","7","782","Fu","7","787","Fu","7","782","Rm","8","780","Pi","7","800","La","7","782"
"4117","348EAug1809","BRIGADE 4       ","35","27","32","61","GR","8","782","Fu","7","783","Fu","7","778","Fu","7","786","Rm","7","785","Pi","8","800","La","8","783"
"4118","348EAug1809","BRIGADE 5       ","35","27","32","61","Cu","8","800","Cu","8","800","GC","8","800","GC","8","800","GC","8","800","Ma","8","791","Ma","8","785"
"4119","348EAug1809","BRIGADE 6       ","35","27","32","61","Cu","7","800","Cu","7","800","GC","8","800","GC","8","800","GC","9","800","Ma","8","792","Ma","8","787"
"4120","348EAug1809","BRIGADE 7       ","35","27","32","61","GR","9","787","Fu","7","784","Fu","7","787","Fu","7","788","Rm","7","784","Pi","7","800","La","8","787"
"4121","348EAug1809","BRIGADE 8       ","35","27","32","61","GR","9","787","Fu","7","790","Fu","9","792","Fu","8","789","Rm","7","788","Pi","7","800","La","7","794"
"4122","348EAug1809","BRIGADE 9       ","35","27","32","61","GR","8","785","Fu","7","788","Fu","7","789","Fu","7","782","Rm","7","782","Pi","7","800","La","7","791"
"4125","348EAug1809","COLONIAL-BRIG 1 ","B ","13","32","0","Ca","4","800","Ca","4","800","Kt","6","800","Mc","4","800","Cc","4","800","Cc","4","800","--","",""
"4190","348EAug1809","                ","38","21","32","63","Mu","4","650","Mu","4","650","Mu","4","650","Mu","4","650","Mu","4","650","--","","","--","",""
"4203","348EAug1809","BRIGADE 10      ","35","27","24","0","--","","","--","","","Fu","7","744","Ha","7","742","Ha","7","742","Ha","8","737","Ha","7","741"
"4204","348EAug1809","BRIGADE 11      ","35","27","32","61","GR","9","790","GR","8","782","GR","8","786","GR","8","783","GR","9","787","GR","8","780","GR","8","785"
"4205","348EAug1809","BRIGADE 12      ","35","27","32","61","GR","8","789","GR","8","786","GR","8","790","GR","8","785","GR","8","790","Fu","7","785","Rm","7","794"
"4206","348EAug1809","BRIGADE 13      ","35","27","32","61","Fu","7","787","Fu","7","789","Fu","7","784","Fu","7","781","Fu","8","788","La","7","792","La","7","786"
"4207","348EAug1809","MARINE-BRIG 2   ","78","96","32","0","Kt","6","368","Kt","6","348","Kt","6","379","Kt","6","348","Kt","6","371","Kt","6","371","Kt","6","330"
"4213","348EAug1809","                ","35","27","32","61","GR","7","789","GR","7","781","GR","7","791","GR","8","785","GR","7","789","Rm","7","789","GR","8","791"
"4229","348EAug1809","                ","35","27","32","61","GR","8","786","GR","7","783","GR","7","784","GR","7","785","GR","7","788","Rm","7","783","GR","8","788"
"4231","348EAug1809","                ","38","21","32","63","Mu","4","650","Mu","4","650","Mu","4","650","Mu","4","650","Mu","4","650","--","","","--","",""
"4245","348EAug1809","                ","35","27","32","61","GR","7","793","GR","7","787","GR","8","788","GR","7","788","GR","7","785","Rm","7","789","--","",""
"4261","348EAug1809","                ","35","27","32","61","GR","8","789","GR","7","785","GR","7","780","GR","7","789","GR","7","783","Rm","7","793","--","",""
"4277","348EAug1809","                ","35","27","32","61","GR","8","792","GR","8","783","GR","8","788","GR","8","788","GR","8","789","Rm","8","785","--","",""
"4293","348EAug1809","                ","35","27","32","61","GR","8","556","GR","8","558","GR","8","558","GR","8","556","GR","8","561","Rm","7","563","--","",""
"4307","348EAug1809","                ","35","27","32","61","GR","8","558","GR","8","560","GR","8","558","GR","8","562","GR","8","558","Rm","7","556","--","",""
"4319","348EAug1809","                ","35","27","32","61","GR","8","560","GR","8","558","GR","8","561","GR","8","556","GR","8","557","Rm","7","563","--","",""
"4329","348EAug1809","                ","35","27","32","61","GR","6","561","GR","6","556","GR","7","554","GR","6","560","GR","6","557","--","","","--","",""
"4345","348EAug1809","                ","35","27","32","61","GR","7","551","GR","6","553","GR","7","557","GR","6","559","GR","6","553","--","","","--","",""
"4359","348EAug1809","                ","35","27","32","61","GR","7","556","GR","6","559","GR","6","562","GR","6","554","GR","6","559","--","","","--","",""
"4374","348EAug1809","                ","35","27","32","61","GR","6","558","GR","7","554","GR","6","557","GR","6","555","GR","6","557","--","","","--","",""
"4389","348EAug1809","                ","35","27","32","61","GR","6","555","GR","6","561","GR","7","557","GR","6","557","GR","6","386","--","","","--","",""
"4401","348EAug1809","                ","35","27","32","61","GR","6","388","GR","6","386","GR","6","388","GR","6","392","GR","6","387","--","","","--","",""
"4412","348EAug1809","                ","35","27","32","61","GR","6","384","GR","6","385","GR","6","386","GR","6","383","GR","6","384","--","","","--","",""
"4415","348EAug1809","                ","35","27","32","61","GR","6","800","GR","6","800","GR","6","800","GR","6","800","GR","6","800","--","","","--","",""
"4419","348EAug1809","                ","35","27","32","62","GR","7","398","GR","8","399","GR","8","400","GR","8","400","GR","8","400","--","","","--","",""
"4424","348EAug1809","                ","35","27","32","61","GR","6","796","GR","6","796","GR","6","796","GR","6","796","La","6","796","--","","","--","",""
"4535","348EAug1809","                ","35","27","32","61","GR","6","796","GR","6","796","GR","6","796","GR","6","796","La","6","796","--","","","--","",""
"4558","348EAug1809","                ","38","21","32","63","Mu","4","650","Mu","4","650","Mu","4","650","Mu","4","650","Mu","4","650","--","","","--","",""
"4575","348EAug1809","                ","35","27","32","62","Rm","7","417","Rm","7","418","Rm","7","419","Rm","7","420","Rm","7","418","--","","","--","",""
"4581","348EAug1809","                ","35","27","32","62","Rm","7","421","Rm","7","420","Rm","7","415","Rm","7","417","Rm","7","418","--","","","--","",""
"4585","348EAug1809","                ","35","27","32","62","Rm","7","416","Rm","7","418","Rm","7","420","Rm","7","420","Rm","7","416","--","","","--","",""
"4589","348EAug1809","                ","35","27","32","62","GR","8","417","GR","8","421","GR","8","417","GR","8","417","GR","8","416","--","","","--","",""
"4603","348EAug1809","                ","35","27","32","62","GR","9","416","GR","8","413","GR","9","415","GR","8","415","GR","8","414","--","","","--","",""
"4617","348EAug1809","                ","35","27","32","62","GR","9","416","GR","8","415","GR","8","413","GR","8","417","GR","8","415","--","","","--","",""
"4630","348EAug1809","                ","35","27","32","62","GR","8","414","GR","8","416","GR","8","413","GR","8","415","GR","8","418","--","","","--","",""
"4640","348EAug1809","                ","35","27","32","62","GR","8","417","GR","8","413","GR","8","415","GR","9","417","GR","8","416","--","","","--","",""
"4647","348EAug1809","                ","35","27","32","62","GR","8","417","GR","8","414","GR","8","416","GR","8","282","GR","8","284","--","","","--","",""
"4652","348EAug1809","                ","35","27","32","62","GR","8","282","GR","8","285","GR","8","283","GR","8","280","GR","8","283","--","","","--","",""
"4725","348EAug1809","                ","38","21","32","63","Mu","4","650","Mu","4","650","Mu","5","650","Mu","4","650","Mu","4","650","--","","","--","",""
"4778","348EAug1809","                ","35","27","32","62","Mu","6","334","Mu","6","329","Mu","6","330","Mu","6","329","Mu","6","331","--","","","--","",""
"4791","348EAug1809","                ","35","27","32","62","Mu","5","329","Mu","5","327","Mu","5","329","Mu","5","326","Mu","5","324","--","","","--","",""
"4803","348EAug1809","                ","36","23","32","64","Mu","4","537","Mu","4","533","Mu","4","535","Mu","4","533","Mu","4","535","--","","","--","",""
"4814","348EAug1809","                ","36","23","32","64","Mu","4","537","Mu","4","533","Mu","4","533","Mu","4","535","Mu","4","537","--","","","--","",""
"4817","348EAug1809","                ","35","27","32","61","GR","7","800","GR","7","800","GR","7","800","GR","7","800","GR","7","800","--","","","--","",""
"4823","348EAug1809","                ","36","23","32","64","Mu","4","540","Mu","5","537","Mu","4","536","Mu","4","537","Mu","4","538","--","","","--","",""
"4829","348EAug1809","                ","36","23","32","64","Mu","4","537","Mu","4","536","Mu","5","533","Mu","4","535","Mu","4","536","--","","","--","",""
"4910","348EAug1809","                ","36","23","32","64","Mu","6","541","Mu","5","543","Mu","5","540","Mu","5","540","Mu","5","540","--","","","--","",""
"4923","348EAug1809","                ","36","23","32","64","Mu","5","544","Mu","5","542","Mu","5","544","Mu","5","543","Mu","5","539","--","","","--","",""
"4934","348EAug1809","                ","36","23","32","64","Mu","5","543","Mu","5","544","Mu","6","542","Mu","5","542","Mu","5","540","--","","","--","",""
"4938","348EAug1809","                ","35","27","32","61","GR","6","796","GR","6","796","GR","6","796","GR","6","796","La","6","796","--","","","--","",""
"4945","348EAug1809","                ","36","23","32","64","Mu","5","541","Mu","5","543","Mu","6","543","Mu","5","540","Mu","5","540","--","","","--","",""
"4954","348EAug1809","                ","36","23","32","64","Mu","5","542","Mu","5","544","Mu","5","540","Mu","5","544","Mu","5","539","--","","","--","",""
"5035","348EAug1809","                ","38","21","32","63","Mu","4","650","Mu","4","650","Mu","4","650","Mu","4","650","Mu","5","650","--","","","--","",""
"5045","348EAug1809","                ","38","21","32","63","Mu","4","650","Mu","4","650","Mu","4","650","Mu","4","650","Mu","4","650","--","","","--","",""
"5055","348EAug1809","                ","38","21","32","63","Mu","4","650","Mu","4","650","Mu","4","650","Mu","4","650","Mu","4","650","--","","","--","",""
"5063","348EAug1809","                ","38","21","32","63","Mu","4","650","Mu","4","650","Mu","4","650","Mu","4","650","Mu","4","650","--","","","--","",""
"5068","348EAug1809","                ","38","21","32","63","Mu","4","650","Mu","4","650","Mu","4","650","Mu","4","650","Mu","4","650","--","","","--","",""
"5071","348EAug1809","                ","38","21","32","63","Mu","4","650","Mu","4","650","Mu","4","650","Mu","4","650","Mu","4","650","--","","","--","",""
"5074","348EAug1809","                ","38","21","32","63","Mu","4","650","Mu","4","650","Mu","4","650","Mu","4","650","Mu","5","650","--","","","--","",""
"5103","348EAug1809","                ","35","27","32","61","GR","7","800","GR","7","800","GR","7","800","GR","7","800","GR","7","800","--","","","--","",""
"5111","348EAug1809","                ","35","27","32","61","GR","7","800","GR","7","800","GR","7","800","GR","7","800","GR","7","800","--","","","--","",""
"5118","348EAug1809","                ","35","27","32","61","GR","7","800","GR","7","800","GR","7","800","GR","7","800","GR","7","800","--","","","--","",""
"5124","348EAug1809","                ","35","27","32","61","GR","7","800","GR","7","800","GR","7","800","GR","7","800","GR","7","800","--","","","--","",""
"5129","348EAug1809","                ","35","27","32","61","GR","7","800","GR","7","800","GR","7","800","GR","7","800","GR","7","800","--","","","--","",""
"5137","348EAug1809","                ","35","27","32","61","GR","6","796","GR","6","796","GR","6","796","GR","6","796","La","6","796","--","","","--","",""
"5142","348EAug1809","                ","35","27","32","61","GR","6","800","GR","6","800","GR","6","800","GR","6","800","La","6","800","--","","","--","",""
"5147","348EAug1809","                ","35","27","32","61","GR","6","800","GR","6","800","GR","6","800","GR","6","800","La","6","800","--","","","--","",""
"5151","348EAug1809","                ","35","27","32","61","GR","6","800","GR","6","800","GR","6","800","GR","6","800","La","6","800","--","","","--","",""
"4069","348ESep1809","                ","35","27","32","62","Mu","6","572","Mu","6","457","Mu","6","457","Mu","6","416","Mu","6","459","--","","","--","",""
"4107","348ESep1809","                ","35","27","32","61","GR","6","716","GR","6","716","GR","6","716","GR","6","716","La","6","659","--","","","--","",""
"4111","348ESep1809","                ","35","27","32","61","GR","7","397","GR","7","397","GR","7","397","GR","7","397","GR","7","138","--","","","--","",""
"4114","348ESep1809","BRIGADE 1       ","35","27","32","61","Cu","7","678","Cu","7","642","GC","8","650","GC","8","720","GC","8","651","Ma","8","785","Ma","8","783"
"4115","348ESep1809","BRIGADE 2       ","35","27","32","61","Cu","7","638","Cu","8","678","GC","8","720","GC","8","651","GC","8","720","Ma","8","785","Ma","8","784"
"4116","348ESep1809","BRIGADE 3       ","35","27","32","61","GR","8","439","Fu","7","540","Fu","7","672","Fu","7","540","Rm","8","427","Pi","7","491","La","7","704"
"4117","348ESep1809","BRIGADE 4       ","35","27","32","61","GR","8","439","Fu","7","580","Fu","7","465","Fu","7","671","Rm","7","707","Pi","8","491","La","8","705"
"4118","348ESep1809","BRIGADE 5       ","35","27","32","61","Cu","8","678","Cu","8","678","GC","8","720","GC","8","720","GC","8","720","Ma","8","791","Ma","8","785"
"4119","348ESep1809","BRIGADE 6       ","35","27","32","61","Cu","7","642","Cu","7","642","GC","8","720","GC","8","653","GC","9","720","Ma","8","792","Ma","8","787"
"4120","348ESep1809","BRIGADE 7       ","35","27","32","61","GR","9","379","Fu","7","581","Fu","7","672","Fu","7","238","Rm","7","706","Pi","7","491","La","8","708"
"4121","348ESep1809","BRIGADE 8       ","35","27","32","61","GR","9","379","Fu","7","588","Fu","9","590","Fu","8","588","Rm","7","709","Pi","7","491","La","7","714"
"4122","348ESep1809","BRIGADE 9       ","35","27","32","61","GR","8","383","Fu","7","238","Fu","7","239","Fu","7","540","Rm","7","704","Pi","7","720","La","7","712"
"4125","348ESep1809","COLONIAL-BRIG 1 ","B ","13","32","0","Ca","4","800","Ca","4","800","Kt","6","800","Mc","4","800","Cc","4","800","Cc","4","800","--","",""
"4190","348ESep1809","                ","38","21","32","63","Mu","4","650","Mu","4","650","Mu","4","650","Mu","4","650","Mu","4","650","--","","","--","",""
"4203","348ESep1809","BRIGADE 10      ","35","27","24","0","--","","","--","","","Fu","7","445","Ha","7","668","Ha","7","668","Ha","8","663","Ha","7","667"
"4204","348ESep1809","BRIGADE 11      ","35","27","32","61","GR","9","381","GR","8","439","GR","8","529","GR","8","549","GR","9","379","GR","8","438","GR","8","383"
"4205","348ESep1809","BRIGADE 12      ","35","27","32","61","GR","8","314","GR","8","384","GR","8","250","GR","8","550","GR","8","250","Fu","7","581","Rm","7","435"
"4206","348ESep1809","BRIGADE 13      ","35","27","32","61","Fu","7","672","Fu","7","239","Fu","7","581","Fu","7","539","Fu","8","587","La","7","713","La","7","707"
"4207","348ESep1809","MARINE-BRIG 2   ","78","96","32","0","Kt","6","368","Kt","6","348","Kt","6","379","Kt","6","348","Kt","6","371","Kt","6","371","Kt","6","330"
"4213","348ESep1809","                ","35","27","32","61","--","","","GR","7","694","--","","","GR","8","550","--","","","Rm","7","710","GR","8","250"
"4229","348ESep1809","                ","35","27","32","61","GR","8","384","--","","","--","","","GR","7","334","GR","7","335","Rm","7","705","GR","8","314"
"4231","348ESep1809","                ","38","21","32","63","Mu","4","650","Mu","4","650","Mu","4","650","Mu","4","650","Mu","4","650","--","","","--","",""
"4245","348ESep1809","                ","35","27","32","61","GR","7","614","GR","7","334","GR","8","530","GR","7","335","--","","","Rm","7","710","--","",""
"4261","348ESep1809","                ","35","27","32","61","GR","8","314","--","","","GR","7","693","--","","","GR","7","696","Rm","7","434","--","",""
"4277","348ESep1809","                ","35","27","32","61","GR","8","251","GR","8","549","GR","8","530","GR","8","530","GR","8","314","Rm","8","430","--","",""
"4293","348ESep1809","                ","35","27","32","61","GR","8","182","GR","8","333","GR","8","333","GR","8","182","GR","8","502","Rm","7","507","--","",""
"4307","348ESep1809","                ","35","27","32","61","GR","8","333","GR","8","501","GR","8","254","GR","8","503","GR","8","254","Rm","7","500","--","",""
"4319","348ESep1809","                ","35","27","32","61","GR","8","335","GR","8","254","GR","8","502","GR","8","182","GR","8","253","Rm","7","507","--","",""
"4329","348ESep1809","                ","35","27","32","61","GR","6","415","GR","6","362","GR","7","445","--","","","GR","6","157","--","","","--","",""
"4345","348ESep1809","                ","35","27","32","61","GR","7","55","GR","6","90","GR","7","182","--","","","GR","6","90","--","","","--","",""
"4359","348ESep1809","                ","35","27","32","61","GR","7","447","--","","","GR","6","416","GR","6","197","GR","6","157","--","","","--","",""
"4374","348ESep1809","                ","35","27","32","61","GR","6","157","GR","7","445","GR","6","362","GR","6","140","GR","6","362","--","","","--","",""
"4389","348ESep1809","                ","35","27","32","61","GR","6","140","--","","","GR","7","447","GR","6","362","GR","6","347","--","","","--","",""
"4401","348ESep1809","                ","35","27","32","61","GR","6","349","GR","6","347","GR","6","349","GR","6","353","GR","6","348","--","","","--","",""
"4412","348ESep1809","                ","35","27","32","61","GR","6","230","GR","6","347","GR","6","347","GR","6","345","GR","6","230","--","","","--","",""
"4415","348ESep1809","                ","35","27","32","61","GR","6","711","GR","6","720","GR","6","720","GR","6","720","GR","6","720","--","","","--","",""
"4419","348ESep1809","                ","35","27","32","62","GR","7","358","GR","8","359","GR","8","360","GR","8","360","GR","8","360","--","","","--","",""
"4424","348ESep1809","                ","35","27","32","61","GR","6","675","GR","6","675","GR","6","675","GR","6","675","La","6","659","--","","","--","",""
"4535","348ESep1809","                ","35","27","32","61","GR","6","704","GR","6","704","GR","6","704","GR","6","704","La","6","624","--","","","--","",""
"4558","348ESep1809","                ","38","21","32","63","Mu","4","650","Mu","4","650","Mu","4","650","Mu","4","650","Mu","4","650","--","","","--","",""
"4575","348ESep1809","                ","35","27","32","62","Rm","7","280","Rm","7","271","Rm","7","377","Rm","7","378","Rm","7","271","--","","","--","",""
"4581","348ESep1809","                ","35","27","32","62","Rm","7","379","Rm","7","378","Rm","7","373","Rm","7","280","Rm","7","271","--","","","--","",""
"4585","348ESep1809","                ","35","27","32","62","Rm","7","279","Rm","7","271","Rm","7","378","Rm","7","378","Rm","7","279","--","","","--","",""
"4603","348ESep1809","                ","35","27","32","62","GR","1","0","GR","8","414","GR","9","307","GR","8","148","GR","8","372","--","","","--","",""
"4617","348ESep1809","                ","35","27","32","62","GR","1","0","GR","8","190","GR","8","372","--","","","GR","8","148","--","","","--","",""
"4630","348ESep1809","                ","35","27","32","62","GR","8","372","--","","","GR","8","372","GR","8","68","GR","8","118","--","","","--","",""
"4640","348ESep1809","                ","35","27","32","62","GR","8","147","GR","8","372","GR","8","68","GR","1","0","--","","","--","","","--","",""
"4647","348ESep1809","                ","35","27","32","62","GR","8","105","GR","8","372","--","","","GR","8","282","GR","8","284","--","","","--","",""
"4652","348ESep1809","                ","35","27","32","62","GR","8","282","GR","8","285","GR","8","283","GR","8","280","GR","8","283","--","","","--","",""
"4725","348ESep1809","                ","38","21","32","63","Mu","4","650","Mu","4","650","Mu","5","650","Mu","4","650","Mu","4","650","--","","","--","",""
"4778","348ESep1809","                ","35","27","32","62","Mu","6","334","Mu","6","329","Mu","6","330","Mu","6","329","Mu","6","331","--","","","--","",""
"4791","348ESep1809","                ","35","27","32","62","Mu","5","329","Mu","5","327","Mu","5","329","Mu","5","326","Mu","5","324","--","","","--","",""
"4803","348ESep1809","                ","36","23","32","64","Mu","4","537","Mu","4","533","Mu","4","535","Mu","4","533","Mu","4","535","--","","","--","",""
"4814","348ESep1809","                ","36","23","32","64","Mu","4","537","Mu","4","533","Mu","4","533","Mu","4","535","Mu","4","537","--","","","--","",""
"4817","348ESep1809","                ","35","27","32","61","GR","7","138","GR","7","138","GR","7","138","GR","7","492","GR","7","492","--","","","--","",""
"4823","348ESep1809","                ","36","23","32","64","Mu","4","540","Mu","5","537","Mu","4","536","Mu","4","537","Mu","4","538","--","","","--","",""
"4829","348ESep1809","                ","36","23","32","64","Mu","4","537","Mu","4","536","Mu","5","533","Mu","4","535","Mu","4","536","--","","","--","",""
"4910","348ESep1809","                ","36","23","32","64","Mu","6","541","Mu","5","543","Mu","5","540","Mu","5","540","Mu","5","540","--","","","--","",""
"4923","348ESep1809","                ","36","23","32","64","Mu","5","544","Mu","5","542","Mu","5","544","Mu","5","543","Mu","5","539","--","","","--","",""
"4934","348ESep1809","                ","36","23","32","64","Mu","5","543","Mu","5","544","Mu","6","542","Mu","5","542","Mu","5","540","--","","","--","",""
"4938","348ESep1809","                ","35","27","32","61","GR","6","712","GR","6","712","GR","6","712","GR","6","712","La","6","624","--","","","--","",""
"4945","348ESep1809","                ","36","23","32","64","Mu","5","541","Mu","5","543","Mu","6","543","Mu","5","540","Mu","5","540","--","","","--","",""
"4954","348ESep1809","                ","36","23","32","64","Mu","5","542","Mu","5","544","Mu","5","540","Mu","5","544","Mu","5","539","--","","","--","",""
"5035","348ESep1809","                ","38","21","32","63","Mu","4","650","Mu","4","650","Mu","4","650","Mu","4","650","Mu","5","650","--","","","--","",""
"5045","348ESep1809","                ","38","21","32","63","Mu","4","650","Mu","4","650","Mu","4","650","Mu","4","650","Mu","4","650","--","","","--","",""
"5055","348ESep1809","                ","38","21","32","63","Mu","4","650","Mu","4","650","Mu","4","650","Mu","4","650","Mu","4","650","--","","","--","",""
"5063","348ESep1809","                ","38","21","32","63","Mu","4","650","Mu","4","650","Mu","4","650","Mu","4","650","Mu","4","650","--","","","--","",""
"5068","348ESep1809","                ","38","21","32","63","Mu","4","650","Mu","4","650","Mu","4","650","Mu","4","650","Mu","4","650","--","","","--","",""
"5071","348ESep1809","                ","38","21","32","63","Mu","4","650","Mu","4","650","Mu","4","650","Mu","4","650","Mu","4","650","--","","","--","",""
"5074","348ESep1809","                ","38","21","32","63","Mu","4","650","Mu","4","650","Mu","4","650","Mu","4","650","Mu","5","650","--","","","--","",""
"5103","348ESep1809","                ","35","27","32","61","GR","7","492","GR","7","492","GR","7","614","GR","7","614","GR","7","614","--","","","--","",""
"5111","348ESep1809","                ","35","27","32","61","GR","7","614","GR","7","563","GR","7","563","GR","7","563","GR","7","563","--","","","--","",""
"5118","348ESep1809","                ","35","27","32","61","GR","7","234","GR","7","234","GR","7","234","GR","7","234","GR","7","665","--","","","--","",""
"5124","348ESep1809","                ","35","27","32","61","GR","7","665","GR","7","665","GR","7","665","GR","7","436","GR","7","436","--","","","--","",""
"5129","348ESep1809","                ","35","27","32","61","GR","7","436","GR","7","436","GR","7","620","GR","7","620","GR","7","620","--","","","--","",""
"5137","348ESep1809","                ","35","27","32","61","GR","6","631","GR","6","631","GR","6","631","GR","6","631","La","6","624","--","","","--","",""
"5142","348ESep1809","                ","35","27","32","61","GR","6","708","GR","6","708","GR","6","708","GR","6","708","La","6","720","--","","","--","",""
"5147","348ESep1809","                ","35","27","32","61","GR","6","682","GR","6","682","GR","6","682","GR","6","682","La","6","662","--","","","--","",""
"5151","348ESep1809","                ","35","27","32","61","GR","6","720","GR","6","720","GR","6","720","GR","6","720","La","6","662","--","","","--","",""
